# 3ds Max Wavefront OBJ Exporter v0.97b - (c)2007 guruware
# File Created: 07.05.2017 22:04:57

#
# object LOW
#

v  -18.519248962402 11.264612197876 9.114567756653
v  -9.857818603516 12.512573242188 9.857817649841
v  -10.703485488892 13.032056808472 -0.000002057878
v  -20.107948303223 11.394476890564 0.000000185360
v  -15.749708175659 10.755754470825 15.749711036682
v  -9.114566802979 11.264620780945 18.519247055054
v  0.000000077568 13.032066345215 10.703484535217
v  0.000000178814 11.394495964050 20.107948303223
v  -9.857818603516 12.512554168701 -9.857821464539
v  -0.000000298525 13.032047271729 -10.703488349915
v  -0.000000834465 11.394457817078 -20.107952117920
v  -9.114568710327 11.264585494995 -18.519250869751
v  -18.519248962402 11.264595031738 -9.114569664001
v  -15.749710083008 10.755723953247 -15.749711036682
v  0.000000000000 13.811296463013 -0.000003311592
v  9.857818603516 12.512573242188 9.857816696167
v  9.114566802979 11.264620780945 18.519247055054
v  18.519248962402 11.264612197876 9.114566802979
v  15.749708175659 10.755754470825 15.749711036682
v  20.107948303223 11.394476890564 -0.000001245152
v  10.703485488892 13.032056808472 -0.000002791913
v  9.857818603516 12.512554168701 -9.857821464539
v  18.519248962402 11.264595031738 -9.114571571350
v  15.749710083008 10.755723953247 -15.749711036682
v  9.114566802979 11.264585494995 -18.519250869751
v  24.787900924683 9.598685264587 -10.267484664917
v  26.914363861084 9.598695755005 0.000000400692
v  29.618162155151 8.678241729736 0.000001282010
v  27.274263381958 8.679639816284 -11.297369003296
v  19.031330108643 9.598677635193 -19.031330108643
v  20.943202972412 8.678222656250 -20.943201065063
v  10.267483711243 9.598671913147 -24.787900924683
v  11.297368049622 8.679625511169 -27.274259567261
v  -0.000000909769 9.598670005798 -26.914367675781
v  -0.000001048373 8.678215026855 -29.618158340454
v  -10.267484664917 9.598671913147 -24.787902832031
v  -11.297369003296 8.679625511169 -27.274259567261
v  -19.031330108643 9.598677635193 -19.031330108643
v  -20.943202972412 8.678222656250 -20.943201065063
v  -24.787900924683 9.598685264587 -10.267482757568
v  -27.274263381958 8.679639816284 -11.297367095947
v  -26.914363861084 9.598695755005 0.000002614568
v  -29.618162155151 8.678241729736 0.000003579498
v  -24.787899017334 9.598705291748 10.267488479614
v  -27.274261474609 8.679661750793 11.297374725342
v  -19.031328201294 9.598713874817 19.031333923340
v  -20.943202972412 8.678261756897 20.943210601807
v  -10.267482757568 9.598718643188 24.787902832031
v  -11.297368049622 8.679676055908 27.274269104004
v  0.000000191328 9.598720550537 26.914367675781
v  0.000000331496 8.678270339966 29.618165969849
v  10.267482757568 9.598718643188 24.787900924683
v  11.297369003296 8.679676055908 27.274269104004
v  19.031328201294 9.598713874817 19.031333923340
v  20.943201065063 8.678261756897 20.943208694458
v  24.787899017334 9.598705291748 10.267486572266
v  27.274261474609 8.679661750793 11.297372817993
v  -10.600256919861 12.178285598755 0.004207718186
v  -9.766660690308 11.662290573120 9.766660690308
v  -18.347415924072 10.426448822021 9.027634620667
v  -19.923439025879 10.554503440857 0.001048380160
v  -15.604310989380 9.919303894043 15.612562179565
v  -9.031026840210 10.425624847412 18.349813461304
v  -0.004208883736 12.178295135498 10.600256919861
v  -0.002934000921 10.554527282715 19.923440933228
v  0.002933337819 10.554489135742 -19.923440933228
v  0.004208655097 12.178275108337 -10.600258827209
v  -9.766636848450 11.662276268005 -9.766638755798
v  -9.030412673950 10.425237655640 -18.351879119873
v  -18.354280471802 10.424437522888 -9.033810615540
v  -15.617819786072 9.917531967163 -15.609569549561
v  -0.000000000807 12.951296806335 -0.000002489818
v  9.766636848450 11.662295341492 9.766635894775
v  9.030410766602 10.425271987915 18.351879119873
v  18.354280471802 10.424454689026 9.033811569214
v  15.617817878723 9.917562484741 15.609571456909
v  19.923439025879 10.554503440857 -0.001047846861
v  10.600256919861 12.178285598755 -0.004210937768
v  9.766660690308 11.662271499634 -9.766662597656
v  18.347417831421 10.426431655884 -9.027634620667
v  15.604312896729 9.919273376465 -15.612560272217
v  9.031026840210 10.425590515137 -18.349813461304
v  29.341012954712 7.864124298096 0.000002027286
v  26.662889480591 8.776284217834 0.000495235610
v  24.555143356323 8.776340484619 -10.171711921692
v  27.017490386963 7.865788459778 -11.191009521484
v  18.853590011597 8.775629043579 -18.856403350830
v  20.747228622437 7.864105224609 -20.747226715088
v  10.171740531921 8.776946067810 -24.552955627441
v  11.191009521484 7.865773200989 -27.017486572266
v  0.000493149622 8.776258468628 -26.662895202637
v  -0.000001067141 7.864098548889 -29.341009140015
v  -10.171712875366 8.776327133179 -24.555147171021
v  -11.191010475159 7.865773200989 -27.017486572266
v  -18.856401443481 8.775629043579 -18.853591918945
v  -20.747228622437 7.864105224609 -20.747226715088
v  -27.017490386963 7.865787506104 -11.191007614136
v  -24.552953720093 8.776960372925 -10.171738624573
v  -26.662889480591 8.776284217834 -0.000490693608
v  -29.341012954712 7.864124298096 0.000004348120
v  -24.555141448975 8.776359558105 10.171717643738
v  -27.017488479614 7.865809440613 11.191017150879
v  -18.853588104248 8.775665283203 18.856403350830
v  -20.747228622437 7.864143371582 20.747236251831
v  -10.171739578247 8.776992797852 24.552953720093
v  -11.191009521484 7.865823745728 27.017496109009
v  -0.000493911561 8.776309013367 26.662891387939
v  0.000000301283 7.864151954651 29.341016769409
v  10.171710968018 8.776372909546 24.555141448975
v  11.191010475159 7.865822792053 27.017496109009
v  18.856399536133 8.775665283203 18.853591918945
v  20.747226715088 7.864144325256 20.747234344482
v  24.552951812744 8.776979446411 10.171744346619
v  27.017488479614 7.865809440613 11.191015243530
v  -5.451610088348 9.847623825073 -27.257314682007
v  -0.000000000757 9.881274223328 -27.723487854004
v  -0.000000000018 8.551375389099 -31.643899917603
v  -6.159400939941 8.551280975342 -31.006504058838
v  -12.091366767883 8.551127433777 -29.187595367432
v  -10.692636489868 9.849267005920 -25.644804000854
v  -17.571691513062 8.551048278809 -26.280235290527
v  -22.376701354980 8.551054954529 -22.376701354980
v  -19.679058074951 9.853034973145 -19.679061889648
v  -15.493619918823 9.852402687073 -23.085363388062
v  -1.217340946198 11.392277717590 -22.352783203125
v  -1.186629295349 12.159505844116 -19.006452560425
v  -0.000000000378 12.186076164246 -19.020200729370
v  0.000000000757 11.427656173706 -22.339120864868
v  -2.831828594208 12.470955848694 -17.067148208618
v  0.000000000000 12.531749725342 -17.165048599243
v  1.638775944710 12.831325531006 -15.284335136414
v  2.831828594208 12.470955848694 -17.067148208618
v  -0.004600834101 12.832545280457 -15.277403831482
v  -1.633335471153 10.732241630554 -24.751447677612
v  0.000000000379 10.765888214111 -24.806177139282
v  5.451610088348 9.847623825073 -27.257314682007
v  6.159400939941 8.551280975342 -31.006504058838
v  10.692636489868 9.849267005920 -25.644804000854
v  12.091366767883 8.551127433777 -29.187595367432
v  17.571691513062 8.551048278809 -26.280235290527
v  15.493619918823 9.852402687073 -23.085363388062
v  19.679058074951 9.853034973145 -19.679058074951
v  22.376701354980 8.551054954529 -22.376699447632
v  1.217340946198 11.392277717590 -22.352783203125
v  1.186629295349 12.159505844116 -19.006452560425
v  1.633335471153 10.732241630554 -24.751447677612
v  -0.000210923507 13.173006057739 -13.244381904602
v  -1.638775944710 12.831325531006 -15.284332275391
v  0.000000000022 6.816206932068 -31.055347442627
v  0.000000000951 8.137374877930 -27.161315917969
v  -5.344354629517 8.109476089478 -26.687614440918
v  -6.042692184448 6.816425323486 -30.428686141968
v  -10.465705871582 8.114986419678 -25.098913192749
v  -11.865568161011 6.816820621490 -28.641321182251
v  -19.260536193848 8.118994712830 -19.260536193848
v  -21.958177566528 6.817013740540 -21.958179473877
v  -17.244922637939 6.817047595978 -25.786590576172
v  -15.166187286377 8.118450164795 -22.591991424561
v  0.000000000476 10.391716957092 -18.649394989014
v  -1.141874790192 10.363833427429 -18.645048141479
v  -1.170631527901 9.615677833557 -21.907180786133
v  -0.000000000951 9.649602890015 -21.896682739258
v  -2.782298088074 10.669825553894 -16.734567642212
v  0.000000000000 10.728325843811 -16.841188430786
v  2.782298088074 10.669825553894 -16.734567642212
v  1.616980195045 11.025774955750 -14.973296165466
v  -0.004600834101 11.024243354797 -14.981994628906
v  -0.000000000475 9.004237174988 -24.302381515503
v  -1.579992175102 8.973495483398 -24.240549087524
v  6.042692184448 6.816425323486 -30.428686141968
v  5.344354629517 8.109476089478 -26.687614440918
v  10.465705871582 8.114986419678 -25.098913192749
v  11.865568161011 6.816820621490 -28.641321182251
v  19.260536193848 8.118994712830 -19.260534286499
v  15.166187286377 8.118450164795 -22.591991424561
v  17.244922637939 6.817047595978 -25.786590576172
v  21.958177566528 6.817013740540 -21.958175659180
v  1.170631527901 9.615677833557 -21.907180786133
v  1.141874790192 10.363833427429 -18.645048141479
v  1.579992175102 8.973495483398 -24.240549087524
v  -0.000210212078 11.365898132324 -12.941760063171
v  -1.616980195045 11.025774002075 -14.973299980164
v  0.000000000000 6.878178596497 -31.180952072144
v  -6.066219329834 6.878338813782 -30.552103042603
v  -6.170478820801 8.425642967224 -31.067420959473
v  0.000000000000 8.425765991211 -31.705881118774
v  -10.443519592285 8.240681648254 -25.041234970093
v  -5.332933902740 8.235292434692 -26.626224517822
v  -5.428426265717 9.785531997681 -27.134370803833
v  -10.645942687988 9.787472724915 -25.528099060059
v  -11.912224769592 6.878616333008 -28.758033752441
v  -12.113589286804 8.425430297852 -29.245264053345
v  -19.216876983643 8.244714736938 -19.216876983643
v  -15.132766723633 8.244180679321 -22.540098190308
v  -15.424815177917 9.790679931641 -22.980125427246
v  -19.590156555176 9.791292190552 -19.590158462524
v  -17.313705444336 6.878773689270 -25.891834259033
v  -22.047080993652 6.878756523132 -22.047079086304
v  -22.420356750488 8.425333976746 -22.420358657837
v  -17.605134963989 8.425313949585 -26.332122802734
v  -1.272152543068 9.708841323853 -21.932167053223
v  -1.243305444717 10.458489418030 -18.664163589478
v  -1.283220529556 12.060214996338 -18.985811233521
v  -1.313809990883 11.293369293213 -22.329795837402
v  -2.883923292160 10.765100479126 -16.748773574829
v  -2.928110599518 12.371475219727 -17.045728683472
v  1.717198610306 11.123456954956 -14.989628791809
v  2.883923292160 10.765100479126 -16.748773574829
v  2.928110599518 12.371475219727 -17.045728683472
v  1.736638545990 12.733663558960 -15.267889022827
v  -1.681823849678 9.066631317139 -24.264324188232
v  -1.729416370392 10.635142326355 -24.720485687256
v  6.066219329834 6.878338813782 -30.552103042603
v  6.170478820801 8.425642967224 -31.067420959473
v  11.912224769592 6.878616333008 -28.758033752441
v  12.113589286804 8.425430297852 -29.245264053345
v  5.332933902740 8.235292434692 -26.626224517822
v  10.443519592285 8.240681648254 -25.041234970093
v  10.645942687988 9.787472724915 -25.528099060059
v  5.428426265717 9.785531997681 -27.134370803833
v  22.047080993652 6.878756523132 -22.047079086304
v  17.313705444336 6.878773689270 -25.891834259033
v  17.605134963989 8.425313949585 -26.332122802734
v  22.420356750488 8.425333976746 -22.420354843140
v  15.132766723633 8.244180679321 -22.540098190308
v  19.216876983643 8.244714736938 -19.216875076294
v  19.590158462524 9.791292190552 -19.590156555176
v  15.424815177917 9.790679931641 -22.980125427246
v  1.243305444717 10.458489418030 -18.664163589478
v  1.272152543068 9.708841323853 -21.932167053223
v  1.313809990883 11.293369293213 -22.329795837402
v  1.283220529556 12.060214996338 -18.985811233521
v  1.681823849678 9.066631317139 -24.264324188232
v  1.729416370392 10.635142326355 -24.720485687256
v  0.000000000000 11.479936599731 -12.860436439514
v  0.000000000000 13.091683387756 -13.130342483521
v  -1.717198610306 11.123456954956 -14.989628791809
v  -1.736638545990 12.733663558960 -15.267889022827
v  -27.257314682007 9.847644805908 -5.451611995697
v  -31.006509780884 8.551303863525 -6.159405231476
v  -31.643903732300 8.551404953003 -0.000001997988
v  -27.723489761353 9.881300926208 -0.000002321739
v  -25.644805908203 9.849281311035 -10.692639350891
v  -29.187599182129 8.551143646240 -12.091368675232
v  -26.280237197876 8.551055908203 -17.571693420410
v  -23.085363388062 9.852410316467 -15.493622779846
v  -22.352781295776 11.392297744751 -1.217345237732
v  -22.339120864868 11.427677154541 -0.000004741014
v  -19.020198822021 12.186094284058 -0.000005464297
v  -19.006450653076 12.159523010254 -1.186633467674
v  -17.165046691895 12.531765937805 -0.000005793956
v  -17.067146301270 12.470969200134 -2.831832885742
v  -15.284333229065 12.831341743469 1.638771653175
v  -15.277402877808 12.832559585571 -0.004605025984
v  -17.067148208618 12.470974922180 2.831823825836
v  -24.751445770264 10.732263565063 -1.633338093758
v  -24.806177139282 10.765912055969 -0.000003165370
v  -27.257316589355 9.847655296326 5.451607227325
v  -31.006509780884 8.551316261292 6.159400463104
v  -29.187602996826 8.551166534424 12.091365814209
v  -25.644805908203 9.849301338196 10.692633628845
v  -26.280239105225 8.551089286804 17.571693420410
v  -22.376701354980 8.551097869873 22.376703262329
v  -19.679061889648 9.853073120117 19.679061889648
v  -23.085365295410 9.852439880371 15.493619918823
v  -22.352781295776 11.392300605774 1.217335820198
v  -19.006450653076 12.159524917603 1.186625361443
v  -24.751447677612 10.732267379761 1.633332610130
v  -13.244378089905 13.173019409180 -0.000215620210
v  -15.284330368042 12.831338882446 -1.638781070709
v  -31.055351257324 6.816236495972 -0.000000343202
v  -30.428688049316 6.816448211670 -6.042693614960
v  -26.687618255615 8.109496116638 -5.344355583191
v  -27.161317825317 8.137400627136 -0.000001603162
v  -25.098915100098 8.114999771118 -10.465705871582
v  -28.641323089600 6.816836833954 -11.865567207336
v  -22.591993331909 8.118456840515 -15.166188240051
v  -25.786592483521 6.817055702209 -17.244924545288
v  -18.649396896362 10.391735076904 -0.000001863991
v  -21.896682739258 9.649623870850 -0.000001156259
v  -21.907180786133 9.615697860718 -1.170634388924
v  -18.645048141479 10.363849639893 -1.141876816750
v  -16.734567642212 10.669838905334 -2.782301664352
v  -16.841186523438 10.728342056274 -0.000002185005
v  -14.981993675232 11.024257659912 -0.004602828994
v  -14.973296165466 11.025790214539 1.616977334023
v  -16.734567642212 10.669843673706 2.782295942307
v  -24.240550994873 8.973517417908 -1.579994678497
v  -24.302383422852 9.004261016846 -0.000002429864
v  -26.687620162964 8.109506607056 5.344353675842
v  -30.428689956665 6.816460132599 6.042693138123
v  -25.098917007446 8.115019798279 10.465708732605
v  -28.641323089600 6.816859245300 11.865568161011
v  -19.260538101196 8.119030952454 19.260538101196
v  -21.958181381226 6.817055702209 21.958181381226
v  -25.786594390869 6.817088603973 17.244922637939
v  -22.591995239258 8.118485450745 15.166186332703
v  -18.645048141479 10.363852500916 1.141872048378
v  -21.907180786133 9.615699768066 1.170629143715
v  -24.240549087524 8.973520278931 1.579990744591
v  -12.941759109497 11.365909576416 -0.000212007741
v  -14.973299026489 11.025787353516 -1.616983175278
v  -31.180953979492 6.878208637238 -0.000000402303
v  -31.705883026123 8.425795555115 -0.000000933661
v  -31.067424774170 8.425666809082 -6.170481204987
v  -30.552106857300 6.878362178802 -6.066219806671
v  -25.041238784790 8.240695953369 -10.443519592285
v  -25.528099060059 9.787487030029 -10.645946502686
v  -27.134370803833 9.785552978516 -5.428428173065
v  -26.626228332520 8.235312461853 -5.332934856415
v  -29.245265960693 8.425447463989 -12.113592147827
v  -28.758037567139 6.878632545471 -11.912225723267
v  -22.980125427246 9.790686607361 -15.424818992615
v  -22.540102005005 8.244188308716 -15.132770538330
v  -25.891836166382 6.878781795502 -17.313707351685
v  -26.332122802734 8.425322532654 -17.605136871338
v  -21.932168960571 9.708860397339 -1.272155165672
v  -22.329795837402 11.293388366699 -1.313813447952
v  -18.985809326172 12.060232162476 -1.283225297928
v  -18.664165496826 10.458506584167 -1.243307828903
v  -17.045728683472 12.371488571167 -2.928115129471
v  -16.748771667480 10.765113830566 -2.883925914764
v  -14.989627838135 11.123472213745 1.717195749283
v  -15.267886161804 12.733679771423 1.736635088921
v  -17.045728683472 12.371494293213 2.928106546402
v  -16.748771667480 10.765119552612 2.883920192719
v  -24.264326095581 9.066653251648 -1.681826233864
v  -24.720483779907 10.635164260864 -1.729418992996
v  -30.552106857300 6.878373622894 6.066217899323
v  -31.067424774170 8.425678253174 6.170476436615
v  -28.758035659790 6.878655433655 11.912223815918
v  -29.245269775391 8.425470352173 12.113589286804
v  -26.626228332520 8.235322952271 5.332932472229
v  -27.134370803833 9.785563468933 5.428424358368
v  -25.528099060059 9.787507057190 10.645939826965
v  -25.041236877441 8.240715026855 10.443520545959
v  -22.047080993652 6.878798484802 22.047082901001
v  -22.420360565186 8.425376892090 22.420360565186
v  -26.332126617432 8.425355911255 17.605134963989
v  -25.891838073730 6.878814697266 17.313707351685
v  -22.540102005005 8.244216918945 15.132766723633
v  -22.980127334595 9.790716171265 15.424815177917
v  -19.590156555176 9.791329383850 19.590158462524
v  -19.216876983643 8.244751930237 19.216878890991
v  -18.664165496826 10.458508491516 1.243302822113
v  -18.985809326172 12.060235023499 1.283216595650
v  -22.329795837402 11.293391227722 1.313807964325
v  -21.932168960571 9.708863258362 1.272150635719
v  -24.264326095581 9.066656112671 1.681821942329
v  -24.720485687256 10.635167121887 1.729411005974
v  -12.860434532166 11.479948997498 -0.000003374061
v  -13.130340576172 13.091695785522 -0.000004911142
v  -15.267886161804 12.733676910400 -1.736643433571
v  -14.989627838135 11.123469352722 -1.717200994492
v  27.257312774658 9.847655296326 5.451610088348
v  31.006505966187 8.551316261292 6.159399509430
v  31.643899917603 8.551404953003 0.000000835620
v  27.723487854004 9.881300926208 -0.000000432667
v  25.644804000854 9.849301338196 10.692635536194
v  29.187595367432 8.551166534424 12.091366767883
v  26.280233383179 8.551089286804 17.571693420410
v  23.085363388062 9.852439880371 15.493619918823
v  19.679059982300 9.853073120117 19.679056167603
v  22.376701354980 8.551097869873 22.376703262329
v  22.352781295776 11.392300605774 1.217337608337
v  22.339117050171 11.427677154541 -0.000001907407
v  19.020196914673 12.186094284058 -0.000002630690
v  19.006450653076 12.159524917603 1.186627268791
v  17.165044784546 12.531765937805 -0.000002960348
v  17.067144393921 12.470974922180 2.831826210022
v  15.284331321716 12.831338882446 -1.638779759407
v  15.277400970459 12.832559585571 0.004597114865
v  17.067144393921 12.470969200134 -2.831831932068
v  24.751445770264 10.732267379761 1.633333563805
v  24.806175231934 10.765912055969 -0.000001276298
v  27.257312774658 9.847644805908 -5.451610088348
v  31.006505966187 8.551303863525 -6.159397602081
v  29.187595367432 8.551143646240 -12.091364860535
v  25.644804000854 9.849281311035 -10.692635536194
v  26.280233383179 8.551055908203 -17.571689605713
v  23.085363388062 9.852410316467 -15.493619918823
v  22.352781295776 11.392297744751 -1.217341423035
v  19.006450653076 12.159523010254 -1.186632514000
v  24.751445770264 10.732263565063 -1.633336186409
v  13.244378089905 13.173019409180 0.000207531877
v  15.284328460693 12.831341743469 1.638772606850
v  31.055349349976 6.816236495972 0.000002490406
v  30.428686141968 6.816460132599 6.042695522308
v  26.687616348267 8.109506607056 5.344356536865
v  27.161315917969 8.137400627136 0.000001230445
v  25.098915100098 8.115019798279 10.465706825256
v  28.641321182251 6.816859245300 11.865570068359
v  19.260536193848 8.119030952454 19.260538101196
v  22.591991424561 8.118485450745 15.166188240051
v  25.786590576172 6.817088603973 17.244924545288
v  21.958181381226 6.817055225372 21.958179473877
v  18.649394989014 10.391735076904 -0.000000919455
v  21.896682739258 9.649623870850 -0.000000211723
v  21.907180786133 9.615699768066 1.170630097389
v  18.645048141479 10.363852500916 1.141873002052
v  16.734565734863 10.669843673706 2.782295942307
v  16.841186523438 10.728342056274 -0.000001240469
v  14.981993675232 11.024257659912 0.004598839674
v  14.973295211792 11.025787353516 -1.616981387138
v  16.734565734863 10.669838905334 -2.782298326492
v  24.240549087524 8.973520278931 1.579992651939
v  24.302379608154 9.004261016846 0.000000403743
v  26.687616348267 8.109496116638 -5.344353675842
v  30.428686141968 6.816448211670 -6.042689800262
v  25.098915100098 8.114999771118 -10.465703010559
v  28.641321182251 6.816836833954 -11.865564346313
v  25.786590576172 6.817055702209 -17.244920730591
v  22.591991424561 8.118456840515 -15.166184425354
v  18.645048141479 10.363849639893 -1.141874909401
v  21.907180786133 9.615697860718 -1.170630574226
v  24.240549087524 8.973517417908 -1.579991936684
v  12.941758155823 11.365909576416 0.000207838471
v  14.973299026489 11.025790214539 1.616978287697
v  31.180952072144 6.878208637238 0.000002431304
v  31.705883026123 8.425795555115 0.000000955410
v  31.067420959473 8.425678253174 6.170479297638
v  30.552104949951 6.878373622894 6.066220760345
v  25.041236877441 8.240715026855 10.443521499634
v  25.528097152710 9.787507057190 10.645941734314
v  27.134370803833 9.785563468933 5.428426265717
v  26.626224517822 8.235322952271 5.332934379578
v  29.245264053345 8.425470352173 12.113590240479
v  28.758035659790 6.878655433655 11.912225723267
v  19.216876983643 8.244751930237 19.216878890991
v  19.590156555176 9.791329383850 19.590156555176
v  22.980123519897 9.790716171265 15.424814224243
v  22.540098190308 8.244216918945 15.132765769958
v  25.891832351685 6.878814697266 17.313707351685
v  26.332122802734 8.425355911255 17.605134963989
v  22.420360565186 8.425376892090 22.420358657837
v  22.047080993652 6.878798484802 22.047082901001
v  21.932167053223 9.708863258362 1.272151589394
v  22.329795837402 11.293391227722 1.313808917999
v  18.985809326172 12.060235023499 1.283218502998
v  18.664161682129 10.458508491516 1.243303775787
v  17.045726776123 12.371494293213 2.928107500076
v  16.748769760132 10.765119552612 2.883921146393
v  14.989627838135 11.123469352722 -1.717200040817
v  15.267886161804 12.733676910400 -1.736642479897
v  17.045726776123 12.371488571167 -2.928113222122
v  16.748769760132 10.765113830566 -2.883924007416
v  24.264322280884 9.066656112671 1.681824803352
v  24.720481872559 10.635167121887 1.729413747787
v  30.552104949951 6.878362178802 -6.066215991974
v  31.067420959473 8.425666809082 -6.170477390289
v  28.758035659790 6.878632545471 -11.912220001221
v  29.245264053345 8.425447463989 -12.113588333130
v  26.626224517822 8.235312461853 -5.332931518555
v  27.134370803833 9.785552978516 -5.428426265717
v  25.528097152710 9.787487030029 -10.645941734314
v  25.041236877441 8.240695953369 -10.443519592285
v  26.332122802734 8.425322532654 -17.605131149292
v  25.891832351685 6.878781795502 -17.313703536987
v  22.540098190308 8.244188308716 -15.132763862610
v  22.980123519897 9.790686607361 -15.424814224243
v  18.664161682129 10.458506584167 -1.243305921555
v  18.985809326172 12.060232162476 -1.283223509789
v  22.329795837402 11.293388366699 -1.313812494278
v  21.932167053223 9.708860397339 -1.272152304649
v  24.264322280884 9.066653251648 -1.681824326515
v  24.720481872559 10.635164260864 -1.729416131973
v  12.860433578491 11.479948997498 -0.000001957257
v  13.130339622498 13.091695785522 -0.000003494338
v  15.267886161804 12.733679771423 1.736636042595
v  14.989627838135 11.123472213745 1.717196702957
v  5.451612472534 9.847676277161 27.257314682007
v  0.000001889072 9.881326675415 27.723489761353
v  0.000002833608 8.551435470581 31.643903732300
v  6.159407138824 8.551340103149 31.006509780884
v  12.091368675232 8.551183700562 29.187599182129
v  10.692639350891 9.849315643311 25.644804000854
v  17.571695327759 8.551097869873 26.280235290527
v  15.493622779846 9.852446556091 23.085363388062
v  1.217343330383 11.392320632935 22.352779388428
v  1.186630845070 12.159542083740 19.006448745728
v  0.000002833608 12.186112403870 19.020196914673
v  0.000002833608 11.427698135376 22.339118957520
v  2.831829071045 12.470988273621 17.067142486572
v  0.000002833608 12.531782150269 17.165044784546
v  -1.638774991035 12.831355094910 15.284329414368
v  -2.831826686859 12.470988273621 17.067146301270
v  0.004601778928 12.832574844360 15.277399063110
v  1.633334875107 10.732289314270 24.751443862915
v  0.000002833608 10.765935897827 24.806177139282
v  -5.451607227325 9.847676277161 27.257314682007
v  -6.159399509430 8.551340103149 31.006509780884
v  -10.692635536194 9.849315643311 25.644804000854
v  -12.091363906860 8.551183700562 29.187604904175
v  -17.571691513062 8.551097869873 26.280239105225
v  -15.493620872498 9.852446556091 23.085365295410
v  -1.217337727547 11.392320632935 22.352779388428
v  -1.186627984047 12.159542083740 19.006448745728
v  -1.633332967758 10.732289314270 24.751443862915
v  0.000212520579 13.173030853271 13.244373321533
v  1.638777732849 12.831355094910 15.284327507019
v  0.000002833608 6.816266059875 31.055351257324
v  0.000001889072 8.137426376343 27.161317825317
v  5.344357013702 8.109526634216 26.687618255615
v  6.042695522308 6.816483497620 30.428689956665
v  10.465707778931 8.115034103394 25.098918914795
v  11.865569114685 6.816875457764 28.641323089600
v  17.244928359985 6.817096710205 25.786594390869
v  15.166190147400 8.118493080139 22.591993331909
v  0.000000944536 10.391752243042 18.649396896362
v  1.141875863075 10.363868713379 18.645048141479
v  1.170633196831 9.615719795227 21.907180786133
v  0.000000944536 9.649644851685 21.896680831909
v  2.782300472260 10.669857025146 16.734565734863
v  0.000000944536 10.728357315063 16.841182708740
v  -2.782297134399 10.669857025146 16.734565734863
v  -1.616979360580 11.025803565979 14.973294258118
v  0.004601778928 11.024271965027 14.981991767883
v  0.000002833608 9.004283905029 24.302383422852
v  1.579995036125 8.973542213440 24.240550994873
v  -6.042690277100 6.816483497620 30.428689956665
v  -5.344352245331 8.109526634216 26.687620162964
v  -10.465707778931 8.115034103394 25.098918914795
v  -11.865566253662 6.816875457764 28.641323089600
v  -15.166183471680 8.118493080139 22.591997146606
v  -17.244918823242 6.817096710205 25.786596298218
v  -1.170628547668 9.615719795227 21.907180786133
v  -1.141873002052 10.363868713379 18.645048141479
v  -1.579990386963 8.973542213440 24.240549087524
v  0.000209686972 11.365922927856 12.941756248474
v  1.616981148720 11.025802612305 14.973298072815
v  0.000001889072 6.878238201141 31.180953979492
v  6.066220283508 6.878396987915 30.552106857300
v  6.170482158661 8.425702095032 31.067426681519
v  0.000001889072 8.425826072693 31.705881118774
v  10.443520545959 8.240729331970 25.041238784790
v  5.332936286926 8.235342979431 26.626230239868
v  5.428428173065 9.785584449768 27.134366989136
v  10.645945549011 9.787521362305 25.528097152710
v  11.912229537964 6.878671646118 28.758039474487
v  12.113593101501 8.425486564636 29.245265960693
v  15.132769584656 8.244223594666 22.540102005005
v  15.424818038940 9.790723800659 22.980123519897
v  17.313709259033 6.878822803497 25.891838073730
v  17.605136871338 8.425364494324 26.332124710083
v  1.272153854370 9.708883285522 21.932167053223
v  1.243305802345 10.458525657654 18.664165496826
v  1.283222794533 12.060251235962 18.985807418823
v  1.313811659813 11.293411254883 22.329793930054
v  2.883924484253 10.765132904053 16.748767852783
v  2.928112268448 12.371507644653 17.045726776123
v  -1.717196941376 11.123485565186 14.989626884460
v  -2.883922100067 10.765132904053 16.748769760132
v  -2.928108930588 12.371507644653 17.045726776123
v  -1.736637830734 12.733693122864 15.267882347107
v  1.681827425957 9.066678047180 24.264326095581
v  1.729417800903 10.635189056396 24.720481872559
v  -6.066215515137 6.878396987915 30.552108764648
v  -6.170475482941 8.425702095032 31.067426681519
v  -11.912220954895 6.878671646118 28.758037567139
v  -12.113587379456 8.425486564636 29.245271682739
v  -5.332930088043 8.235342979431 26.626230239868
v  -10.443520545959 8.240729331970 25.041238784790
v  -10.645940780640 9.787521362305 25.528099060059
v  -5.428424358368 9.785584449768 27.134366989136
v  -17.313707351685 6.878822803497 25.891839981079
v  -17.605131149292 8.425364494324 26.332126617432
v  -15.132764816284 8.244223594666 22.540103912354
v  -15.424815177917 9.790723800659 22.980127334595
v  -1.243303894997 10.458525657654 18.664165496826
v  -1.272150993347 9.708883285522 21.932168960571
v  -1.313810706139 11.293411254883 22.329793930054
v  -1.283219099045 12.060251235962 18.985807418823
v  -1.681821703911 9.066678047180 24.264326095581
v  -1.729412198067 10.635189056396 24.720481872559
v  0.000000944536 11.479961395264 12.860431671143
v  0.000000944536 13.091708183289 13.130336761475
v  1.717199325562 11.123485565186 14.989625930786
v  1.736640214920 12.733693122864 15.267881393433
v  -0.947425186634 15.870994567871 0.000107327840
v  -3.160363197327 14.954828262329 0.000370276131
v  -2.259476661682 14.911251068115 2.258931159973
v  0.000374395109 14.954832077026 3.160359382629
v  0.000112157286 15.870996475220 0.947420358658
v  -3.228602170944 14.468429565430 -3.229308605194
v  -3.824220657349 14.409023284912 -3.824649095535
v  -5.368987083435 14.485990524292 0.000297543360
v  -4.519222259521 14.530727386475 0.000482531614
v  3.228602170944 14.468435287476 3.229301214218
v  3.824220657349 14.409030914307 3.824641466141
v  5.368987083435 14.485990524292 -0.000305079098
v  4.519222259521 14.530727386475 -0.000490153499
v  0.947424948215 15.870994567871 -0.000117193791
v  3.160363197327 14.954828262329 -0.000378669560
v  2.259476661682 14.911245346069 -2.258940219879
v  -0.000374430325 14.954824447632 -3.160367727280
v  -0.000112328293 15.870992660522 -0.947429955006
v  -3.824645042419 14.409030914307 3.824217319489
v  -3.229304790497 14.468435287476 3.228599071503
v  -2.258935689926 14.911245346069 -2.259481191635
v  2.258935689926 14.911251068115 2.259472131729
v  3.824645042419 14.409023284912 -3.824224710464
v  3.229304790497 14.468429565430 -3.228605985641
v  0.000301177701 14.485998153687 5.368984222412
v  0.000486241246 14.530731201172 4.519220352173
v  -0.000301231921 14.485986709595 -5.368989467621
v  -0.000486271252 14.530723571777 -4.519225120544
v  0.000000000000 13.279964447021 -0.000002593184
v  0.000000013509 13.155563354492 3.654655933380
v  -2.598092794418 13.105352401733 2.598090648651
v  -3.654658317566 13.155559539795 -0.000002385619
v  -5.326342582703 13.104446411133 -0.000002296956
v  -3.779512166977 13.028062820435 -3.779515028000
v  -2.598092794418 13.105348587036 -2.598095417023
v  5.326342582703 13.104446411133 -0.000002604307
v  3.779512166977 13.028070449829 3.779509782791
v  2.598092794418 13.105352401733 2.598090171814
v  3.654658317566 13.155559539795 -0.000002596509
v  -0.000000051992 13.155555725098 -3.654660463333
v  2.598092794418 13.105348587036 -2.598095655441
v  -3.779512166977 13.028070449829 3.779510021210
v  3.779512166977 13.028062820435 -3.779515028000
v  0.000000019689 13.104452133179 5.326340198517
v  -0.000000075774 13.104440689087 -5.326344490051
v  -3.853380918503 13.123336791992 -3.853412151337
v  -5.429379463196 13.201343536377 0.000017860211
v  -5.465764999390 14.380781173706 0.000255652238
v  -3.891538858414 14.302091598511 -3.891906023026
v  3.853380918503 13.123344421387 3.853406906128
v  5.429379463196 13.201343536377 -0.000022947170
v  5.465764999390 14.380781173706 -0.000262987334
v  3.891538858414 14.302099227905 3.891898393631
v  -3.853409290314 13.123344421387 3.853378772736
v  -3.891901969910 14.302099227905 3.891535520554
v  3.853409290314 13.123336791992 -3.853383779526
v  3.891901969910 14.302091598511 -3.891542911530
v  0.000020267129 13.201349258423 5.429377079010
v  0.000259182503 14.380786895752 5.465762138367
v  -0.000020324263 13.201337814331 -5.429381370544
v  -0.000259239605 14.380777359009 -5.465767383575
v  -2.744390726089 14.499292373657 2.743764638901
v  -3.839792728424 14.552227020264 0.000426494720
v  0.000430375774 14.552230834961 3.839789152145
v  2.743768930435 14.499292373657 2.744386196136
v  3.839792728424 14.552227020264 -0.000434320711
v  2.744390726089 14.499288558960 -2.743773460388
v  -0.000430293177 14.552223205566 -3.839797019958
v  -2.743768930435 14.499288558960 -2.744395256042
v  -2.093614339828 13.105772018433 -10.297776222229
v  -0.031858287752 12.824649810791 -12.743438720703
v  -0.027015117928 11.578220367432 -19.912300109863
v  -4.574804782867 12.676239013672 -12.914873123169
v  -5.165455818176 13.314846038818 -6.808744907379
v  -7.600990772247 12.904697418213 -9.201874732971
v  -8.658754348755 13.206903457642 -3.493454456329
v  -11.034303665161 12.835155487061 -5.896890640259
v  -14.800057411194 12.462011337280 -3.064266204834
v  -12.214377403259 12.883747100830 -0.658812820911
v  -13.018297195435 12.770402908325 -0.029841389507
v  -20.054643630981 11.541915893555 -0.024754829705
v  -0.027015117928 11.578258514404 19.912296295166
v  -0.031858287752 12.824672698975 12.743432998657
v  -2.093614339828 13.105791091919 10.297772407532
v  -4.574804782867 12.676261901855 12.914867401123
v  -5.165455818176 13.314857482910 6.808739185333
v  -7.600990772247 12.904716491699 9.201869010925
v  -8.658754348755 13.206912994385 3.493447303772
v  -11.034303665161 12.835166931152 5.896885871887
v  -14.800057411194 12.462018966675 3.064260482788
v  -12.214377403259 12.883747100830 0.658806502819
v  -13.018297195435 12.770402908325 0.029835246503
v  -20.054643630981 11.541915893555 0.024751029909
v  0.027013557032 11.578220367432 -19.912300109863
v  0.031857475638 12.824649810791 -12.743438720703
v  2.093613862991 13.105770111084 -10.297776222229
v  4.574803829193 12.676235198975 -12.914873123169
v  5.165454864502 13.314844131470 -6.808744907379
v  7.600989818573 12.904693603516 -9.201874732971
v  8.658754348755 13.206899642944 -3.493454456329
v  11.034303665161 12.835147857666 -5.896890640259
v  14.800055503845 12.462001800537 -3.064266204834
v  12.214377403259 12.883739471436 -0.658812820911
v  13.018297195435 12.770395278931 -0.029841389507
v  20.054643630981 11.541902542114 -0.024754829705
v  2.093613862991 13.105791091919 10.297772407532
v  0.031857475638 12.824672698975 12.743432998657
v  0.027013557032 11.578258514404 19.912296295166
v  4.574803829193 12.676258087158 12.914867401123
v  5.165454864502 13.314855575562 6.808739185333
v  7.600989818573 12.904712677002 9.201869010925
v  8.658754348755 13.206907272339 3.493447303772
v  11.034303665161 12.835159301758 5.896885871887
v  14.800055503845 12.462009429932 3.064260482788
v  12.214377403259 12.883739471436 0.658806502819
v  13.018297195435 12.770395278931 0.029835246503
v  20.054643630981 11.541902542114 0.024751029909
v  -0.026996696368 11.183559417725 -19.847173690796
v  -0.031816400588 12.430578231812 -12.674803733826
v  -2.076590538025 12.709753036499 -10.244118690491
v  -4.563549518585 12.280139923096 -12.860300064087
v  -5.134182929993 12.917695999146 -6.772784233093
v  -7.570587158203 12.507486343384 -9.165844917297
v  -8.616286277771 12.809740066528 -3.472043991089
v  -10.992210388184 12.437871932983 -5.877046585083
v  -12.160518646240 12.487560272217 -0.647252678871
v  -14.740437507629 12.066537857056 -3.057452917099
v  -12.954859733582 12.375467300415 -0.029702551663
v  -19.985763549805 11.147891998291 -0.024745434523
v  -2.076590538025 12.709772109985 10.244112968445
v  -0.031816400588 12.430599212646 12.674798011780
v  -0.026996696368 11.183597564697 19.847169876099
v  -4.563549518585 12.280162811279 12.860294342041
v  -7.570587158203 12.507505416870 9.165839195251
v  -5.134182929993 12.917707443237 6.772779464722
v  -10.992210388184 12.437883377075 5.877042770386
v  -8.616286277771 12.809749603271 3.472037792206
v  -14.740437507629 12.066545486450 3.057448148727
v  -12.160518646240 12.487558364868 0.647246956825
v  -19.985763549805 11.147891998291 0.024742379785
v  -12.954859733582 12.375467300415 0.029697161168
v  2.076589584351 12.709753036499 -10.244118690491
v  0.031815350056 12.430578231812 -12.674803733826
v  0.026994897053 11.183559417725 -19.847173690796
v  4.563548564911 12.280136108398 -12.860300064087
v  7.570586204529 12.507480621338 -9.165844917297
v  5.134181976318 12.917692184448 -6.772784233093
v  10.992208480835 12.437864303589 -5.877046585083
v  8.616286277771 12.809736251831 -3.472043991089
v  14.740435600281 12.066530227661 -3.057452917099
v  12.160516738892 12.487552642822 -0.647252678871
v  19.985763549805 11.147880554199 -0.024745434523
v  12.954857826233 12.375459671021 -0.029702551663
v  0.026994897053 11.183597564697 19.847169876099
v  0.031815350056 12.430599212646 12.674798011780
v  2.076589584351 12.709772109985 10.244112968445
v  4.563548564911 12.280158996582 12.860294342041
v  5.134181976318 12.917703628540 6.772779464722
v  7.570586204529 12.507499694824 9.165839195251
v  8.616286277771 12.809743881226 3.472037792206
v  10.992208480835 12.437875747681 5.877042770386
v  12.160516738892 12.487550735474 0.647246956825
v  14.740435600281 12.066537857056 3.057448148727
v  12.954857826233 12.375459671021 0.029697161168
v  19.985763549805 11.147880554199 0.024742379785
v  -0.031886309385 12.783956527710 -12.685598373413
v  -2.057321071625 13.062181472778 -10.255044937134
v  -2.044517040253 12.765165328979 -10.214835166931
v  -0.031854759902 12.488401412964 -12.634121894836
v  -4.607563018799 12.620813369751 -12.944075584412
v  -0.027119038627 11.520305633545 -19.953487396240
v  -0.027105502784 11.224309921265 -19.904640197754
v  -4.599158287048 12.323741912842 -12.903112411499
v  -5.126135826111 13.271165847778 -6.769457340240
v  -5.102676391602 12.973302841187 -6.742491722107
v  -7.632601261139 12.849082946777 -9.232164382935
v  -7.609803199768 12.551174163818 -9.205135345459
v  -8.618509292603 13.162725448608 -3.455429315567
v  -8.586664199829 12.864852905273 -3.439364671707
v  -11.063978195190 12.780027389526 -5.929759025574
v  -11.032402992249 12.482065200806 -5.914882659912
v  -12.171303749084 12.840152740479 -0.623542070389
v  -12.130962371826 12.543004989624 -0.614814341068
v  -14.828946113586 12.406648635864 -3.097240447998
v  -14.784178733826 12.110050201416 -3.092187643051
v  -12.961112022400 12.729635238647 -0.029859535396
v  -12.913535118103 12.433435440063 -0.029754746705
v  -20.095376968384 11.484041213989 -0.024913277477
v  -20.043718338013 11.188522338867 -0.024906652048
v  -2.057321071625 13.062202453613 10.255041122437
v  -0.031886309385 12.783979415894 12.685592651367
v  -0.031854759902 12.488422393799 12.634116172791
v  -2.044517040253 12.765184402466 10.214829444885
v  -0.027119038627 11.520343780518 19.953483581543
v  -4.607563018799 12.620836257935 12.944069862366
v  -4.599158287048 12.323764801025 12.903106689453
v  -0.027105502784 11.224348068237 19.904636383057
v  -7.632601261139 12.849102020264 9.232158660889
v  -7.609803199768 12.551193237305 9.205129623413
v  -5.126135826111 13.271177291870 6.769451618195
v  -5.102676391602 12.973314285278 6.742486953735
v  -11.063978195190 12.780038833618 5.929754257202
v  -11.032402992249 12.482076644897 5.914878845215
v  -8.618509292603 13.162734985352 3.455422163010
v  -8.586664199829 12.864862442017 3.439358949661
v  -14.828946113586 12.406656265259 3.097234725952
v  -14.784178733826 12.110057830811 3.092183351517
v  -12.171303749084 12.840150833130 0.623535633087
v  -12.130962371826 12.543003082275 0.614808499813
v  -20.095376968384 11.484041213989 0.024909581989
v  -20.043718338013 11.188522338867 0.024903526530
v  -12.961112022400 12.729635238647 0.029853463173
v  -12.913535118103 12.433435440063 0.029749240726
v  2.057320594788 13.062181472778 -10.255044937134
v  0.031885474920 12.783956527710 -12.685598373413
v  0.031853746623 12.488401412964 -12.634121894836
v  2.044516086578 12.765165328979 -10.214835166931
v  0.027117440477 11.520305633545 -19.953487396240
v  4.607562065125 12.620809555054 -12.944075584412
v  4.599157333374 12.323738098145 -12.903112411499
v  0.027103725821 11.224309921265 -19.904640197754
v  7.632600307465 12.849079132080 -9.232164382935
v  7.609802246094 12.551170349121 -9.205135345459
v  5.126134872437 13.271162033081 -6.769457340240
v  5.102675437927 12.973300933838 -6.742491722107
v  11.063978195190 12.780021667480 -5.929759025574
v  11.032401084900 12.482057571411 -5.914882659912
v  8.618509292603 13.162721633911 -3.455429315567
v  8.586664199829 12.864849090576 -3.439364671707
v  14.828944206238 12.406641006470 -3.097240447998
v  14.784176826477 12.110042572021 -3.092187643051
v  12.171303749084 12.840145111084 -0.623542070389
v  12.130960464478 12.542997360229 -0.614814341068
v  20.095376968384 11.484027862549 -0.024913277477
v  20.043718338013 11.188510894775 -0.024906652048
v  12.961112022400 12.729627609253 -0.029859535396
v  12.913533210754 12.433427810669 -0.029754746705
v  0.031885474920 12.783979415894 12.685592651367
v  2.057320594788 13.062200546265 10.255041122437
v  2.044516086578 12.765184402466 10.214829444885
v  0.031853746623 12.488422393799 12.634116172791
v  4.607562065125 12.620832443237 12.944069862366
v  0.027117440477 11.520343780518 19.953483581543
v  0.027103725821 11.224348068237 19.904636383057
v  4.599157333374 12.323760986328 12.903106689453
v  5.126134872437 13.271173477173 6.769451618195
v  5.102675437927 12.973310470581 6.742486953735
v  7.632600307465 12.849098205566 9.232158660889
v  7.609802246094 12.551189422607 9.205129623413
v  8.618509292603 13.162729263306 3.455422163010
v  8.586664199829 12.864856719971 3.439358949661
v  11.063978195190 12.780033111572 5.929754257202
v  11.032401084900 12.482069015503 5.914878845215
v  12.171303749084 12.840143203735 0.623535633087
v  12.130960464478 12.542995452881 0.614808499813
v  14.828944206238 12.406648635864 3.097234725952
v  14.784176826477 12.110050201416 3.092183351517
v  12.961112022400 12.729627609253 0.029853463173
v  12.913533210754 12.433427810669 0.029749240726
v  20.095376968384 11.484027862549 0.024909581989
v  20.043718338013 11.188510894775 0.024903526530
v  -20.017477035522 11.124954223633 11.010869026184
v  -20.659757614136 11.054569244385 10.193257331848
v  -22.771528244019 10.278165817261 12.171246528625
v  -22.144023895264 10.308280944824 13.246901512146
v  -22.039535522461 10.901315689087 8.463409423828
v  -22.730426788330 10.815077781677 7.684243202209
v  -24.845758438110 10.098009109497 9.249972343445
v  -24.179536819458 10.143220901489 10.288950920105
v  -26.548019409180 9.456849098206 10.674932479858
v  -25.805208206177 9.483309745789 11.959743499756
v  -24.614931106567 9.529740333557 14.022125244141
v  -23.875822067261 9.556157112122 15.300652503967
v  -15.731076240540 12.369983673096 6.800094604492
v  -18.266687393188 11.757935523987 8.392629623413
v  -17.653160095215 11.832340240479 9.064433097839
v  -15.194135665894 12.426515579224 7.405461788177
v  -17.336202621460 12.215162277222 4.716256141663
v  -20.152202606201 11.543899536133 6.145063877106
v  -19.489713668823 11.631587028503 6.785317897797
v  -16.749187469482 12.282759666443 5.294143199921
v  -10.853379249573 13.250866889954 4.014907360077
v  -13.125022888184 12.883999824524 5.335425376892
v  -12.708132743835 12.918784141541 5.986927509308
v  -10.279256820679 13.295034408569 4.955152034760
v  -11.661080360413 13.193364143372 2.512183189392
v  -14.521534919739 12.756768226624 3.484987258911
v  -13.974806785583 12.813469886780 4.062489509583
v  -11.027869224548 13.246440887451 3.439082860947
v  -8.146765708923 13.566825866699 3.393135547638
v  -7.713137626648 13.585009574890 4.341735839844
v  -5.084187984467 13.788687705994 3.977350473404
v  -5.340972900391 13.799115180969 3.001561403275
v  -8.690506935120 13.552159309387 1.853127479553
v  -8.255056381226 13.571039199829 2.802277803421
v  -5.412946701050 13.809866905212 2.405834197998
v  -5.673433780670 13.819783210754 1.430465698242
v  -2.560222864151 13.957301139832 2.115991115570
v  -2.686237335205 13.981957435608 1.166723728180
v  -2.389136791229 13.916373252869 3.663448572159
v  -2.504540920258 13.941546440125 2.713226795197
v  -23.177665710449 10.226083755493 11.732481002808
v  -21.036966323853 11.012130737305 9.727589607239
v  -21.686651229858 10.935884475708 8.948762893677
v  -23.780088424683 10.192653656006 10.734788894653
v  -25.495223999023 9.496605873108 12.497400283813
v  -24.923988342285 9.516633033752 13.486034393311
v  -16.033229827881 12.347949981689 6.281902790070
v  -16.487117767334 12.296113967896 5.834510326385
v  -19.186080932617 11.653102874756 7.303119182587
v  -18.600818634033 11.728221893311 7.894500255585
v  -13.443614959717 12.858919143677 4.827052593231
v  -12.733139038086 12.973015785217 4.414024353027
v  -13.583760261536 12.846975326538 4.593711853027
v  0.054448962212 13.985505104065 3.437425613403
v  0.054448962212 14.019539833069 2.526798725128
v  0.054448962212 14.038235664368 1.925086498260
v  0.054448962212 14.072421073914 1.016725540161
v  -22.799432754517 9.589913368225 11.868572235107
v  -20.687135696411 10.366045951843 9.890963554382
v  -19.656595230103 10.482644081116 11.164242744446
v  -21.751123428345 9.678071022034 13.367571830750
v  -24.854425430298 9.417089462280 8.930044174194
v  -22.732767105103 10.134584426880 7.363334655762
v  -21.702312469482 10.251176834106 8.636668205261
v  -23.806177139282 9.505227088928 10.429066658020
v  -25.681032180786 8.744552612305 12.354234695435
v  -26.746910095215 8.704721450806 10.511812210083
v  -23.734300613403 8.817430496216 15.718492507935
v  -24.800287246704 8.777557373047 13.876094818115
v  -17.336320877075 11.176358222961 9.252676010132
v  -18.292020797729 11.069999694824 8.088783264160
v  -15.759459495544 11.681365966797 6.497167587280
v  -14.916152000427 11.760950088501 7.618073463440
v  -19.195404052734 10.969479560852 6.988460063934
v  -20.150922775269 10.863170623779 5.824399471283
v  -17.338167190552 11.532388687134 4.398759841919
v  -16.494915008545 11.611962318420 5.519704818726
v  -14.523612022400 12.071789741516 3.172669410706
v  -13.778202056885 12.133570671082 4.318623065948
v  -13.268645286560 12.175824165344 5.101623535156
v  -12.523121833801 12.237624168396 6.247505664825
v  -5.005369186401 13.094902038574 4.257898807526
v  -7.595860958099 12.896127700806 4.622052192688
v  -8.135688781738 12.882116317749 3.080751419067
v  -5.332881450653 13.116068840027 2.685316562653
v  -8.675537109375 12.868102073669 1.539815425873
v  -5.660402774811 13.137220382690 1.112784862518
v  -10.877738952637 12.560870170593 3.711553573608
v  -11.653606414795 12.508148193359 2.201317310333
v  -10.101874351501 12.613562583923 5.222120285034
v  -2.679121017456 13.301061630249 0.845799446106
v  -2.504682779312 13.260280609131 2.393395423889
v  -2.330234766006 13.219523429871 3.941014289856
v  0.054448962212 13.296381950378 3.683531522751
v  0.054448962212 13.349855422974 2.176914215088
v  0.054448962212 13.403688430786 0.673123359680
v  -19.747711181641 10.859770774841 11.203899383545
v  -21.850625991821 10.052106857300 13.415493965149
v  -24.952203750610 9.791816711426 8.976082801819
v  -22.823852539063 10.511769294739 7.402507305145
v  -25.781316757202 9.118116378784 12.404177665710
v  -26.847232818604 9.078361511230 10.561116218567
v  -23.836009979248 9.190495491028 15.769268035889
v  -24.901714324951 9.150794029236 13.926165580750
v  -14.984745025635 12.144093513489 7.642476558685
v  -17.415828704834 11.556916236877 9.283565521240
v  -20.232534408569 11.243182182312 5.856502056122
v  -17.408788681030 11.915089607239 4.424340248108
v  -10.149153709412 13.000535011292 5.232898235321
v  -12.527981758118 12.631147384644 6.242087841034
v  -14.583477973938 12.456737518311 3.190853118896
v  -11.703528404236 12.894748687744 2.213474750519
v  -5.028696060181 13.484091758728 4.267258644104
v  -7.630912780762 13.284461975098 4.630305767059
v  -8.713796615601 13.256092071533 1.549826622009
v  -5.686957836151 13.526150703430 1.124018192291
v  -2.695843935013 13.690502166748 0.858296871185
v  -2.344940423965 13.609080314636 3.952381610870
v  0.054448962212 13.686163902283 3.696581602097
v  0.054448962212 13.793416023254 0.687072753906
v  -23.904205322266 9.879788398743 10.475939750671
v  -21.793121337891 10.628410339355 8.676028251648
v  -19.275886535645 11.349775314331 7.020037174225
v  -16.564559936523 11.994866371155 5.544914245605
v  -13.855607986450 12.513912200928 4.350846290588
v  -10.926342010498 12.947644233704 3.723523616791
v  -8.172375679016 13.270267486572 3.090424537659
v  -5.357834815979 13.505131721497 2.695686817169
v  -2.520381927490 13.649780273438 2.405365943909
v  0.054448962212 13.739632606506 2.190423965454
v  -20.778270721436 10.743206977844 9.930265426636
v  -22.898504257202 9.964180946350 11.915585517883
v  -13.283328056335 12.568068504333 5.093488693237
v  -15.828861236572 12.064351081848 6.521814823151
v  -18.372116088867 11.450428962708 8.119695663452
v  20.126375198364 11.124954223633 11.010869026184
v  22.252922058105 10.308280944824 13.246901512146
v  22.880426406860 10.278165817261 12.171246528625
v  20.768655776978 11.054569244385 10.193257331848
v  22.148433685303 10.901315689087 8.463409423828
v  24.288434982300 10.143220901489 10.288950920105
v  24.954656600952 10.098009109497 9.249972343445
v  22.839324951172 10.815077781677 7.684243202209
v  26.656917572021 9.456849098206 10.674932479858
v  25.914106369019 9.483309745789 11.959743499756
v  24.723829269409 9.529740333557 14.022125244141
v  23.984720230103 9.556157112122 15.300652503967
v  15.839974403381 12.369983673096 6.800094604492
v  15.303033828735 12.426515579224 7.405461788177
v  17.762058258057 11.832340240479 9.064433097839
v  18.375585556030 11.757935523987 8.392629623413
v  17.445100784302 12.215162277222 4.716256141663
v  16.858085632324 12.282759666443 5.294143199921
v  19.598611831665 11.631587028503 6.785317897797
v  20.261100769043 11.543899536133 6.145063877106
v  10.962277412415 13.250866889954 4.014907360077
v  10.388154983521 13.295034408569 4.955152034760
v  12.817030906677 12.918784141541 5.986927509308
v  13.233921051025 12.883999824524 5.335425376892
v  11.769978523254 13.193364143372 2.512183189392
v  11.136767387390 13.246440887451 3.439082860947
v  14.083704948425 12.813469886780 4.062489509583
v  14.630433082581 12.756768226624 3.484987258911
v  8.255663871765 13.566825866699 3.393135547638
v  5.449871063232 13.799115180969 3.001561403275
v  5.193086147308 13.788687705994 3.977350473404
v  7.822035789490 13.585009574890 4.341735839844
v  8.799405097961 13.552159309387 1.853127479553
v  5.782331943512 13.819783210754 1.430465698242
v  5.521844863892 13.809866905212 2.405834197998
v  8.363954544067 13.571039199829 2.802277803421
v  2.669120073318 13.957301139832 2.115991115570
v  2.795134544373 13.981957435608 1.166723728180
v  2.498034000397 13.916373252869 3.663448572159
v  2.613438129425 13.941546440125 2.713226795197
v  23.286563873291 10.226083755493 11.732481002808
v  23.888986587524 10.192653656006 10.734788894653
v  21.795549392700 10.935884475708 8.948762893677
v  21.145864486694 11.012130737305 9.727589607239
v  25.032886505127 9.516633033752 13.486034393311
v  25.604122161865 9.496605873108 12.497400283813
v  16.142127990723 12.347949981689 6.281902790070
v  18.709716796875 11.728221893311 7.894500255585
v  19.294979095459 11.653102874756 7.303119182587
v  16.596015930176 12.296113967896 5.834510326385
v  13.552513122559 12.858919143677 4.827052593231
v  13.692658424377 12.846975326538 4.593711853027
v  12.842037200928 12.973015785217 4.414024353027
v  22.908330917358 9.589913368225 11.868572235107
v  21.860021591187 9.678071022034 13.367571830750
v  19.765493392944 10.482644081116 11.164242744446
v  20.796033859253 10.366045951843 9.890963554382
v  24.963323593140 9.417089462280 8.930044174194
v  23.915075302124 9.505227088928 10.429066658020
v  21.811210632324 10.251176834106 8.636668205261
v  22.841665267944 10.134584426880 7.363334655762
v  26.855808258057 8.704721450806 10.511812210083
v  25.789930343628 8.744552612305 12.354234695435
v  24.909185409546 8.777557373047 13.876094818115
v  23.843198776245 8.817430496216 15.718492507935
v  17.445219039917 11.176358222961 9.252676010132
v  15.025050163269 11.760950088501 7.618073463440
v  15.868357658386 11.681365966797 6.497167587280
v  18.400918960571 11.069999694824 8.088783264160
v  19.304302215576 10.969479560852 6.988460063934
v  16.603813171387 11.611962318420 5.519704818726
v  17.447065353394 11.532388687134 4.398759841919
v  20.259820938110 10.863170623779 5.824399471283
v  14.632510185242 12.071789741516 3.172669410706
v  13.887100219727 12.133570671082 4.318623065948
v  13.377543449402 12.175824165344 5.101623535156
v  12.632019996643 12.237624168396 6.247505664825
v  5.114267349243 13.094902038574 4.257898807526
v  5.441779613495 13.116068840027 2.685316562653
v  8.244586944580 12.882116317749 3.080751419067
v  7.704759120941 12.896127700806 4.622052192688
v  5.769300937653 13.137220382690 1.112784862518
v  8.784435272217 12.868102073669 1.539815425873
v  11.762504577637 12.508148193359 2.201317310333
v  10.986637115479 12.560870170593 3.711553573608
v  10.210772514343 12.613562583923 5.222120285034
v  2.613579988480 13.260280609131 2.393395423889
v  2.788018226624 13.301061630249 0.845799446106
v  2.439131975174 13.219523429871 3.941014289856
v  19.856609344482 10.859770774841 11.203899383545
v  21.959524154663 10.052106857300 13.415493965149
v  25.061101913452 9.791816711426 8.976082801819
v  22.932750701904 10.511769294739 7.402507305145
v  25.890214920044 9.118116378784 12.404177665710
v  26.956130981445 9.078361511230 10.561116218567
v  23.944908142090 9.190495491028 15.769268035889
v  25.010612487793 9.150794029236 13.926165580750
v  15.093643188477 12.144093513489 7.642476558685
v  17.524726867676 11.556916236877 9.283565521240
v  20.341432571411 11.243182182312 5.856502056122
v  17.517686843872 11.915089607239 4.424340248108
v  10.258051872253 13.000535011292 5.232898235321
v  12.636879920959 12.631147384644 6.242087841034
v  14.692376136780 12.456737518311 3.190853118896
v  11.812426567078 12.894748687744 2.213474750519
v  5.137594223022 13.484091758728 4.267258644104
v  7.739810943604 13.284461975098 4.630305767059
v  8.822694778442 13.256092071533 1.549826622009
v  5.795855998993 13.526150703430 1.124018192291
v  2.804741144180 13.690502166748 0.858296871185
v  2.453837633133 13.609080314636 3.952381610870
v  24.013103485107 9.879788398743 10.475939750671
v  21.902019500732 10.628410339355 8.676028251648
v  19.384784698486 11.349775314331 7.020037174225
v  16.673458099365 11.994866371155 5.544914245605
v  13.964506149292 12.513912200928 4.350846290588
v  11.035240173340 12.947644233704 3.723523616791
v  8.281273841858 13.270267486572 3.090424537659
v  5.466732978821 13.505131721497 2.695686817169
v  2.629279136658 13.649780273438 2.405365943909
v  23.007402420044 9.964180946350 11.915585517883
v  20.887168884277 10.743206977844 9.930265426636
v  13.392226219177 12.568068504333 5.093488693237
v  15.937759399414 12.064351081848 6.521814823151
v  18.481014251709 11.450428962708 8.119695663452
v  -20.017477035522 11.124930381775 -11.044352531433
v  -22.144023895264 10.308277130127 -13.280400276184
v  -22.771528244019 10.278163909912 -12.204747200012
v  -20.659757614136 11.054571151733 -10.226744651794
v  -22.039535522461 10.901311874390 -8.496900558472
v  -24.179536819458 10.143221855164 -10.322436332703
v  -24.845758438110 10.098011970520 -9.283457756042
v  -22.730426788330 10.815061569214 -7.717733383179
v  -26.548019409180 9.456826210022 -10.708429336548
v  -25.805208206177 9.483287811279 -11.993240356445
v  -24.614931106567 9.529714584351 -14.055624008179
v  -23.875822067261 9.556148529053 -15.334140777588
v  -15.731076240540 12.369969367981 -6.833587646484
v  -15.194136619568 12.426522254944 -7.438954830170
v  -17.653160095215 11.832330703735 -9.097924232483
v  -18.266687393188 11.757940292358 -8.426124572754
v  -17.336202621460 12.215151786804 -4.749749183655
v  -16.749187469482 12.282770156860 -5.327636241913
v  -19.489713668823 11.631571769714 -6.818809986115
v  -20.152202606201 11.543907165527 -6.178567409515
v  -10.853379249573 13.250858306885 -4.048402309418
v  -10.279257774353 13.295022010803 -4.988646984100
v  -12.708132743835 12.918771743774 -6.020421504974
v  -13.125023841858 12.884010314941 -5.368919372559
v  -11.661080360413 13.193363189697 -2.545679092407
v  -11.027869224548 13.246449470520 -3.472578287125
v  -13.974806785583 12.813463211060 -4.095983505249
v  -14.521534919739 12.756770133972 -3.518481731415
v  -8.146765708923 13.566840171814 -3.426631450653
v  -5.340972423553 13.799125671387 -3.035057783127
v  -5.084187507629 13.788679122925 -4.010846138000
v  -7.713137149811 13.585021972656 -4.375235557556
v  -8.690506935120 13.552154541016 -1.886634826660
v  -5.673433303833 13.819778442383 -1.463962554932
v  -5.412946224213 13.809862136841 -2.439331054688
v  -8.255057334900 13.571032524109 -2.835773706436
v  -2.560222864151 13.957298278809 -2.149493217468
v  -2.686237335205 13.981952667236 -1.200225830078
v  -2.389136791229 13.916364669800 -3.696951150894
v  -2.504540920258 13.941574096680 -2.746729373932
v  -23.177665710449 10.226059913635 -11.765960693359
v  -23.780088424683 10.192630767822 -10.768268585205
v  -21.686651229858 10.935866355896 -8.982254028320
v  -21.036966323853 11.012109756470 -9.761076927185
v  -24.923988342285 9.516615867615 -13.519533157349
v  -25.495223999023 9.496590614319 -12.530899047852
v  -16.033229827881 12.347958564758 -6.315395832062
v  -18.600818634033 11.728203773499 -7.927992343903
v  -19.186080932617 11.653109550476 -7.336611270905
v  -16.487117767334 12.296101570129 -5.868003368378
v  -13.443615913391 12.858908653259 -4.860546588898
v  -13.583760261536 12.846964836121 -4.627205848694
v  -12.733139991760 12.973027229309 -4.447515487671
v  0.054448954761 14.019538879395 -2.560300827026
v  0.054448954761 13.985496520996 -3.470922470093
v  0.054448954761 14.072427749634 -1.050233364105
v  0.054448954761 14.038227081299 -1.958588600159
v  -22.799432754517 9.589891433716 -11.902069091797
v  -21.751123428345 9.678066253662 -13.401059150696
v  -19.656595230103 10.482642173767 -11.197741508484
v  -20.687135696411 10.366024971008 -9.924464225769
v  -24.854425430298 9.417071342468 -8.963542938232
v  -23.806177139282 9.505227088928 -10.462557792664
v  -21.702312469482 10.251158714294 -8.670168876648
v  -22.732767105103 10.134591102600 -7.396823883057
v  -26.746910095215 8.704705238342 -10.545301437378
v  -25.681032180786 8.744549751282 -12.387720108032
v  -24.800287246704 8.777530670166 -13.909582138062
v  -23.734300613403 8.817399024963 -15.751978874207
v  -17.336320877075 11.176361083984 -9.286163330078
v  -14.916152000427 11.760933876038 -7.651565551758
v  -15.759459495544 11.681362152100 -6.530659675598
v  -18.292020797729 11.069995880127 -8.122270584106
v  -19.195404052734 10.969464302063 -7.021950244904
v  -16.494915008545 11.611955642700 -5.553200721741
v  -17.338167190552 11.532401084900 -4.432254791260
v  -20.150922775269 10.863158226013 -5.857889652252
v  -14.523612022400 12.071804046631 -3.206162452698
v  -13.778203010559 12.133583068848 -4.352119922638
v  -13.268645286560 12.175829887390 -5.135116577148
v  -12.523121833801 12.237632751465 -6.280998706818
v  -5.005368709564 13.094914436340 -4.291396617889
v  -5.332880973816 13.116062164307 -2.718817710876
v  -8.135689735413 12.882115364075 -3.114252090454
v  -7.595860481262 12.896117210388 -4.655546188354
v  -5.660402297974 13.137227058411 -1.146279335022
v  -8.675538063049 12.868098258972 -1.573310375214
v  -11.653607368469 12.508164405823 -2.234816551208
v  -10.877739906311 12.560861587524 -3.745047569275
v  -10.101874351501 12.613573074341 -5.255617141724
v  -2.504682779312 13.260296821594 -2.426891326904
v  -2.679121017456 13.301056861877 -0.879295349121
v  -2.330234766006 13.219514846802 -3.974515438080
v  0.054448954761 13.296373367310 -3.717026948929
v  0.054448954761 13.349873542786 -2.210409164429
v  0.054448954761 13.403685569763 -0.706619739532
v  -19.747711181641 10.859770774841 -11.237390518188
v  -21.850625991821 10.052101135254 -13.448981285095
v  -24.952203750610 9.791798591614 -9.009572029114
v  -22.823852539063 10.511775970459 -7.436008930206
v  -25.781316757202 9.118113517761 -12.437655448914
v  -26.847232818604 9.078339576721 -10.594600677490
v  -23.836009979248 9.190463066101 -15.802754402161
v  -24.901714324951 9.150766372681 -13.959643363953
v  -14.984745979309 12.144077301025 -7.675972461700
v  -17.415828704834 11.556919097900 -9.317060470581
v  -20.232534408569 11.243169784546 -5.889993190765
v  -17.408788681030 11.915101051331 -4.457832336426
v  -10.149153709412 13.000545501709 -5.266404628754
v  -12.527981758118 12.631155967712 -6.275581836700
v  -14.583477973938 12.456751823425 -3.224352836609
v  -11.703528404236 12.894764900208 -2.246974945068
v  -5.028695583344 13.484104156494 -4.300757408142
v  -7.630912303925 13.284451484680 -4.663800716400
v  -8.713797569275 13.256088256836 -1.583321571350
v  -5.686957359314 13.526160240173 -1.157519340515
v  -2.695843935013 13.690499305725 -0.891792774200
v  -2.344940423965 13.609071731567 -3.985883712769
v  0.054448954761 13.686155319214 -3.730083703995
v  0.054448954761 13.793457031250 -0.720568656921
v  -23.904205322266 9.879778862000 -10.509428977966
v  -21.793121337891 10.628391265869 -8.709521293640
v  -19.275886535645 11.349761962891 -7.053528308868
v  -16.564559936523 11.994854927063 -5.578418731689
v  -13.855608940125 12.513924598694 -4.384343147278
v  -10.926342964172 12.947635650635 -3.757024288177
v  -8.172375679016 13.270264625549 -3.123919963837
v  -5.357834339142 13.505125045776 -2.729182720184
v  -2.520381927490 13.649796485901 -2.438861846924
v  0.054448954761 13.739627838135 -2.223920822144
v  -22.898504257202 9.964156150818 -11.949074745178
v  -20.778270721436 10.743186950684 -9.963754653931
v  -13.283328056335 12.568070411682 -5.126986503601
v  -15.828862190247 12.064342498779 -6.555319309235
v  -18.372116088867 11.450433731079 -8.153190612793
v  20.126375198364 11.124930381775 -11.044352531433
v  20.768655776978 11.054571151733 -10.226744651794
v  22.880426406860 10.278163909912 -12.204747200012
v  22.252922058105 10.308277130127 -13.280400276184
v  22.148433685303 10.901311874390 -8.496900558472
v  22.839324951172 10.815061569214 -7.717733383179
v  24.954656600952 10.098011970520 -9.283457756042
v  24.288434982300 10.143221855164 -10.322436332703
v  26.656917572021 9.456826210022 -10.708429336548
v  25.914106369019 9.483287811279 -11.993240356445
v  24.723829269409 9.529714584351 -14.055624008179
v  23.984720230103 9.556148529053 -15.334140777588
v  15.839974403381 12.369969367981 -6.833587646484
v  18.375585556030 11.757940292358 -8.426124572754
v  17.762058258057 11.832330703735 -9.097924232483
v  15.303032875061 12.426522254944 -7.438954830170
v  17.445100784302 12.215151786804 -4.749749183655
v  20.261100769043 11.543907165527 -6.178567409515
v  19.598611831665 11.631571769714 -6.818809986115
v  16.858085632324 12.282770156860 -5.327636241913
v  10.962277412415 13.250858306885 -4.048402309418
v  13.233920097351 12.884010314941 -5.368919372559
v  12.817030906677 12.918771743774 -6.020421504974
v  10.388154029846 13.295022010803 -4.988646984100
v  11.769978523254 13.193363189697 -2.545679092407
v  14.630433082581 12.756770133972 -3.518481731415
v  14.083704948425 12.813463211060 -4.095983505249
v  11.136767387390 13.246449470520 -3.472578287125
v  8.255663871765 13.566840171814 -3.426631450653
v  7.822036266327 13.585021972656 -4.375235557556
v  5.193086624146 13.788679122925 -4.010846138000
v  5.449871540070 13.799125671387 -3.035057783127
v  8.799405097961 13.552154541016 -1.886634826660
v  8.363953590393 13.571032524109 -2.835773706436
v  5.521845340729 13.809862136841 -2.439331054688
v  5.782332420349 13.819778442383 -1.463962554932
v  2.669120073318 13.957298278809 -2.149493217468
v  2.795134544373 13.981952667236 -1.200225830078
v  2.498034000397 13.916364669800 -3.696951150894
v  2.613438129425 13.941574096680 -2.746729373932
v  23.286563873291 10.226059913635 -11.765960693359
v  21.145864486694 11.012109756470 -9.761076927185
v  21.795549392700 10.935866355896 -8.982254028320
v  23.888986587524 10.192630767822 -10.768268585205
v  25.604122161865 9.496590614319 -12.530899047852
v  25.032886505127 9.516615867615 -13.519533157349
v  16.142127990723 12.347958564758 -6.315395832062
v  16.596015930176 12.296101570129 -5.868003368378
v  19.294979095459 11.653109550476 -7.336611270905
v  18.709716796875 11.728203773499 -7.927992343903
v  13.552512168884 12.858908653259 -4.860546588898
v  12.842036247253 12.973027229309 -4.447515487671
v  13.692658424377 12.846964836121 -4.627205848694
v  22.908330917358 9.589891433716 -11.902069091797
v  20.796033859253 10.366024971008 -9.924464225769
v  19.765493392944 10.482642173767 -11.197741508484
v  21.860021591187 9.678066253662 -13.401059150696
v  24.963323593140 9.417071342468 -8.963542938232
v  22.841665267944 10.134591102600 -7.396823883057
v  21.811210632324 10.251158714294 -8.670168876648
v  23.915075302124 9.505227088928 -10.462557792664
v  25.789930343628 8.744549751282 -12.387720108032
v  26.855808258057 8.704705238342 -10.545301437378
v  23.843198776245 8.817399024963 -15.751978874207
v  24.909185409546 8.777530670166 -13.909582138062
v  17.445219039917 11.176361083984 -9.286163330078
v  18.400918960571 11.069995880127 -8.122270584106
v  15.868357658386 11.681362152100 -6.530659675598
v  15.025050163269 11.760933876038 -7.651565551758
v  19.304302215576 10.969464302063 -7.021950244904
v  20.259820938110 10.863158226013 -5.857889652252
v  17.447065353394 11.532401084900 -4.432254791260
v  16.603813171387 11.611955642700 -5.553200721741
v  14.632510185242 12.071804046631 -3.206162452698
v  13.887099266052 12.133583068848 -4.352119922638
v  13.377543449402 12.175829887390 -5.135116577148
v  12.632019996643 12.237632751465 -6.280998706818
v  5.114267826080 13.094914436340 -4.291396617889
v  7.704759597778 12.896117210388 -4.655546188354
v  8.244585990906 12.882115364075 -3.114252090454
v  5.441780090332 13.116062164307 -2.718817710876
v  8.784434318542 12.868098258972 -1.573310375214
v  5.769301414490 13.137227058411 -1.146279335022
v  10.986636161804 12.560861587524 -3.745047569275
v  11.762503623962 12.508164405823 -2.234816551208
v  10.210772514343 12.613573074341 -5.255617141724
v  2.788018226624 13.301056861877 -0.879295349121
v  2.613579988480 13.260296821594 -2.426891326904
v  2.439131975174 13.219514846802 -3.974515438080
v  19.856609344482 10.859770774841 -11.237390518188
v  21.959524154663 10.052101135254 -13.448981285095
v  25.061101913452 9.791798591614 -9.009572029114
v  22.932750701904 10.511775970459 -7.436008930206
v  25.890214920044 9.118113517761 -12.437655448914
v  26.956130981445 9.078339576721 -10.594600677490
v  23.944908142090 9.190463066101 -15.802754402161
v  25.010612487793 9.150766372681 -13.959643363953
v  15.093642234802 12.144077301025 -7.675972461700
v  17.524726867676 11.556919097900 -9.317060470581
v  20.341432571411 11.243169784546 -5.889993190765
v  17.517686843872 11.915101051331 -4.457832336426
v  10.258051872253 13.000545501709 -5.266404628754
v  12.636879920959 12.631155967712 -6.275581836700
v  14.692376136780 12.456751823425 -3.224352836609
v  11.812426567078 12.894764900208 -2.246974945068
v  5.137594699860 13.484104156494 -4.300757408142
v  7.739811420441 13.284451484680 -4.663800716400
v  8.822693824768 13.256088256836 -1.583321571350
v  5.795856475830 13.526160240173 -1.157519340515
v  2.804741144180 13.690499305725 -0.891792774200
v  2.453837633133 13.609071731567 -3.985883712769
v  24.013103485107 9.879778862000 -10.509428977966
v  21.902019500732 10.628391265869 -8.709521293640
v  19.384784698486 11.349761962891 -7.053528308868
v  16.673458099365 11.994854927063 -5.578418731689
v  13.964505195618 12.513924598694 -4.384343147278
v  11.035239219666 12.947635650635 -3.757024288177
v  8.281273841858 13.270264625549 -3.123919963837
v  5.466733455658 13.505125045776 -2.729182720184
v  2.629279136658 13.649796485901 -2.438861846924
v  20.887168884277 10.743186950684 -9.963754653931
v  23.007402420044 9.964156150818 -11.949074745178
v  13.392226219177 12.568070411682 -5.126986503601
v  15.937758445740 12.064342498779 -6.555319309235
v  18.481014251709 11.450433731079 -8.153190612793
v  -14.289672851563 9.454921722412 -26.753538131714
v  -14.003255844116 9.415299415588 -26.219696044922
v  -13.727308273315 9.362470626831 -26.544281005859
v  -13.760095596313 9.234930038452 -26.952882766724
v  -14.082411766052 9.107389450073 -27.206146240234
v  -14.505449295044 9.054561614990 -27.155715942383
v  -14.781396865845 9.107389450073 -26.831127166748
v  -14.748609542847 9.234930038452 -26.422525405884
v  -14.426292419434 9.362470626831 -26.169261932373
v  -13.857585906982 9.230525016785 -25.948186874390
v  -13.467336654663 9.155813217163 -26.407222747803
v  -13.513706207275 8.975443840027 -26.985073089600
v  -13.969530105591 8.795074462891 -27.343242645264
v  -14.567794799805 8.720363616943 -27.271919250488
v  -14.958044052124 8.795074462891 -26.812883377075
v  -14.911675453186 8.975444793701 -26.235034942627
v  -14.455850601196 9.155813217163 -25.876863479614
v  -14.002186775208 9.126654624939 -26.217702865601
v  -13.770849227905 9.082365989685 -26.489814758301
v  -13.798336029053 8.975442886353 -26.832363128662
v  -14.068546295166 8.868522644043 -27.044683456421
v  -14.423193931580 8.824234008789 -27.002403259277
v  -14.654531478882 8.868522644043 -26.730291366577
v  -14.627044677734 8.975444793701 -26.387744903564
v  -14.356834411621 9.082366943359 -26.175422668457
v  -0.017042160034 12.998577117920 17.309532165527
v  0.041164398193 12.867033958435 16.719703674316
v  -0.369420051575 12.838546752930 16.841766357422
v  -0.571269989014 12.769766807556 17.214355468750
v  -0.446143150330 12.700989723206 17.619209289551
v  -0.067338943481 12.672499656677 17.819171905518
v  0.343247413635 12.700989723206 17.697113037109
v  0.545097351074 12.769765853882 17.324523925781
v  0.419970512390 12.838544845581 16.919670104980
v  0.068303108215 12.637436866760 16.444707870483
v  -0.512351036072 12.597146987915 16.617328643799
v  -0.797809600830 12.499879837036 17.144245147705
v  -0.620855331421 12.402613639832 17.716793060303
v  -0.085143089294 12.362324714661 17.999588012695
v  0.495513916016 12.402613639832 17.826965332031
v  0.780972480774 12.499879837036 17.300048828125
v  0.604016304016 12.597146987915 16.727500915527
v  0.037062644958 12.581422805786 16.761283874512
v  -0.307147979736 12.557538986206 16.863613128662
v  -0.476365089417 12.499879837036 17.175964355469
v  -0.371467590332 12.442221641541 17.515373229980
v  -0.053899765015 12.418338775635 17.683010101318
v  0.290309906006 12.442220687866 17.580680847168
v  0.459527969360 12.499879837036 17.268325805664
v  0.354627609253 12.557538986206 16.928924560547
v  17.264623641968 13.002710342407 -0.004809912294
v  16.674795150757 12.871166229248 0.053402490914
v  16.874761581421 12.842676162720 0.432207733393
v  17.279615402222 12.773900985718 0.557335555553
v  17.652202606201 12.705121994019 0.355482816696
v  17.774263381958 12.676633834839 -0.055098753422
v  17.574298858643 12.705121994019 -0.433909654617
v  17.169445037842 12.773899078369 -0.559037506580
v  16.796857833862 12.842678070068 -0.357184737921
v  16.399799346924 12.641567230225 0.080540463328
v  16.682590484619 12.601280212402 0.616253733635
v  17.255142211914 12.504013061523 0.793211817741
v  17.782056808472 12.406745910645 0.507750570774
v  17.954675674438 12.366456985474 -0.072905473411
v  17.671886444092 12.406744003296 -0.608620584011
v  17.099334716797 12.504011154175 -0.785575032234
v  16.572422027588 12.601278305054 -0.500117421150
v  16.716373443604 12.585554122925 0.049296241254
v  16.884016036987 12.561672210693 0.366867959499
v  17.223417282104 12.504011154175 0.471764504910
v  17.535772323608 12.446353912354 0.302544593811
v  17.638097763062 12.422470092773 -0.041666962206
v  17.470460891724 12.446352005005 -0.359232902527
v  17.131057739258 12.504013061523 -0.464133322239
v  16.818706512451 12.561672210693 -0.294913351536
v  -17.329690933228 12.990322113037 0.093388035893
v  -16.741901397705 12.864870071411 0.007662363350
v  -16.958942413330 12.834722518921 -0.361493468285
v  -17.368450164795 12.761938095093 -0.467788040638
v  -17.730541229248 12.689155578613 -0.248955965042
v  -17.833103179932 12.659006118774 0.166813641787
v  -17.616062164307 12.689155578613 0.535963773727
v  -17.206554412842 12.761938095093 0.642258346081
v  -16.844463348389 12.834722518921 0.423428177834
v  -16.466140747070 12.638120651245 -0.032555766404
v  -16.773086547852 12.595485687256 -0.554618000984
v  -17.352218627930 12.492553710938 -0.704943776131
v  -17.864292144775 12.389621734619 -0.395468682051
v  -18.009336471558 12.346986770630 0.192513555288
v  -17.702392578125 12.389623641968 0.714577734470
v  -17.123260498047 12.492553710938 0.864899516106
v  -16.611188888550 12.595485687256 0.555428385735
v  -16.780338287354 12.578844070435 0.013268344104
v  -16.962295532227 12.553571701050 -0.296206563711
v  -17.305603027344 12.492553710938 -0.385317832232
v  -17.609155654907 12.431537628174 -0.201865196228
v  -17.695138931274 12.406261444092 0.146691352129
v  -17.513181686401 12.431535720825 0.456164389849
v  -17.169876098633 12.492553710938 0.545275628567
v  -16.866323471069 12.553571701050 0.361821085215
v  0.026785850525 12.986399650574 -17.339166641235
v  -0.058943748474 12.860946655273 -16.751371383667
v  0.356825828552 12.830799102783 -16.853935241699
v  0.575657844543 12.758014678955 -17.216028213501
v  0.469363212585 12.685229301453 -17.625537872314
v  0.100207328796 12.655080795288 -17.842584609985
v  -0.315561294556 12.685229301453 -17.740020751953
v  -0.534394264221 12.758014678955 -17.377927780151
v  -0.428099632263 12.830799102783 -16.968416213989
v  -0.099163055420 12.634198188782 -16.475608825684
v  0.488823890686 12.591562271118 -16.620658874512
v  0.798299789429 12.488628387451 -17.132734298706
v  0.647975921631 12.385695457458 -17.711872100830
v  0.125911712646 12.343058586121 -18.018817901611
v  -0.462076187134 12.385695457458 -17.873771667480
v  -0.771551132202 12.488629341125 -17.361694335938
v  -0.621227264404 12.591561317444 -16.782558441162
v  -0.053337097168 12.574920654297 -16.789812088013
v  0.295218467712 12.549646377563 -16.875795364380
v  0.478673934937 12.488628387451 -17.179351806641
v  0.389561653137 12.427609443665 -17.522661209106
v  0.080085754395 12.402337074280 -17.704616546631
v  -0.268470764160 12.427611351013 -17.618633270264
v  -0.451925277710 12.488629341125 -17.315078735352
v  -0.362814903259 12.549646377563 -16.971771240234
v  -0.065421104431 9.463045120239 -30.477998733521
v  -0.063959121704 9.423137664795 -29.872196197510
v  0.332278251648 9.370381355286 -30.028736114502
v  0.495655059814 9.243017196655 -30.404747009277
v  0.330464363098 9.115653991699 -30.779962539673
v  -0.066523551941 9.062898635864 -30.934589385986
v  -0.462761878967 9.115654945374 -30.778049468994
v  -0.626139640808 9.243018150330 -30.402038574219
v  -0.460948944092 9.370382308960 -30.026823043823
v  -0.063215255737 9.238218307495 -29.564167022705
v  0.497150421143 9.163611412048 -29.785549163818
v  0.728199005127 8.983491897583 -30.317308425903
v  0.494585037231 8.803372383118 -30.847946166992
v  -0.066843032837 8.728765487671 -31.066619873047
v  -0.627208709717 8.803373336792 -30.845237731934
v  -0.858257293701 8.983491897583 -30.313480377197
v  -0.624643325806 9.163611412048 -29.782842636108
v  -0.063954353333 9.134492874146 -29.870069503784
v  0.268228530884 9.090265274048 -30.001304626465
v  0.405191421509 8.983491897583 -30.316530227661
v  0.266708374023 8.876718521118 -30.631088256836
v  -0.066103935242 8.832490921021 -30.760717391968
v  -0.398285865784 8.876718521118 -30.629482269287
v  -0.535250663757 8.983491897583 -30.314260482788
v  -0.396766662598 9.090265274048 -29.999698638916
v  -26.549150466919 9.464937210083 -14.629711151123
v  -26.019081115723 9.425357818604 -14.336353302002
v  -25.963130950928 9.372516632080 -14.758696556091
v  -26.212165832520 9.244948387146 -15.084285736084
v  -26.620300292969 9.117380142212 -15.122394561768
v  -26.948455810547 9.064540863037 -14.850699424744
v  -27.004405975342 9.117382049561 -14.428355216980
v  -26.755371093750 9.244949340820 -14.102767944336
v  -26.347236633301 9.372516632080 -14.064658164978
v  -25.749481201172 9.240603446960 -14.187147140503
v  -25.670356750488 9.165874481201 -14.784431457520
v  -26.022544860840 8.985466957092 -15.244883537292
v  -26.599735260010 8.805057525635 -15.298778533936
v  -27.063817977905 8.730331420898 -14.914544105530
v  -27.142938613892 8.805059432983 -14.317259788513
v  -26.790754318237 8.985467910767 -13.856805801392
v  -26.213562011719 9.165875434875 -13.802913665771
v  -26.017082214355 9.136710166931 -14.335247039795
v  -25.970180511475 9.092412948608 -14.689312934875
v  -26.178955078125 8.985466957092 -14.962266921997
v  -26.521110534668 8.878521919250 -14.994215965271
v  -26.796215057373 8.834223747253 -14.766444206238
v  -26.843118667603 8.878522872925 -14.412377357483
v  -26.634344100952 8.985467910767 -14.139423370361
v  -26.292188644409 9.092412948608 -14.107474327087
v  -30.497383117676 9.463076591492 0.084800712764
v  -29.891578674316 9.423169136047 0.083339713514
v  -30.048122406006 9.370412826538 -0.312898516655
v  -30.424131393433 9.243049621582 -0.476276159286
v  -30.799346923828 9.115686416626 -0.311086297035
v  -30.953977584839 9.062932014465 0.085903532803
v  -30.797431945801 9.115688323975 0.482141852379
v  -30.421424865723 9.243049621582 0.645517528057
v  -30.046209335327 9.370412826538 0.480329632759
v  -29.583549499512 9.238250732422 0.082596033812
v  -29.804931640625 9.163642883301 -0.477771520615
v  -30.336692810059 8.983524322510 -0.708817958832
v  -30.867330551147 8.803405761719 -0.475205659866
v  -31.086006164551 8.728797912598 0.086224295199
v  -30.864622116089 8.803405761719 0.646589875221
v  -30.332862854004 8.983524322510 0.877636432648
v  -29.802228927612 9.163642883301 0.644024193287
v  -29.889453887939 9.134524345398 0.083334274590
v  -30.020687103271 9.090297698975 -0.248847633600
v  -30.335912704468 8.983524322510 -0.385810375214
v  -30.650472640991 8.876750946045 -0.247327268124
v  -30.780101776123 8.832523345947 0.085484147072
v  -30.648866653442 8.876750946045 0.417665988207
v  -30.333641052246 8.983524322510 0.554628849030
v  -30.019088745117 9.090297698975 0.416147589684
v  -26.772922515869 9.454954147339 14.309054374695
v  -26.239078521729 9.415328979492 14.022635459900
v  -26.563667297363 9.362501144409 13.746687889099
v  -26.972267150879 9.234960556030 13.779475212097
v  -27.225530624390 9.107420921326 14.101792335510
v  -27.175098419189 9.054592132568 14.524830818176
v  -26.850509643555 9.107420921326 14.800778388977
v  -26.441909790039 9.234962463379 14.767989158630
v  -26.188648223877 9.362501144409 14.445673942566
v  -25.967571258545 9.230554580688 13.876967430115
v  -26.426609039307 9.155843734741 13.486716270447
v  -27.004455566406 8.975475311279 13.533089637756
v  -27.362625122070 8.795106887817 13.988907814026
v  -27.291301727295 8.720396041870 14.587174415588
v  -26.832265853882 8.795107841492 14.977421760559
v  -26.254417419434 8.975476264954 14.931054115295
v  -25.896247863770 9.155843734741 14.475234031677
v  -26.237087249756 9.126685142517 14.021569252014
v  -26.509199142456 9.082396507263 13.790230751038
v  -26.851745605469 8.975475311279 13.817715644836
v  -27.064065933228 8.868553161621 14.087925910950
v  -27.021785736084 8.824264526367 14.442574501038
v  -26.749673843384 8.868553161621 14.673913002014
v  -26.407127380371 8.975475311279 14.646428108215
v  -26.194807052612 9.082395553589 14.376214027405
v  -14.649092674255 9.464956283569 26.568532943726
v  -14.355734825134 9.425375938416 26.038465499878
v  -14.778078079224 9.372536659241 25.982515335083
v  -15.103668212891 9.244969367981 26.231554031372
v  -15.141776084900 9.117401123047 26.639680862427
v  -14.870080947876 9.064561843872 26.967838287354
v  -14.447736740112 9.117401123047 27.023790359497
v  -14.122149467468 9.244968414307 26.774751663208
v  -14.084038734436 9.372537612915 26.366617202759
v  -14.206528663635 9.240623474121 25.768865585327
v  -14.803812980652 9.165895462036 25.689741134644
v  -15.264266014099 8.985486030579 26.041923522949
v  -15.318160057068 8.805078506470 26.619113922119
v  -14.933925628662 8.730351448059 27.083198547363
v  -14.336643218994 8.805079460144 27.162319183350
v  -13.876188278198 8.985487937927 26.810134887695
v  -13.822292327881 9.165896415710 26.232950210571
v  -14.354627609253 9.136729240417 26.036466598511
v  -14.708693504333 9.092432022095 25.989559173584
v  -14.981650352478 8.985486984253 26.198337554932
v  -15.013598442078 8.878541946411 26.540489196777
v  -14.785826683044 8.834243774414 26.815597534180
v  -14.431760787964 8.878541946411 26.862503051758
v  -14.158803939819 8.985486984253 26.653728485107
v  -14.126858711243 9.092432022095 26.311573028564
v  0.065421104431 9.463083267212 30.516767501831
v  0.063962936401 9.423177719116 29.910966873169
v  -0.332275390625 9.370422363281 30.067510604858
v  -0.495653152466 9.243059158325 30.443521499634
v  -0.330464363098 9.115693092346 30.818735122681
v  0.066524505615 9.062939643860 30.973358154297
v  0.462764739990 9.115696907043 30.816820144653
v  0.626140594482 9.243059158325 30.440813064575
v  0.460949897766 9.370420455933 30.065591812134
v  0.063216209412 9.238258361816 29.602937698364
v  -0.497146606445 9.163650512695 29.824319839478
v  -0.728198051453 8.983531951904 30.356075286865
v  -0.494585037231 8.803414344788 30.886711120605
v  0.066843986511 8.728804588318 31.105388641357
v  0.627208709717 8.803412437439 30.884006500244
v  0.858261108398 8.983531951904 30.352252960205
v  0.624647140503 9.163652420044 29.821615219116
v  0.063955307007 9.134532928467 29.908842086792
v  -0.268226623535 9.090305328369 30.040073394775
v  -0.405189514160 8.983533859253 30.355300903320
v  -0.266704559326 8.876758575439 30.669857025146
v  0.066105842590 8.832531929016 30.799488067627
v  0.398286819458 8.876758575439 30.668251037598
v  0.535250663757 8.983530044556 30.353031158447
v  0.396768569946 9.090305328369 30.038467407227
v  14.289672851563 9.454943656921 26.792306900024
v  14.003255844116 9.415321350098 26.258466720581
v  13.727308273315 9.362491607666 26.583051681519
v  13.760091781616 9.234950065613 26.991651535034
v  14.082410812378 9.107409477234 27.244913101196
v  14.505445480347 9.054579734802 27.194480895996
v  14.781394958496 9.107409477234 26.869897842407
v  14.748605728149 9.234949111938 26.461294174194
v  14.426292419434 9.362491607666 26.208032608032
v  13.857585906982 9.230546951294 25.986959457397
v  13.467336654663 9.155832290649 26.445993423462
v  13.513704299927 8.975464820862 27.023838043213
v  13.969528198242 8.795097351074 27.382007598877
v  14.567790985107 8.720382690430 27.310684204102
v  14.958042144775 8.795096397400 26.851650238037
v  14.911674499512 8.975463867188 26.273796081543
v  14.455850601196 9.155830383301 25.915632247925
v  14.002185821533 9.126674652100 26.256471633911
v  13.770847320557 9.082386016846 26.528587341309
v  13.798334121704 8.975464820862 26.871128082275
v  14.068544387817 8.868542671204 27.083450317383
v  14.423191070557 8.824252128601 27.041168212891
v  14.654529571533 8.868542671204 26.769054412842
v  14.627042770386 8.975463867188 26.426506042480
v  14.356832504272 9.082384109497 26.214191436768
v  26.549150466919 9.464931488037 14.668471336365
v  26.019083023071 9.425352096558 14.375113487244
v  25.963132858276 9.372513771057 14.797461509705
v  26.212167739868 9.244942665100 15.123045921326
v  26.620302200317 9.117375373840 15.161160469055
v  26.948461532593 9.064536094666 14.889466285706
v  27.004407882690 9.117376327515 14.467122077942
v  26.755373001099 9.244943618774 14.141528129578
v  26.347238540649 9.372510910034 14.103423118591
v  25.749483108521 9.240596771240 14.225909233093
v  25.670362472534 9.165871620178 14.823195457458
v  26.022542953491 8.985460281372 15.283646583557
v  26.599737167358 8.805053710938 15.337544441223
v  27.063821792603 8.730326652527 14.953309059143
v  27.142938613892 8.805051803589 14.356019020081
v  26.790758132935 8.985464096069 13.895573616028
v  26.213567733765 9.165868759155 13.841673851013
v  26.017084121704 9.136703491211 14.374009132385
v  25.970182418823 9.092405319214 14.728074073792
v  26.178953170776 8.985461235046 15.001030921936
v  26.521108627319 8.878516197205 15.032979011536
v  26.796216964722 8.834219932556 14.805207252502
v  26.843118667603 8.878515243530 14.451142311096
v  26.634347915649 8.985462188721 14.178193092346
v  26.292196273804 9.092407226563 14.146241188049
v  30.497381210327 9.463048934937 -0.046035785228
v  29.891576766968 9.423142433167 -0.044576626271
v  30.048124313354 9.370388031006 0.351661771536
v  30.424127578735 9.243022918701 0.515039622784
v  30.799348831177 9.115661621094 0.349850028753
v  30.953977584839 9.062905311584 -0.047137852758
v  30.797430038452 9.115659713745 -0.443376213312
v  30.421426773071 9.243022918701 -0.606757938862
v  30.046209335327 9.370386123657 -0.441568285227
v  29.583551406860 9.238224029541 -0.043834492564
v  29.804933547974 9.163616180420 0.516535103321
v  30.336687088013 8.983497619629 0.747581958771
v  30.867326736450 8.803377151489 0.513968110085
v  31.086004257202 8.728771209717 -0.047456059605
v  30.864625930786 8.803377151489 -0.607825636864
v  30.332864761353 8.983496665955 -0.838872432709
v  29.802228927612 9.163616180420 -0.605258643627
v  29.889455795288 9.134498596191 -0.044570628554
v  30.020689010620 9.090272903442 0.287615209818
v  30.335908889771 8.983497619629 0.424576252699
v  30.650468826294 8.876724243164 0.286093294621
v  30.780099868774 8.832496643066 -0.046718016267
v  30.648866653442 8.876722335815 -0.378903806210
v  30.333642959595 8.983497619629 -0.515866696835
v  30.019086837769 9.090270996094 -0.377383798361
v  26.772920608521 9.454912185669 -14.270289421082
v  26.239080429077 9.415288925171 -13.983872413635
v  26.563669204712 9.362461090088 -13.707923889160
v  26.972269058228 9.234920501709 -13.740709304810
v  27.225534439087 9.107379913330 -14.063027381897
v  27.175096511841 9.054550170898 -14.486063957214
v  26.850511550903 9.107378959656 -14.762011528015
v  26.441911697388 9.234920501709 -14.729226112366
v  26.188646316528 9.362459182739 -14.406908988953
v  25.967569351196 9.230515480042 -13.838202476501
v  26.426607131958 9.155803680420 -13.447953224182
v  27.004457473755 8.975433349609 -13.494320869446
v  27.362623214722 8.795064926147 -13.950143814087
v  27.291303634644 8.720354080200 -14.548409461975
v  26.832262039185 8.795063972473 -14.938658714294
v  26.254415512085 8.975433349609 -14.892291069031
v  25.896249771118 9.155803680420 -14.436469078064
v  26.237089157104 9.126644134521 -13.982800483704
v  26.509199142456 9.082356452942 -13.751463890076
v  26.851747512817 8.975434303284 -13.778950691223
v  27.064065933228 8.868512153625 -14.049160957336
v  27.021783828735 8.824222564697 -14.403807640076
v  26.749673843384 8.868513107300 -14.635146141052
v  26.407129287720 8.975433349609 -14.607660293579
v  26.194807052612 9.082355499268 -14.337450027466
v  14.649091720581 9.464911460876 -26.529766082764
v  14.355731964111 9.425332069397 -25.999696731567
v  14.778076171875 9.372490882874 -25.943748474121
v  15.103666305542 9.244922637939 -26.192781448364
v  15.141775131226 9.117355346680 -26.600915908813
v  14.870082855225 9.064514160156 -26.929073333740
v  14.447734832764 9.117354393005 -26.985021591187
v  14.122146606445 9.244922637939 -26.735988616943
v  14.084037780762 9.372491836548 -26.327854156494
v  14.206525802612 9.240577697754 -25.730098724365
v  14.803810119629 9.165851593018 -25.650974273682
v  15.264265060425 8.985441207886 -26.003164291382
v  15.318159103394 8.805032730103 -26.580354690552
v  14.933925628662 8.730304718018 -27.044437408447
v  14.336641311646 8.805032730103 -27.123559951782
v  13.876186370850 8.985441207886 -26.771373748779
v  13.822290420532 9.165849685669 -26.194183349609
v  14.354625701904 9.136685371399 -25.997701644897
v  14.708692550659 9.092387199402 -25.950798034668
v  14.981647491455 8.985441207886 -26.159572601318
v  15.013595581055 8.878496170044 -26.501728057861
v  14.785823822021 8.834197044373 -26.776834487915
v  14.431758880615 8.878496170044 -26.823738098145
v  14.158803939819 8.985441207886 -26.614963531494
v  14.126853942871 9.092386245728 -26.272808074951
v  -16.699876785278 10.228717803955 -0.028630884364
v  -16.189655303955 10.557679176331 -0.021782169119
v  -16.356595993042 10.528278350830 0.372627884150
v  -16.748981475830 10.457298278809 0.531658947468
v  -17.136955261230 10.386318206787 0.362152904272
v  -17.293251037598 10.356916427612 -0.036595944315
v  -17.126308441162 10.386317253113 -0.431005984545
v  -16.733924865723 10.457298278809 -0.590037167072
v  -16.345949172974 10.528278350830 -0.420531272888
v  -16.010131835938 10.868873596191 -0.019372519106
v  -16.246221542358 10.827295303345 0.538407385349
v  -16.801137924194 10.726913452148 0.763311505318
v  -17.349817276001 10.626531600952 0.523593723774
v  -17.570850372314 10.584952354431 -0.040322363377
v  -17.334760665894 10.626531600952 -0.598102271557
v  -16.779844284058 10.726913452148 -0.823006391525
v  -16.231164932251 10.827294349670 -0.583289027214
v  -16.327898025513 10.811066627502 -0.023637978360
v  -16.467851638794 10.786418914795 0.307010978460
v  -16.796802520752 10.726913452148 0.440332829952
v  -17.122056961060 10.667407989502 0.298229426146
v  -17.253084182739 10.642759323120 -0.036056935787
v  -17.113130569458 10.667407989502 -0.366705894470
v  -16.784179687500 10.726913452148 -0.500027835369
v  -16.458925247192 10.786418914795 -0.357924610376
v  -13.759187698364 6.910161018372 -25.638746261597
v  -13.542470932007 7.310515403748 -25.237071990967
v  -13.965390205383 7.257688522339 -25.185651779175
v  -14.288297653198 7.130154609680 -25.438165664673
v  -14.322038650513 7.002620697021 -25.846689224243
v  -14.046849250793 6.949794769287 -26.171918869019
v  -13.623929977417 7.002620697021 -26.223340988159
v  -13.301023483276 7.130154609680 -25.970829010010
v  -13.267282485962 7.257687568665 -25.562303543091
v  -13.479852676392 7.644709587097 -25.121009826660
v  -14.077949523926 7.570002555847 -25.048290252686
v  -14.534609794617 7.389641761780 -25.405393600464
v  -14.582326889038 7.209281921387 -25.983137130737
v  -14.193149566650 7.134573936462 -26.443084716797
v  -13.595052719116 7.209280967712 -26.515804290771
v  -13.138393402100 7.389641761780 -26.158697128296
v  -13.090675354004 7.570000648499 -25.580955505371
v  -13.625082015991 7.540844917297 -25.390188217163
v  -13.979630470276 7.496558189392 -25.347078323364
v  -14.250335693359 7.389641761780 -25.558769226074
v  -14.278622627258 7.282724380493 -25.901252746582
v  -14.047920227051 7.238438606262 -26.173906326294
v  -13.693372726440 7.282725334167 -26.217014312744
v  -13.422666549683 7.389641761780 -26.005323410034
v  -13.394379615784 7.496558189392 -25.662839889526
v  -25.336681365967 6.947919845581 -14.110775947571
v  -24.938440322876 7.348324775696 -13.887882232666
v  -25.267894744873 7.295482635498 -13.617759704590
v  -25.675842285156 7.167907714844 -13.657820701599
v  -25.923313140869 7.040332794189 -13.984595298767
v  -25.865343093872 6.987489700317 -14.406668663025
v  -25.535888671875 7.040332794189 -14.676792144775
v  -25.127943038940 7.167907714844 -14.636733055115
v  -24.880470275879 7.295482635498 -14.309954643250
v  -24.823390960693 7.682537078857 -13.823490142822
v  -25.289306640625 7.607805252075 -13.441476821899
v  -25.866233825684 7.427387237549 -13.498130798340
v  -26.216209411621 7.246969223022 -13.960264205933
v  -26.134227752686 7.172237396240 -14.557165145874
v  -25.668312072754 7.246969223022 -14.939178466797
v  -25.091388702393 7.427387237549 -14.882523536682
v  -24.741409301758 7.607805252075 -14.420391082764
v  -25.090282440186 7.578639030457 -13.972867965698
v  -25.366474151611 7.534337997437 -13.746414184570
v  -25.708471298218 7.427387237549 -13.779997825623
v  -25.915935516357 7.320436477661 -14.053947448730
v  -25.867338180542 7.276135444641 -14.407786369324
v  -25.591144561768 7.320436477661 -14.634241104126
v  -25.249147415161 7.427387237549 -14.600657463074
v  -25.041683197021 7.534337997437 -14.326707839966
v  -29.196456909180 6.938962936401 0.123128294945
v  -28.737010955811 7.335822105408 0.124246962368
v  -28.893932342529 7.284184455872 0.520482301712
v  -29.270851135254 7.159520149231 0.683848679066
v  -29.646965026855 7.034855842590 0.518648564816
v  -29.801958084106 6.983217239380 0.121653795242
v  -29.645034790039 7.034853935242 -0.274581432343
v  -29.268119812012 7.159518241882 -0.437947988510
v  -28.892002105713 7.284184455872 -0.272747993469
v  -28.602586746216 7.668999671936 0.124574169517
v  -28.824512481689 7.595973014832 0.684935271740
v  -29.357551574707 7.419670104980 0.915970563889
v  -29.889461517334 7.243368148804 0.682342171669
v  -30.108650207520 7.170341491699 0.120906814933
v  -29.886730194092 7.243367195129 -0.439454317093
v  -29.353687286377 7.419671058655 -0.670489549637
v  -28.821779251099 7.595973014832 -0.436861515045
v  -28.909225463867 7.567471504211 0.123827449977
v  -29.040779113770 7.524182319641 0.456006556749
v  -29.356765747070 7.419671058655 0.592962861061
v  -29.672077178955 7.315159797668 0.454469293356
v  -29.802013397217 7.271868705750 0.121653474867
v  -29.670457839966 7.315159797668 -0.210525631905
v  -29.354473114014 7.419670104980 -0.347482025623
v  -29.039161682129 7.524182319641 -0.208988577127
v  0.048025131226 10.228715896606 -16.680488586426
v  0.041175842285 10.557676315308 -16.170267105103
v  -0.353235244751 10.528274536133 -16.337207794189
v  -0.512266159058 10.457294464111 -16.729593276978
v  -0.342760086060 10.386314392090 -17.117568969727
v  0.055990219116 10.356912612915 -17.273862838745
v  0.450399398804 10.386314392090 -17.106920242310
v  0.609428405762 10.457294464111 -16.714536666870
v  0.439924240112 10.528274536133 -16.326562881470
v  0.038766860962 10.868870735168 -15.990741729736
v  -0.519016265869 10.827291488647 -16.226833343506
v  -0.743919372559 10.726909637451 -16.781749725342
v  -0.504201889038 10.626527786255 -17.330429077148
v  0.059713363647 10.584949493408 -17.551462173462
v  0.617496490479 10.626527786255 -17.315372467041
v  0.842397689819 10.726909637451 -16.760457992554
v  0.602680206299 10.827291488647 -16.211776733398
v  0.043031692505 10.811063766479 -16.308509826660
v  -0.287618637085 10.786415100098 -16.448463439941
v  -0.420940399170 10.726909637451 -16.777414321899
v  -0.278837203979 10.667405128479 -17.102668762207
v  0.055448532104 10.642755508423 -17.233695983887
v  0.386096954346 10.667404174805 -17.093742370605
v  0.519420623779 10.726909637451 -16.764791488647
v  0.377317428589 10.786415100098 -16.439538955688
v  25.658143997192 6.910171508789 -13.739800453186
v  25.256467819214 7.310523986816 -13.523084640503
v  25.205049514771 7.257696151733 -13.946004867554
v  25.457563400269 7.130163192749 -14.268911361694
v  25.866086959839 7.002630233765 -14.302652359009
v  26.191312789917 6.949804306030 -14.027462959290
v  26.242738723755 7.002630233765 -13.604543685913
v  25.990224838257 7.130163192749 -13.281638145447
v  25.581705093384 7.257699012756 -13.247896194458
v  25.140405654907 7.644720077515 -13.460467338562
v  25.067686080933 7.570011138916 -14.058564186096
v  25.424787521362 7.389650344849 -14.515225410461
v  26.002538681030 7.209291458130 -14.562941551208
v  26.462484359741 7.134582519531 -14.173764228821
v  26.535200119019 7.209291458130 -13.575668334961
v  26.178094863892 7.389652252197 -13.119009017944
v  25.600355148315 7.570012092590 -13.071290969849
v  25.409585952759 7.540855407715 -13.605697631836
v  25.366479873657 7.496567726135 -13.960245132446
v  25.578168869019 7.389650344849 -14.230950355530
v  25.920652389526 7.282733917236 -14.259237289429
v  26.193304061890 7.238449096680 -14.028536796570
v  26.236413955688 7.282733917236 -13.673988342285
v  26.024721145630 7.389652252197 -13.403280258179
v  25.682241439819 7.496568679810 -13.374994277954
v  14.130172729492 6.947917938232 -25.317295074463
v  13.907276153564 7.348323822021 -24.919052124023
v  13.637153625488 7.295481681824 -25.248508453369
v  13.677215576172 7.167905807495 -25.656454086304
v  14.003992080688 7.040330886841 -25.903926849365
v  14.426063537598 6.987486839294 -25.845958709717
v  14.696189880371 7.040330886841 -25.516502380371
v  14.656129837036 7.167907714844 -25.108558654785
v  14.329347610474 7.295481681824 -24.861085891724
v  13.842884063721 7.682536125183 -24.804002761841
v  13.460872650146 7.607805252075 -25.269920349121
v  13.517526626587 7.427385330200 -25.846845626831
v  13.979656219482 7.246968269348 -26.196823120117
v  14.576559066772 7.172237396240 -26.114841461182
v  14.958572387695 7.246969223022 -25.648923873901
v  14.901918411255 7.427386283875 -25.072000503540
v  14.439786911011 7.607805252075 -24.722023010254
v  13.992263793945 7.578638076782 -25.070890426636
v  13.765808105469 7.534337997437 -25.347085952759
v  13.799390792847 7.427387237549 -25.689083099365
v  14.073345184326 7.320436477661 -25.896549224854
v  14.427185058594 7.276135444641 -25.847953796387
v  14.653638839722 7.320436477661 -25.571754455566
v  14.620052337646 7.427387237549 -25.229759216309
v  14.346101760864 7.534337043762 -25.022293090820
v  -0.103734970093 6.938954353333 -29.177074432373
v  -0.104854583740 7.335812568665 -28.717620849609
v  -0.501091003418 7.284173965454 -28.874546051025
v  -0.664455413818 7.159510612488 -29.251462936401
v  -0.499256134033 7.034846305847 -29.627578735352
v  -0.102262496948 6.983206748962 -29.782569885254
v  0.293975830078 7.034846305847 -29.625644683838
v  0.457340240479 7.159510612488 -29.248731613159
v  0.292140960693 7.284174919128 -28.872615814209
v  -0.105182647705 7.668990135193 -28.583200454712
v  -0.665542602539 7.595963478088 -28.805122375488
v  -0.896579742432 7.419660568237 -29.338161468506
v  -0.662948608398 7.243358612061 -29.870073318481
v  -0.101514816284 7.170331954956 -30.089263916016
v  0.458847045898 7.243358612061 -29.867338180542
v  0.689882278442 7.419661521912 -29.334297180176
v  0.456253051758 7.595963478088 -28.802387237549
v  -0.104434967041 7.567461967468 -28.889837265015
v  -0.436614990234 7.524172782898 -29.021389007568
v  -0.573570251465 7.419660568237 -29.337377548218
v  -0.435075759888 7.315150260925 -29.652687072754
v  -0.102260589600 7.271859169006 -29.782627105713
v  0.229917526245 7.315150260925 -29.651069641113
v  0.366874694824 7.419661521912 -29.335083007813
v  0.228380203247 7.524171829224 -29.019769668579
v  16.699880599976 10.228725433350 0.067388713360
v  16.189653396606 10.557685852051 0.060539633036
v  16.356599807739 10.528285980225 -0.333870351315
v  16.748983383179 10.457305908203 -0.492901444435
v  17.136957168579 10.386325836182 -0.323395192623
v  17.293252944946 10.356922149658 0.075353644788
v  17.126310348511 10.386323928833 0.469763576984
v  16.733922958374 10.457305908203 0.628794670105
v  16.345952987671 10.528284072876 0.459288746119
v  16.010129928589 10.868881225586 0.058129675686
v  16.246221542358 10.827301025391 -0.499650239944
v  16.801137924194 10.726919174194 -0.724554002285
v  17.349817276001 10.626537322998 -0.484836101532
v  17.570852279663 10.584959030151 0.079079858959
v  17.334760665894 10.626539230347 0.636859834194
v  16.779848098755 10.726919174194 0.861763775349
v  16.231168746948 10.827301025391 0.622046113014
v  16.327901840210 10.811073303223 0.062395196408
v  16.467851638794 10.786426544189 -0.268253684044
v  16.796804428101 10.726919174194 -0.401575475931
v  17.122056961060 10.667415618896 -0.259472012520
v  17.253091812134 10.642765998840 0.074814379215
v  17.113134384155 10.667413711548 0.405463278294
v  16.784181594849 10.726921081543 0.538785159588
v  16.458929061890 10.786424636841 0.396681845188
v  13.759189605713 6.910193443298 25.677503585815
v  13.542472839355 7.310545921326 25.275829315186
v  13.965391159058 7.257719039917 25.224409103394
v  14.288297653198 7.130185127258 25.476921081543
v  14.322042465210 7.002651214600 25.885446548462
v  14.046850204468 6.949826240540 26.210676193237
v  13.623931884766 7.002652168274 26.262098312378
v  13.301023483276 7.130187034607 26.009584426880
v  13.267282485962 7.257719993591 25.601060867310
v  13.479852676392 7.644739151001 25.159767150879
v  14.077951431274 7.570033073425 25.087051391602
v  14.534612655640 7.389672279358 25.444154739380
v  14.582326889038 7.209314346313 26.021896362305
v  14.193151473999 7.134604454041 26.481842041016
v  13.595052719116 7.209313392639 26.554559707642
v  13.138395309448 7.389673233032 26.197456359863
v  13.090677261353 7.570033073425 25.619714736938
v  13.625083923340 7.540875434875 25.428947448730
v  13.979631423950 7.496588706970 25.385839462280
v  14.250337600708 7.389672279358 25.597530364990
v  14.278623580933 7.282755851746 25.940013885498
v  14.047922134399 7.238470077515 26.212661743164
v  13.693372726440 7.282755851746 26.255771636963
v  13.422666549683 7.389673233032 26.044084548950
v  13.394382476807 7.496590614319 25.701599121094
v  25.336683273315 6.947940826416 14.149538040161
v  24.938444137573 7.348346710205 13.926640510559
v  25.267896652222 7.295502662659 13.656517982483
v  25.675844192505 7.167927742004 13.696578979492
v  25.923315048218 7.040353775024 14.023357391357
v  25.865343093872 6.987511634827 14.445431709290
v  25.535894393921 7.040354728699 14.715553283691
v  25.127943038940 7.167927742004 14.675491333008
v  24.880472183228 7.295502662659 14.348713874817
v  24.823392868042 7.682559013367 13.862248420715
v  25.289308547974 7.607827186584 13.480235099792
v  25.866235733032 7.427409172058 13.536890983582
v  26.216211318970 7.246991157532 13.999021530151
v  26.134233474731 7.172259330750 14.595924377441
v  25.668313980103 7.246991157532 14.977936744690
v  25.091390609741 7.427409172058 14.921282768250
v  24.741411209106 7.607827186584 14.459149360657
v  25.090280532837 7.578660011292 14.011627197266
v  25.366476058960 7.534359931946 13.785172462463
v  25.708475112915 7.427408218384 13.818756103516
v  25.915937423706 7.320457458496 14.092705726624
v  25.867345809937 7.276158332825 14.446544647217
v  25.591146469116 7.320458412170 14.672999382019
v  25.249147415161 7.427407264709 14.639415740967
v  25.041685104370 7.534359931946 14.365466117859
v  29.196462631226 6.938971519470 -0.084366880357
v  28.737012863159 7.335828781128 -0.085486032069
v  28.893938064575 7.284192085266 -0.481721192598
v  29.270853042603 7.159525871277 -0.645087480545
v  29.646970748901 7.034863471985 -0.479887187481
v  29.801961898804 6.983224868774 -0.082892388105
v  29.645040512085 7.034861564636 0.313342660666
v  29.268121719360 7.159525871277 0.476709008217
v  28.892004013062 7.284190177917 0.311509013176
v  28.602590560913 7.669006347656 -0.085813514888
v  28.824518203735 7.595980644226 -0.646174550056
v  29.357557296753 7.419678688049 -0.877209544182
v  29.889463424683 7.243376731873 -0.643580853939
v  30.108655929565 7.170349121094 -0.082145631313
v  29.886732101440 7.243376731873 0.478215396404
v  29.353689193726 7.419678688049 0.709250569344
v  28.821779251099 7.595980644226 0.475622177124
v  28.909223556519 7.567478179932 -0.085066653788
v  29.040781021118 7.524188041687 -0.417245835066
v  29.356767654419 7.419678688049 -0.554201781750
v  29.672082901001 7.315167427063 -0.415708243847
v  29.802015304565 7.271876335144 -0.082892380655
v  29.670461654663 7.315166473389 0.249286651611
v  29.354475021362 7.419678688049 0.386242926121
v  29.039167404175 7.524188041687 0.247749388218
v  -0.048021316528 10.228726387024 16.719247817993
v  -0.041172027588 10.557686805725 16.209028244019
v  0.353239059448 10.528285980225 16.375965118408
v  0.512269973755 10.457305908203 16.768350601196
v  0.342763900757 10.386325836182 17.156326293945
v  -0.055986404419 10.356925010681 17.312620162964
v  -0.450395584106 10.386325836182 17.145681381226
v  -0.609426498413 10.457305908203 16.753295898438
v  -0.439920425415 10.528285980225 16.365322113037
v  -0.038761138916 10.868881225586 16.029502868652
v  0.519016265869 10.827301979065 16.265592575073
v  0.743923187256 10.726921081543 16.820510864258
v  0.504203796387 10.626540184021 17.369186401367
v  -0.059711456299 10.584960937500 17.590221405029
v  -0.617492675781 10.626539230347 17.354129791260
v  -0.842396736145 10.726921081543 16.799215316772
v  -0.602678298950 10.827301979065 16.250535964966
v  -0.043027877808 10.811074256897 16.347270965576
v  0.287620544434 10.786426544189 16.487222671509
v  0.420944213867 10.726921081543 16.816173553467
v  0.278841018677 10.667415618896 17.141426086426
v  -0.055446624756 10.642767906189 17.272455215454
v  -0.386096954346 10.667415618896 17.132501602173
v  -0.519416809082 10.726921081543 16.803550720215
v  -0.377315521240 10.786426544189 16.478296279907
v  -25.658142089844 6.910178184509 13.778560638428
v  -25.256469726563 7.310531616211 13.561843872070
v  -25.205047607422 7.257706642151 13.984761238098
v  -25.457561492920 7.130172729492 14.307669639587
v  -25.866085052490 7.002637863159 14.341412544250
v  -26.191312789917 6.949812889099 14.066223144531
v  -26.242734909058 7.002637863159 13.643303871155
v  -25.990222930908 7.130170822144 13.320394515991
v  -25.581699371338 7.257705688477 13.286653518677
v  -25.140403747559 7.644725799561 13.499225616455
v  -25.067684173584 7.570018768311 14.097322463989
v  -25.424793243408 7.389659881592 14.553981781006
v  -26.002532958984 7.209299087524 14.601698875427
v  -26.462484359741 7.134590148926 14.212522506714
v  -26.535200119019 7.209297180176 13.614423751831
v  -26.178092956543 7.389657974243 13.157765388489
v  -25.600349426270 7.570018768311 13.110048294067
v  -25.409584045410 7.540861129761 13.644454002380
v  -25.366476058960 7.496576309204 13.999002456665
v  -25.578163146973 7.389659881592 14.269708633423
v  -25.920650482178 7.282741546631 14.297996520996
v  -26.193298339844 7.238457679749 14.067293167114
v  -26.236408233643 7.282741546631 13.712744712830
v  -26.024719238281 7.389657974243 13.442040443420
v  -25.682235717773 7.496574401855 13.413753509521
v  -14.130170822144 6.947938919067 25.356054306030
v  -13.907274246216 7.348342895508 24.957817077637
v  -13.637152671814 7.295499801636 25.287267684937
v  -13.677212715149 7.167924880981 25.695213317871
v  -14.003991127014 7.040349960327 25.942682266235
v  -14.426063537598 6.987507820129 25.884716033936
v  -14.696186065674 7.040350914001 25.555261611938
v  -14.656124114990 7.167924880981 25.147314071655
v  -14.329349517822 7.295499801636 24.899845123291
v  -13.842883110046 7.682555198669 24.842763900757
v  -13.460868835449 7.607824325562 25.308679580688
v  -13.517523765564 7.427406311035 25.885606765747
v  -13.979656219482 7.246988296509 26.235582351685
v  -14.576558113098 7.172255516052 26.153600692749
v  -14.958572387695 7.246987342834 25.687683105469
v  -14.901917457581 7.427404403687 25.110759735107
v  -14.439784049988 7.607823371887 24.760784149170
v  -13.992262840271 7.578656196594 25.109655380249
v  -13.765806198120 7.534357070923 25.385847091675
v  -13.799390792847 7.427406311035 25.727846145630
v  -14.073340415955 7.320455551147 25.935310363770
v  -14.427180290222 7.276154518127 25.886711120605
v  -14.653635025024 7.320453643799 25.610519409180
v  -14.620049476624 7.427406311035 25.268522262573
v  -14.346100807190 7.534356117249 25.061058044434
v  0.103736877441 6.938976287842 29.215829849243
v  0.104856491089 7.335834503174 28.756381988525
v  0.501091003418 7.284196853638 28.913305282593
v  0.664457321167 7.159532546997 29.290222167969
v  0.499258041382 7.034868240356 29.666337966919
v  0.102262496948 6.983230590820 29.821329116821
v  -0.293972015381 7.034868240356 29.664403915405
v  -0.457340240479 7.159532546997 29.287490844727
v  -0.292139053345 7.284196853638 28.911375045776
v  0.105184555054 7.669012069702 28.621957778931
v  0.665544509888 7.595985412598 28.843885421753
v  0.896577835083 7.419683456421 29.376924514771
v  0.662952423096 7.243381500244 29.908830642700
v  0.101516723633 7.170354843140 30.128021240234
v  -0.458845138550 7.243381500244 29.906103134155
v  -0.689880371094 7.419683456421 29.373062133789
v  -0.456253051758 7.595986366272 28.841152191162
v  0.104434967041 7.567483901978 28.928596496582
v  0.436616897583 7.524193763733 29.060155868530
v  0.573570251465 7.419683456421 29.376136779785
v  0.435079574585 7.315172195435 29.691452026367
v  0.102264404297 7.271883010864 29.821386337280
v  -0.229917526245 7.315172195435 29.689830780029
v  -0.366872787476 7.419683456421 29.373847961426
v  -0.228380203247 7.524194717407 29.058536529541
# 2159 vertices

vn -0.199804708362 0.974607408047 0.101086534560
vn -0.105997279286 0.988700866699 0.105996347964
vn -0.120033025742 0.992757856846 -0.004895082675
vn -0.214546382427 0.976713061333 -0.001218838966
vn -0.169066563249 0.972617149353 0.159475311637
vn -0.097139261663 0.975575983524 0.197016239166
vn 0.004894133657 0.992757976055 0.120032086968
vn 0.003411838552 0.976708233356 0.214544400573
vn -0.106024987996 0.988694667816 -0.106025911868
vn -0.004894133192 0.992757737637 -0.120033949614
vn -0.003411835060 0.976707935333 -0.214546203613
vn -0.097855776548 0.975986063480 -0.194616183639
vn -0.191823050380 0.976926684380 -0.093905061483
vn -0.153360381722 0.974641621113 -0.162954732776
vn 0.000000001196 1.000000000000 -0.000000954870
vn 0.106024980545 0.988694906235 0.106024034321
vn 0.097855798900 0.975986421108 0.194614455104
vn 0.191823020577 0.976926922798 0.093903213739
vn 0.153360307217 0.974641978741 0.162952929735
vn 0.214546367526 0.976713061333 0.001216974226
vn 0.120033025742 0.992757856846 0.004893193487
vn 0.105997264385 0.988700628281 -0.105998218060
vn 0.199804738164 0.974607169628 -0.101088427007
vn 0.169066607952 0.972616791725 -0.159477159381
vn 0.097139269114 0.975575625896 -0.197018072009
vn 0.270647943020 0.956215381622 -0.111363239586
vn 0.292411625385 0.956292390823 -0.000575440004
vn 0.322267562151 0.946648597717 -0.000000929904
vn 0.298572659492 0.946339905262 -0.123673707247
vn 0.206674277782 0.957032859325 -0.203405678272
vn 0.227877557278 0.946648418903 -0.227878421545
vn 0.111329749227 0.955494940281 -0.273194402456
vn 0.123672932386 0.946339607239 -0.298573732376
vn -0.000574485806 0.956292092800 -0.292412519455
vn 0.000000018976 0.946648299694 -0.322268545628
vn -0.111362442374 0.956215262413 -0.270648926497
vn -0.123673066497 0.946339607239 -0.298573851585
vn -0.203404888511 0.957032859325 -0.206675156951
vn -0.227877557278 0.946648418903 -0.227878406644
vn -0.273193448782 0.955495059490 -0.111330591142
vn -0.298572659492 0.946339905262 -0.123673729599
vn -0.292411625385 0.956292390823 0.000573583879
vn -0.322267532349 0.946648657322 -0.000000921771
vn -0.270647853613 0.956215679646 0.111361414194
vn -0.298572629690 0.946340143681 0.123671934009
vn -0.206674247980 0.957033216953 0.203403964639
vn -0.227877467871 0.946648895741 0.227876663208
vn -0.111329644918 0.955495476723 0.273192346096
vn -0.123672738671 0.946340382099 0.298571556807
vn 0.000574557751 0.956292688847 0.292410671711
vn 0.000000057607 0.946648955345 0.322266519070
vn 0.111362189054 0.956215858459 0.270646780729
vn 0.123672626913 0.946340441704 0.298571437597
vn 0.203404873610 0.957033157349 0.206673473120
vn 0.227877706289 0.946648776531 0.227876797318
vn 0.273193389177 0.955495297909 0.111328810453
vn 0.298572599888 0.946340143681 0.123671963811
vn 0.120076224208 -0.992752730846 0.004871518817
vn 0.106073729694 -0.988683521748 -0.106081813574
vn 0.199797958136 -0.974601745605 -0.101154662669
vn 0.214570686221 -0.976707696915 0.001225836691
vn 0.169057026505 -0.972628772259 -0.159414783120
vn 0.097196377814 -0.975572109222 -0.197007462382
vn -0.004869172350 -0.992752134800 -0.120081111789
vn -0.003389374819 -0.976705193520 -0.214558750391
vn 0.003389367601 -0.976704835892 0.214560478926
vn 0.004869168159 -0.992751896381 0.120082989335
vn 0.106064528227 -0.988686382771 0.106063880026
vn 0.097912855446 -0.975974738598 0.194644317031
vn 0.191864430904 -0.976913034916 0.093962207437
vn 0.153418272734 -0.974612832069 0.163072437048
vn 0.000000000000 -1.000000000000 0.000000952479
vn -0.106064520776 -0.988686621189 -0.106062002480
vn -0.097912900150 -0.975975036621 -0.194642722607
vn -0.191864416003 -0.976913273335 -0.093960374594
vn -0.153418228030 -0.974613189697 -0.163070738316
vn -0.214570701122 -0.976707696915 -0.001224005246
vn -0.120076209307 -0.992752730846 -0.004869629629
vn -0.106073714793 -0.988683283329 0.106083691120
vn -0.199797958136 -0.974601507187 0.101156517863
vn -0.169057026505 -0.972628414631 0.159416586161
vn -0.097196362913 -0.975571751595 0.197009205818
vn -0.322408705950 -0.946600556374 0.000007355369
vn -0.292500406504 -0.956265211105 0.000566370436
vn -0.270709156990 -0.956191241741 0.111421972513
vn -0.298708856106 -0.946290075779 0.123725943267
vn -0.206692725420 -0.957023620605 0.203430473804
vn -0.228004246950 -0.946593701839 0.227978959680
vn -0.111379183829 -0.955470919609 0.273258239031
vn -0.123714148998 -0.946294188499 0.298700630665
vn 0.000568702177 -0.956263661385 0.292505502701
vn 0.000006417374 -0.946600198746 0.322409868240
vn 0.111422188580 -0.956187009811 0.270724058151
vn 0.123725503683 -0.946289598942 0.298710465431
vn 0.203435957432 -0.957020401955 0.206702232361
vn 0.227978095412 -0.946593701839 0.228005141020
vn 0.298699617386 -0.946294426918 0.123714923859
vn 0.273267090321 -0.955468833447 0.111374966800
vn 0.292500406504 -0.956265211105 -0.000564577524
vn 0.322408676147 -0.946600556374 -0.000005560038
vn 0.270709127188 -0.956191480160 -0.111420199275
vn 0.298708856106 -0.946290314198 -0.123724192381
vn 0.206692710519 -0.957023978233 -0.203428715467
vn 0.228004142642 -0.946594178677 -0.227977186441
vn 0.111379042268 -0.955471515656 -0.273256093264
vn 0.123713828623 -0.946295082569 -0.298698127270
vn -0.000568809861 -0.956264317036 -0.292503476143
vn -0.000006523110 -0.946600973606 -0.322407484055
vn -0.111421927810 -0.956187665462 -0.270721793175
vn -0.123724915087 -0.946290612221 -0.298707693815
vn -0.203435912728 -0.957020759583 -0.206700459123
vn -0.227978006005 -0.946594178677 -0.228003352880
vn -0.273266971111 -0.955469071865 -0.111373186111
vn -0.298699319363 -0.946294784546 -0.123713091016
vn 0.874292969704 -0.323128134012 -0.362215399742
vn 0.928895354271 -0.316223114729 -0.192759796977
vn 0.928866624832 -0.316307067871 -0.192760601640
vn 0.874289810658 -0.323131114244 -0.362220406532
vn 0.669417202473 -0.322313874960 -0.669323801994
vn 0.669422447681 -0.322310566902 -0.669320166111
vn 0.362093329430 -0.323128223419 -0.874343514442
vn 0.362087637186 -0.323131203651 -0.874344766140
vn 0.192889541388 -0.316306054592 -0.928840219975
vn 0.192902728915 -0.316214799881 -0.928868532181
vn -0.362215489149 -0.323128253222 -0.874292910099
vn -0.192760124803 -0.316223859787 -0.928895056248
vn -0.192760914564 -0.316307812929 -0.928866326809
vn -0.362220704556 -0.323131293058 -0.874289631844
vn -0.669324040413 -0.322313845158 -0.669417023659
vn -0.669320344925 -0.322310596704 -0.669422209263
vn -0.874343812466 -0.323127776384 -0.362093061209
vn -0.874345064163 -0.323130756617 -0.362087279558
vn -0.928840517998 -0.316305369139 -0.192889228463
vn -0.928868830204 -0.316214114428 -0.192902445793
vn -0.874293148518 -0.323127031326 0.362215965986
vn -0.928895354271 -0.316222757101 0.192760542035
vn -0.928866565228 -0.316306680441 0.192761331797
vn -0.874289929867 -0.323130071163 0.362221002579
vn -0.669417440891 -0.322312265635 0.669324338436
vn -0.669422626495 -0.322308987379 0.669320702553
vn -0.362093269825 -0.323126584291 0.874344110489
vn -0.362087547779 -0.323129534721 0.874345421791
vn -0.192889437079 -0.316304266453 0.928840816021
vn -0.192902639508 -0.316213011742 0.928869128227
vn 0.362215608358 -0.323126226664 0.874293565750
vn 0.192759975791 -0.316222071648 0.928895711899
vn 0.192760750651 -0.316305994987 0.928866922855
vn 0.362220734358 -0.323129296303 0.874290347099
vn 0.669324100018 -0.322312593460 0.669417560101
vn 0.669320464134 -0.322309315205 0.669422745705
vn 0.928840458393 -0.316305011511 0.192890003324
vn 0.874343812466 -0.323127031326 0.362093657255
vn 0.874345064163 -0.323130071163 0.362087965012
vn 0.928868770599 -0.316213756800 0.192903205752
vn -0.088959775865 0.995713174343 -0.025326903909
vn 0.000000002374 0.951789140701 -0.306752979755
vn 0.000002809977 0.739727556705 -0.672906458378
vn -0.134004712105 0.740043878555 -0.659073412418
vn -0.257707208395 0.739664256573 -0.621678173542
vn 0.015814632177 0.999162256718 0.037746183574
vn -0.372078627348 0.739084362984 -0.561526298523
vn -0.476790219545 0.738472580910 -0.476790666580
vn 0.027458937839 0.999245703220 0.027458218858
vn 0.022330481559 0.999196290970 0.033288802952
vn -0.387809842825 0.901149511337 -0.193734541535
vn -0.321253418922 0.904922366142 -0.279126942158
vn 0.000000000593 0.979303121567 -0.202399089932
vn 0.000000000000 0.970415592194 -0.241440594196
vn -0.520906507969 0.829211115837 -0.202645987272
vn -0.000000022244 0.984275102615 -0.176642328501
vn 0.362812489271 0.925816535950 0.105975762010
vn 0.520925700665 0.829271972179 -0.202347323298
vn -0.000000364348 0.986909210682 -0.161276787519
vn -0.304250329733 0.945269167423 -0.117889657617
vn 0.000000000000 0.961464047432 -0.274930775166
vn 0.089240543544 0.995678365231 -0.025704270229
vn 0.134008079767 0.740040838718 -0.659076154232
vn -0.015784481540 0.999163329601 0.037729896605
vn 0.257708996534 0.739660322666 -0.621682167053
vn 0.372077822685 0.739081501961 -0.561530590057
vn -0.022319572046 0.999196529388 0.033289093524
vn -0.027462398633 0.999245524406 0.027461681515
vn 0.476793944836 0.738467752934 -0.476794391870
vn 0.387789994478 0.901168584824 -0.193685516715
vn 0.321215331554 0.904922008514 -0.279171824455
vn 0.303822636604 0.945417284966 -0.117804922163
vn -0.003405855270 0.922788679600 0.385291397572
vn -0.362787365913 0.925588607788 0.108032591641
vn -0.000008081327 -0.995889127254 -0.090580187738
vn 0.000000002671 -0.951802968979 0.306710153818
vn 0.025554124266 -0.817177116871 0.575819909573
vn -0.018016530201 -0.996063768864 -0.086788810790
vn 0.248464539647 -0.762514472008 0.597358345985
vn -0.033706806600 -0.996191799641 -0.080409847200
vn 0.456869930029 -0.763242363930 0.456870853901
vn -0.062730811536 -0.996057093143 -0.062730386853
vn -0.048249084502 -0.996195614338 -0.072569116950
vn 0.357819885015 -0.762408316135 0.539164543152
vn -0.000000000890 -0.979317307472 0.202330589294
vn -0.277133613825 -0.955649495125 0.099654376507
vn -0.343165278435 -0.903182327747 0.257874548435
vn 0.000000000297 -0.970412075520 0.241454660892
vn -0.473822206259 -0.874127805233 0.106738343835
vn 0.000000000000 -0.984292268753 0.176546484232
vn 0.474083751440 -0.873960256577 0.106948740780
vn 0.348275512457 -0.841136038303 0.413756340742
vn -0.000000338607 -0.986928284168 0.161159753799
vn 0.000000000000 -0.961447179317 0.274989783764
vn -0.250333219767 -0.877949833870 0.408089786768
vn 0.018008874729 -0.996064782143 -0.086778923869
vn -0.025758147240 -0.817044615746 0.575998842716
vn -0.248445481062 -0.762517094612 0.597362935543
vn 0.033707015216 -0.996192753315 -0.080397576094
vn -0.456872552633 -0.763239502907 0.456873059273
vn -0.357825636864 -0.762404024601 0.539166808128
vn 0.048254463822 -0.996195971966 -0.072560936213
vn 0.062728494406 -0.996057450771 -0.062727525830
vn 0.343208879232 -0.903178632259 0.257829546928
vn 0.277277737856 -0.955599904060 0.099729046226
vn 0.250621676445 -0.877892911434 0.408035248518
vn 0.002080140868 -0.746569275856 0.665304422379
vn -0.347952216864 -0.842224776745 0.411808997393
vn -0.097541123629 -0.319800227880 -0.942450821400
vn -0.188503548503 -0.321805983782 -0.927850902081
vn -0.188446983695 -0.321666836739 -0.927910685539
vn -0.097513414919 -0.319686710835 -0.942492187023
vn 0.364015877247 0.322014689445 0.873955965042
vn -0.158481046557 0.297411620617 0.941504120827
vn -0.159075811505 0.299371451139 0.940782427788
vn 0.363784313202 0.322698563337 0.873800098896
vn -0.362286448479 -0.322645306587 -0.874441862106
vn -0.362242728472 -0.322525531054 -0.874504148960
vn 0.669184029102 0.323087245226 0.669184088707
vn 0.523805975914 0.323122829199 0.788174450397
vn 0.523814916611 0.323144882917 0.788159430027
vn 0.669197022915 0.323033571243 0.669197022915
vn -0.522627472878 -0.323078572750 -0.788974523544
vn -0.669197499752 -0.323031932116 -0.669197320938
vn -0.669188082218 -0.323070526123 -0.669188141823
vn -0.522615551949 -0.323058873415 -0.788990437984
vn -0.995786547661 -0.003085230710 0.091649785638
vn -0.941283345222 -0.087392471731 -0.326110661030
vn -0.940549135208 -0.089344471693 -0.327696353197
vn -0.995810925961 -0.002748690778 0.091395027936
vn -0.997792482376 -0.036100186408 -0.055740233511
vn -0.997802138329 -0.039147969335 -0.053463116288
vn 0.810522496700 0.088934674859 0.578916192055
vn 0.997713029385 -0.039412364364 -0.054912623018
vn 0.997907280922 -0.035767279565 -0.053868282586
vn 0.809506833553 0.091493614018 0.579937636852
vn -0.843203604221 0.125869810581 0.522651433945
vn -0.841992259026 0.128264084458 0.524020433426
vn 0.188545912504 -0.321668148041 -0.927890121937
vn 0.097709126770 -0.319680541754 -0.942474007607
vn 0.097672022879 -0.319798916578 -0.942437708378
vn 0.188468679786 -0.321807920933 -0.927857339382
vn 0.362243860960 -0.322527438402 -0.874502956867
vn 0.362171977758 -0.322646260262 -0.874488890171
vn 0.157892391086 0.299478560686 0.940947711468
vn -0.364701747894 0.322697222233 0.873418092728
vn -0.364607423544 0.322001606226 0.873714148998
vn 0.158287942410 0.297407239676 0.941538035870
vn 0.669188916683 -0.323068439960 -0.669188261032
vn 0.522561967373 -0.323059797287 -0.789025604725
vn 0.522546648979 -0.323077976704 -0.789028286934
vn 0.669198095798 -0.323030501604 -0.669197440147
vn -0.523893237114 0.323145478964 0.788107156754
vn -0.669197142124 0.323034286499 0.669196605682
vn -0.669183909893 0.323089182377 0.669183313847
vn -0.523905694485 0.323121756315 0.788108587265
vn 0.940732836723 -0.089248374104 -0.327194809914
vn 0.995854437351 -0.002870345721 0.090916052461
vn 0.995856583118 -0.003280120902 0.090878807008
vn 0.940082788467 -0.088005542755 -0.329392522573
vn 0.843813300133 0.127400174737 0.521294832230
vn 0.842505216599 0.126199990511 0.523696959019
vn 0.781134545803 0.101092062891 0.616124331951
vn 0.780380010605 0.103276975453 0.616717815399
vn -0.810691356659 0.091194242239 0.578327894211
vn -0.809594810009 0.089170478284 0.580176651478
vn -0.782610118389 0.102815605700 0.613962769508
vn -0.781850278378 0.100946448743 0.615239679813
vn 0.000004694848 0.442505210638 -0.896765947342
vn -0.178023666143 0.441974341869 -0.879185020924
vn 0.170173123479 0.897405028343 0.407069176435
vn -0.219060033560 0.853712201118 0.472428023815
vn -0.342862427235 0.441118329763 -0.829373240471
vn 0.311695456505 0.897603809834 0.311694294214
vn 0.244313552976 0.897663176060 0.366758376360
vn -0.495444446802 0.440685570240 -0.748552620411
vn -0.634704411030 0.440793573856 -0.634705722332
vn -0.723946452141 0.681929767132 -0.104275010526
vn -0.692132294178 0.585570275784 -0.421971917152
vn -0.726272881031 0.670110344887 -0.153231397271
vn 0.640535593033 0.695089399815 0.326442748308
vn 0.726244032383 0.670193076134 -0.153006359935
vn -0.624899625778 0.717447996140 0.307845443487
vn 0.178027182817 0.441982775927 -0.879180014133
vn 0.342860281467 0.441129654646 -0.829368114471
vn 0.220922678709 0.852856099606 0.473106473684
vn -0.170147523284 0.897383451462 0.407127469778
vn 0.634705901146 0.440790742636 -0.634706199169
vn 0.495437890291 0.440693616867 -0.748552203178
vn -0.244302138686 0.897658526897 0.366777449846
vn -0.311700284481 0.897600531578 0.311698913574
vn 0.692121982574 0.585429251194 -0.422184467316
vn 0.723968505859 0.681925892830 -0.104147039354
vn 0.624492943287 0.716783225536 0.310210198164
vn -0.001066885656 0.815676271915 0.578507602215
vn -0.639339506626 0.695644378662 0.327603220940
vn -0.087831787765 -0.896994471550 -0.433227956295
vn -0.000012477747 -0.896790623665 -0.442455172539
vn -0.144065886736 -0.422972142696 0.894617021084
vn 0.346019238234 -0.441076993942 0.828083217144
vn -0.168677762151 -0.897398889065 -0.407704621553
vn 0.497001290321 -0.440635621548 0.747549295425
vn 0.634697496891 -0.440814226866 0.634698271751
vn -0.311697602272 -0.897602438927 -0.311696082354
vn -0.243257358670 -0.897649049759 -0.367494285107
vn -0.658451676369 -0.736509501934 -0.154903620481
vn -0.687816619873 -0.685381472111 0.239082545042
vn -0.688443601131 -0.718339264393 0.100170508027
vn 0.687648415565 -0.719038367271 0.100615300238
vn 0.626302063465 -0.551075100899 0.551418125629
vn -0.587379097939 -0.474809378386 0.655394434929
vn 0.087828077376 -0.896983861923 -0.433250665665
vn 0.168693691492 -0.897388100624 -0.407721757889
vn -0.345984220505 -0.441070944071 0.828101038933
vn 0.142874330282 -0.423498511314 0.894559085369
vn 0.243273392320 -0.897645294666 -0.367492884398
vn 0.311690956354 -0.897606909275 -0.311689972878
vn -0.634695172310 -0.440821886063 0.634695291519
vn -0.497003972530 -0.440647006035 0.747540831566
vn 0.687757372856 -0.685473799706 0.238988339901
vn 0.658406376839 -0.736690044403 -0.154236033559
vn 0.587533950806 -0.475961506367 0.654419243336
vn 0.001967615448 -0.583023905754 0.812452614307
vn -0.627683699131 -0.549747526646 0.551172256470
vn -0.025326063856 0.995713174343 -0.088960431516
vn -0.659078299999 0.740039169788 -0.134006962180
vn -0.672910571098 0.739723861217 0.000001761782
vn -0.306752085686 0.951789438725 -0.000000976540
vn 0.037745591253 0.999162256718 0.015812801197
vn -0.621680736542 0.739661455154 -0.257709175348
vn -0.561528682709 0.739081263542 -0.372081249952
vn 0.033290438354 0.999196231365 0.022329885513
vn -0.193733677268 0.901148855686 -0.387811899185
vn -0.241439580917 0.970415830612 -0.000000956614
vn -0.202398136258 0.979303300381 -0.000000975178
vn -0.279125720263 0.904922902584 -0.321252912283
vn -0.176641419530 0.984275281429 -0.000001024874
vn -0.202641248703 0.829212903976 -0.520905435085
vn 0.105974607170 0.925817787647 0.362809538841
vn -0.161275833845 0.986909389496 -0.000001305865
vn -0.202347144485 0.829273700714 0.520922958851
vn -0.117888882756 0.945268988609 -0.304251164198
vn -0.274929851294 0.961464285851 -0.000001083077
vn -0.025705762208 0.995678365231 0.089239723980
vn -0.659080684185 0.740036725998 0.134008601308
vn -0.621684372425 0.739658355713 0.257709205151
vn 0.037728331983 0.999163389206 -0.015784269199
vn -0.561531960964 0.739079892635 0.372079074383
vn -0.476786762476 0.738477408886 0.476786643267
vn 0.027456784621 0.999245822430 -0.027457527816
vn 0.033289771527 0.999196469784 -0.022320376709
vn -0.193686395884 0.901171803474 0.387782037258
vn -0.279171049595 0.904922485352 0.321214497089
vn -0.117800794542 0.945416688919 0.303825974464
vn 0.385294437408 0.922787427902 -0.003406412434
vn 0.108032785356 0.925588488579 -0.362787604332
vn -0.090584412217 -0.995888769627 -0.000007176944
vn -0.086787119508 -0.996063947678 -0.018015194684
vn 0.575819313526 -0.817177534103 0.025555042550
vn 0.306709229946 -0.951803267002 0.000000933823
vn 0.597360670567 -0.762511909008 0.248466894031
vn -0.080406889319 -0.996192157269 -0.033704094589
vn 0.539168953896 -0.762403190136 0.357824236155
vn -0.072570018470 -0.996195614338 -0.048248194158
vn 0.202329739928 -0.979317426682 0.000000923862
vn 0.241453707218 -0.970412313938 0.000000867601
vn 0.257873386145 -0.903182089329 -0.343166619539
vn 0.099653065205 -0.955650269985 -0.277131229639
vn 0.106732964516 -0.874127566814 -0.473823964596
vn 0.176545426250 -0.984292507172 0.000000942390
vn 0.161158874631 -0.986928462982 0.000000650925
vn 0.413754612207 -0.841137111187 0.348274946213
vn 0.106943115592 -0.873959779739 0.474085927010
vn 0.408089041710 -0.877950370312 -0.250332802534
vn 0.274988830090 -0.961447417736 0.000000766181
vn 0.575993716717 -0.817048192024 -0.025758739561
vn -0.086780257523 -0.996064662933 0.018010132015
vn 0.597357630730 -0.762522041798 -0.248443052173
vn -0.080398805439 -0.996192634106 0.033708121628
vn 0.456870317459 -0.763243079185 -0.456869274378
vn -0.062733530998 -0.996056675911 0.062734238803
vn -0.072560779750 -0.996195971966 0.048254553229
vn 0.539168417454 -0.762402832508 -0.357825845480
vn 0.099727675319 -0.955600082874 0.277277708054
vn 0.257828444242 -0.903178632259 0.343209803104
vn 0.408034890890 -0.877891898155 0.250625818968
vn 0.665301144123 -0.746572196484 0.002087016124
vn 0.411809206009 -0.842224478722 -0.347952723503
vn -0.942451179028 -0.319799363613 -0.097540490329
vn -0.942492544651 -0.319685876369 -0.097512796521
vn -0.927910983562 -0.321666121483 -0.188446640968
vn -0.927851200104 -0.321805298328 -0.188503190875
vn 0.873956501484 0.322013795376 0.364015370607
vn 0.873800575733 0.322697639465 0.363784015179
vn 0.940783023834 0.299369484186 -0.159076139331
vn 0.941504776478 0.297409594059 -0.158481091261
vn -0.874504685402 -0.322524189949 -0.362242668867
vn -0.874442398548 -0.322643905878 -0.362286359072
vn 0.788159847260 0.323143631220 0.523815155029
vn 0.788174867630 0.323121517897 0.523806154728
vn -0.788974940777 -0.323077470064 -0.522627532482
vn -0.788990855217 -0.323057800531 -0.522615611553
vn 0.091649770737 -0.003086035606 -0.995786547661
vn 0.091394893825 -0.002749354811 -0.995810925961
vn -0.327696710825 -0.089345134795 -0.940548956394
vn -0.326110273600 -0.087393388152 -0.941283464432
vn -0.053463697433 -0.039149042219 -0.997802078724
vn -0.055739525706 -0.036101542413 -0.997792422771
vn 0.578916072845 0.088934563100 0.810522556305
vn 0.579937517643 0.091493465006 0.809506893158
vn -0.053869158030 -0.035767015070 0.997907280922
vn -0.054912433028 -0.039411295205 0.997713088989
vn 0.522651731968 0.125868543983 -0.843203604221
vn 0.524020314217 0.128262683749 -0.841992497444
vn -0.927890360355 -0.321667164564 0.188546210527
vn -0.927857577801 -0.321807086468 0.188468918204
vn -0.942438006401 -0.319798022509 0.097672060132
vn -0.942474305630 -0.319679617882 0.097709171474
vn -0.874502718449 -0.322528511286 0.362243443727
vn -0.874488651752 -0.322647333145 0.362171649933
vn 0.940948307514 0.299476742744 0.157892152667
vn 0.941538631916 0.297405630350 0.158287450671
vn 0.873714745045 0.321999788284 -0.364607542753
vn 0.873418569565 0.322695523500 -0.364702045918
vn -0.669188261032 -0.323068737984 0.669188857079
vn -0.669197320938 -0.323031455278 0.669197738171
vn -0.789028584957 -0.323076397181 0.522547125816
vn -0.789025783539 -0.323058247566 0.522562563419
vn 0.788107395172 0.323144495487 -0.523893415928
vn 0.788108825684 0.323120713234 -0.523905992508
vn 0.669183671474 0.323088020086 -0.669184088707
vn 0.669197022915 0.323033034801 -0.669197320938
vn -0.327194392681 -0.089246846735 0.940733134747
vn -0.329392641783 -0.088004335761 0.940082788467
vn 0.090878307819 -0.003280108329 0.995856583118
vn 0.090915642679 -0.002870033495 0.995854437351
vn 0.521295011044 0.127401351929 0.843813002110
vn 0.523696780205 0.126200854778 0.842505216599
vn 0.616124689579 0.101092353463 0.781134188175
vn 0.616718292236 0.103277541697 0.780379593372
vn 0.580176830292 0.089168861508 -0.809594810009
vn 0.578328132629 0.091192610562 -0.810691356659
vn 0.615239739418 0.100945189595 -0.781850457191
vn 0.613962709904 0.102814577520 -0.782610356808
vn -0.879190862179 0.441962093115 -0.178024932742
vn -0.896770894527 0.442495107651 0.000004678034
vn 0.472428858280 0.853711307049 -0.219061389565
vn 0.407066345215 0.897406697273 0.170171126723
vn -0.829376041889 0.441110700369 -0.342865407467
vn 0.366760313511 0.897662341595 0.244313791394
vn -0.748555600643 0.440676599741 -0.495447903872
vn -0.421971231699 0.585572719574 -0.692130625248
vn -0.104273639619 0.681927740574 -0.723948597908
vn -0.153233662248 0.670111358166 -0.726271450520
vn -0.153006821871 0.670196413994 0.726240754128
vn 0.326440304518 0.695093870163 0.640531957150
vn 0.307845979929 0.717447519302 -0.624899923801
vn -0.879185974598 0.441970944405 0.178027406335
vn -0.829371154308 0.441122740507 0.342861741781
vn 0.407123684883 0.897385358810 -0.170146510005
vn 0.473100155592 0.852860510349 0.220918983221
vn -0.748554408550 0.440689027309 0.495438665152
vn -0.634697973728 0.440815240145 0.634697079659
vn 0.311689347029 0.897607266903 -0.311690479517
vn 0.366778343916 0.897657871246 -0.244302943349
vn -0.104150779545 0.681938111782 0.723956525326
vn -0.422183871269 0.585429966450 0.692121744156
vn 0.310217052698 0.716775417328 0.624498486519
vn 0.578511536121 0.815673530102 -0.001068259822
vn 0.327603280544 0.695644676685 -0.639339148998
vn -0.442461371422 -0.896787583828 -0.000011748634
vn -0.433224439621 -0.896996378899 -0.087829723954
vn 0.828086555004 -0.441069543362 0.346020698547
vn 0.894616603851 -0.422973126173 -0.144065544009
vn -0.407698988914 -0.897402107716 -0.168674424291
vn 0.747554719448 -0.440620720387 0.497006356716
vn -0.367495059967 -0.897648930550 -0.243256628513
vn 0.239082068205 -0.685378730297 -0.687819540501
vn -0.154900521040 -0.736512124538 -0.658449530602
vn 0.100171513855 -0.718336522579 -0.688446283340
vn 0.551416575909 -0.551078855991 0.626300156116
vn 0.100616969168 -0.719036221504 0.687650442123
vn 0.655393779278 -0.474809855223 -0.587379455566
vn -0.433252692223 -0.896982848644 0.087828889489
vn -0.407723635435 -0.897387027740 0.168694704771
vn 0.894553720951 -0.423509895802 0.142874062061
vn 0.828095078468 -0.441084116697 -0.345981657505
vn -0.311698526144 -0.897600829601 0.311699897051
vn -0.367491185665 -0.897646129131 0.243272826076
vn 0.747542619705 -0.440642237663 -0.497005522251
vn 0.634691894054 -0.440830826759 -0.634692370892
vn -0.154232233763 -0.736691594124 0.658405542374
vn 0.238988265395 -0.685472965240 0.687758266926
vn 0.654422342777 -0.475950688124 0.587539255619
vn 0.812448799610 -0.583029210567 0.001963514136
vn 0.551172673702 -0.549745798111 -0.627684831619
vn 0.025323502719 0.995713293552 0.088958963752
vn 0.659076511860 0.740041196346 0.134004205465
vn 0.672901213169 0.739732384682 -0.000003358451
vn 0.306752175093 0.951789438725 -0.000000907994
vn -0.037744447589 0.999162316322 -0.015814460814
vn 0.621676564217 0.739666044712 0.257705986500
vn 0.561524212360 0.739086449146 0.372077703476
vn -0.033287003636 0.999196410179 -0.022329585627
vn -0.027460623533 0.999245643616 -0.027461286634
vn 0.476787358522 0.738476514816 0.476787418127
vn 0.193734824657 0.901152253151 0.387803256512
vn 0.241439670324 0.970415830612 -0.000000925164
vn 0.202398046851 0.979303359985 -0.000000934827
vn 0.279126256704 0.904922723770 0.321252822876
vn 0.176641434431 0.984275281429 -0.000000913879
vn 0.202640816569 0.829212427139 0.520906388760
vn -0.105977296829 0.925815761089 -0.362814038992
vn 0.161275938153 0.986909329891 -0.000000576322
vn 0.202342361212 0.829272270203 -0.520927190781
vn 0.117887660861 0.945269584656 0.304249763489
vn 0.274929761887 0.961464285851 -0.000000916924
vn 0.025701252744 0.995678365231 -0.089241750538
vn 0.659078955650 0.740038156509 -0.134009063244
vn 0.621680855751 0.739661335945 -0.257709294558
vn -0.037728633732 0.999163389206 0.015782544389
vn 0.561528503895 0.739082872868 -0.372078299522
vn -0.033287175000 0.999196648598 0.022316588089
vn 0.193686142564 0.901170492172 -0.387785315514
vn 0.279170781374 0.904921948910 -0.321216344833
vn 0.117802336812 0.945417106152 -0.303824096918
vn -0.385292351246 0.922788262367 0.003405642230
vn -0.108033388853 0.925589025021 0.362786084414
vn 0.090584456921 -0.995888769627 0.000009106036
vn 0.086787246168 -0.996063947678 0.018017115071
vn -0.575815320015 -0.817180335522 -0.025554452091
vn -0.306709200144 -0.951803267002 0.000000908007
vn -0.597359180450 -0.762513935566 -0.248464286327
vn 0.080408513546 -0.996191859245 0.033706992865
vn -0.456870138645 -0.763243198395 -0.456869184971
vn -0.539162755013 -0.762410223484 -0.357818663120
vn 0.072572469711 -0.996195256710 0.048251491040
vn 0.062731541693 -0.996056973934 0.062731936574
vn -0.202329695225 -0.979317486286 0.000000935730
vn -0.241453766823 -0.970412313938 0.000000926644
vn -0.257873743773 -0.903182804585 0.343164622784
vn -0.099654287100 -0.955649316311 0.277134299278
vn -0.106733284891 -0.874128520489 0.473822027445
vn -0.176545545459 -0.984292447567 0.000000939149
vn -0.161158829927 -0.986928462982 0.000001276878
vn -0.413755327463 -0.841136932373 -0.348274618387
vn -0.106944061816 -0.873961925507 -0.474081844091
vn -0.408087998629 -0.877951502800 0.250330477953
vn -0.274988949299 -0.961447358131 0.000000916908
vn -0.575994133949 -0.817047834396 0.025760279968
vn 0.086777016521 -0.996064960957 -0.018007557839
vn -0.597363770008 -0.762516081333 0.248446553946
vn 0.080396629870 -0.996192932129 -0.033705580980
vn 0.072564043105 -0.996195733547 -0.048254713416
vn -0.539164721966 -0.762405514717 0.357825726271
vn -0.099728889763 -0.955600142479 -0.277276873589
vn -0.257828742266 -0.903179705143 -0.343206495047
vn -0.408033788204 -0.877894818783 -0.250617474318
vn -0.665301203728 -0.746572136879 -0.002081459155
vn -0.411808103323 -0.842224955559 0.347952812910
vn 0.942450881004 -0.319799959660 0.097541607916
vn 0.942492127419 -0.319686830044 0.097513981164
vn 0.927911281586 -0.321664929390 0.188447251916
vn 0.927851557732 -0.321803987026 0.188503757119
vn -0.873956441879 0.322012335062 -0.364016741514
vn -0.873800694942 0.322696149349 -0.363785058260
vn -0.940782487392 0.299371391535 0.159075647593
vn -0.941504061222 0.297411769629 0.158481359482
vn 0.874504566193 -0.322523772717 0.362243235111
vn 0.874442279339 -0.322643637657 0.362286865711
vn -0.669184386730 0.323086082935 -0.669184327126
vn -0.669197320938 0.323032289743 -0.669197320938
vn -0.788159728050 0.323143869638 -0.523815155029
vn -0.788174748421 0.323121696711 -0.523806214333
vn 0.788974702358 -0.323077559471 0.522627770901
vn 0.788990736008 -0.323057860136 0.522615730762
vn 0.669188618660 -0.323069214821 0.669188201427
vn 0.669197797775 -0.323030680418 0.669197618961
vn -0.091650225222 -0.003084946889 0.995786488056
vn -0.091395281255 -0.002748118248 0.995810925961
vn 0.327695965767 -0.089344203472 0.940549254417
vn 0.326110690832 -0.087392210960 0.941283345222
vn 0.053463697433 -0.039147481322 0.997802138329
vn 0.055739749223 -0.036099676043 0.997792541981
vn -0.578916132450 0.088933028281 -0.810522675514
vn -0.579937577248 0.091491915286 -0.809507012367
vn 0.053868442774 -0.035768795758 -0.997907161713
vn 0.054911952466 -0.039413563907 -0.997712969780
vn -0.522651314735 0.125870794058 0.843203485012
vn -0.524019777775 0.128265276551 0.841992437840
vn 0.927890658379 -0.321666598320 -0.188545748591
vn 0.927857935429 -0.321806222200 -0.188468590379
vn 0.942437767982 -0.319798827171 -0.097671523690
vn 0.942474007607 -0.319680809975 -0.097708515823
vn 0.874503433704 -0.322526276112 -0.362243801355
vn 0.874489307404 -0.322645246983 -0.362171977758
vn -0.940947711468 0.299478232861 -0.157892927527
vn -0.941538035870 0.297407209873 -0.158288002014
vn -0.873714864254 0.321999996901 0.364607095718
vn -0.873418807983 0.322695523500 0.364701509476
vn 0.789028644562 -0.323078006506 -0.522546112537
vn 0.789025843143 -0.323059797287 -0.522561550140
vn -0.788107335567 0.323145508766 0.523892939091
vn -0.788108825684 0.323121637106 0.523905456066
vn 0.327194869518 -0.089249998331 -0.940732717514
vn 0.329392105341 -0.088006995618 -0.940082788467
vn -0.090878747404 -0.003281867597 -0.995856583118
vn -0.090916007757 -0.002871744568 -0.995854437351
vn -0.521295011044 0.127400055528 -0.843813180923
vn -0.523696720600 0.126199305058 -0.842505455017
vn -0.616124451160 0.101090811193 -0.781134665012
vn -0.616717994213 0.103276006877 -0.780380010605
vn -0.580176830292 0.089170426130 0.809594690800
vn -0.578328192234 0.091194175184 0.810691177845
vn -0.615239679813 0.100946687162 0.781850278378
vn -0.613962590694 0.102816075087 0.782610237598
vn 0.879188477993 0.441966921091 0.178024828434
vn 0.896760165691 0.442516863346 -0.000004899095
vn -0.472434550524 0.853708624840 0.219059929252
vn -0.407065361738 0.897406935692 -0.170172229409
vn 0.829371690750 0.441121429205 0.342862159014
vn -0.366754204035 0.897665500641 -0.244311317801
vn -0.311697661877 0.897601366043 -0.311699241400
vn 0.634703040123 0.440802514553 0.634700894356
vn 0.748551607132 0.440689861774 0.495442211628
vn 0.421971470118 0.585570931435 0.692132055759
vn 0.104276716709 0.681939184666 0.723937392235
vn 0.153232455254 0.670109391212 0.726273536682
vn 0.153008207679 0.670190811157 -0.726245641708
vn -0.326443701982 0.695087730885 -0.640536963940
vn -0.307842165232 0.717448711395 0.624900400639
vn 0.879183530807 0.441974967718 -0.178029477596
vn 0.829366564751 0.441132217646 -0.342860668898
vn -0.407123833895 0.897385597229 0.170144826174
vn -0.473112910986 0.852852106094 -0.220923975110
vn 0.748551249504 0.440696954727 -0.495436370373
vn -0.366773396730 0.897661268711 0.244297981262
vn 0.104149527848 0.681933760643 -0.723960757256
vn 0.422183454037 0.585428833961 -0.692122936249
vn -0.310206919909 0.716783106327 -0.624494671822
vn -0.578508436680 0.815675735474 0.001065845368
vn -0.327603429556 0.695645391941 0.639338314533
vn 0.442461371422 -0.896787583828 0.000013423813
vn 0.433224499226 -0.896996200085 0.087831400335
vn -0.828084230423 -0.441074073315 -0.346020519733
vn -0.894611835480 -0.422982394695 0.144067943096
vn 0.407702028751 -0.897400200367 0.168676808476
vn -0.634697854519 -0.440815448761 -0.634697079659
vn -0.747547864914 -0.440639823675 -0.496999770403
vn 0.367498755455 -0.897646248341 0.243260815740
vn 0.311697006226 -0.897601842880 0.311698377132
vn -0.239082381129 -0.685383021832 0.687815189362
vn 0.154907688498 -0.736508011818 0.658452391624
vn -0.100172467530 -0.718339979649 0.688442528248
vn -0.551417231560 -0.551077008247 -0.626301229000
vn -0.100618228316 -0.719040393829 -0.687645912170
vn -0.655390143394 -0.474821448326 0.587374091148
vn 0.433247268200 -0.896985709667 -0.087826110423
vn 0.407719075680 -0.897389829159 -0.168691128492
vn -0.894554018974 -0.423508942127 -0.142874985933
vn -0.828102171421 -0.441067218781 0.345986217260
vn 0.367497354746 -0.897642970085 -0.243275150657
vn -0.747539341450 -0.440650194883 0.497003346682
vn 0.154239937663 -0.736689865589 -0.658405721188
vn -0.238988131285 -0.685476720333 -0.687754571438
vn -0.654415249825 -0.475974500179 -0.587527811527
vn -0.812448978424 -0.583028972149 -0.001965320436
vn -0.551171720028 -0.549748003483 0.627683758736
vn 0.088959217072 0.995713114738 0.025329565629
vn -0.000000002226 0.951789736748 0.306751251221
vn -0.000002736735 0.739720523357 0.672914206982
vn 0.134005695581 0.740043878555 0.659073233604
vn 0.257707834244 0.739663183689 0.621679186821
vn -0.015813492239 0.999162197113 -0.037745699286
vn 0.372078597546 0.739086687565 0.561523258686
vn -0.022328965366 0.999196290970 -0.033288609236
vn 0.387811094522 0.901149332523 0.193732902408
vn 0.321252018213 0.904923439026 0.279124796391
vn 0.000000058451 0.979303479195 0.202397197485
vn 0.000000006527 0.970416069031 0.241438657045
vn 0.520900845528 0.829216957092 0.202636346221
vn 0.000000124568 0.984275460243 0.176640480757
vn -0.362811267376 0.925816953182 -0.105976223946
vn -0.520924985409 0.829272687435 0.202346235514
vn 0.000000317570 0.986909568310 0.161274880171
vn 0.304247260094 0.945270061493 0.117890127003
vn 0.000000036198 0.961464524269 0.274928957224
vn -0.089240662754 0.995678246021 0.025707341731
vn -0.134008273482 0.740041315556 0.659075617790
vn 0.015784433112 0.999163210392 -0.037731446326
vn -0.257709950209 0.739658474922 0.621683955193
vn -0.372081488371 0.739077925682 0.561532914639
vn 0.022319179028 0.999196469784 -0.033290244639
vn -0.387780785561 0.901172399521 0.193686082959
vn -0.321215391159 0.904922425747 0.279170155525
vn -0.303825527430 0.945416808128 0.117801062763
vn 0.003408702556 0.922787010670 -0.385295450687
vn 0.362784802914 0.925589680672 -0.108031861484
vn 0.000008265395 -0.995888710022 0.090585239232
vn -0.000000016024 -0.951803565025 -0.306708395481
vn -0.025553621352 -0.817175447941 -0.575822293758
vn 0.018016993999 -0.996063590050 0.086791500449
vn -0.248462662101 -0.762519836426 -0.597352385521
vn 0.033703178167 -0.996192395687 0.080404154956
vn 0.048250433058 -0.996195316315 0.072572454810
vn -0.357822358608 -0.762406289577 -0.539165914059
vn 0.000000011423 -0.979317665100 -0.202328726649
vn 0.277134150267 -0.955649673939 -0.099651515484
vn 0.343166142702 -0.903182446957 -0.257872909307
vn 0.000000058747 -0.970412552357 -0.241452842951
vn 0.473824292421 -0.874127984047 -0.106727972627
vn 0.000000005635 -0.984292685986 -0.176544412971
vn -0.474083989859 -0.873960912228 -0.106942608953
vn -0.348277151585 -0.841135859489 -0.413755387068
vn 0.000000339025 -0.986928641796 -0.161157965660
vn 0.000000145386 -0.961447656155 -0.274987965822
vn 0.250332176685 -0.877951204777 -0.408087670803
vn -0.018008675426 -0.996064901352 0.086778298020
vn 0.025758676231 -0.817045569420 -0.575997471809
vn 0.248443797231 -0.762522459030 -0.597356855869
vn -0.033706452698 -0.996192812920 0.080397590995
vn 0.357826679945 -0.762402951717 -0.539167761803
vn -0.048251170665 -0.996196269989 0.072558790445
vn -0.343207240105 -0.903179764748 -0.257827699184
vn -0.277276694775 -0.955600440502 -0.099726840854
vn -0.250624984503 -0.877892553806 -0.408034145832
vn -0.002086210763 -0.746572852135 -0.665300428867
vn 0.347951084375 -0.842226326466 -0.411806821823
vn 0.097540341318 -0.319797754288 0.942451715469
vn 0.188503459096 -0.321805238724 0.927851200104
vn 0.188447028399 -0.321666121483 0.927910864353
vn 0.097512550652 -0.319683879614 0.942493259907
vn -0.364015728235 0.322012215853 -0.873956918716
vn 0.158480241895 0.297407090664 -0.941505730152
vn 0.159075438976 0.299366831779 -0.940783977509
vn -0.363784193993 0.322696268559 -0.873800992966
vn 0.362286567688 -0.322641581297 0.874443173409
vn 0.362242877483 -0.322522044182 0.874505341053
vn -0.523806273937 0.323120504618 -0.788175165653
vn -0.523815333843 0.323142588139 -0.788160085678
vn 0.522627949715 -0.323075681925 0.788975358009
vn 0.522615969181 -0.323055893183 0.788991391659
vn 0.995786488056 -0.003085577162 -0.091650135815
vn 0.941283524036 -0.087392754853 0.326110154390
vn 0.940549015999 -0.089344479144 0.327696770430
vn 0.995810925961 -0.002748715458 -0.091395229101
vn 0.997792541981 -0.036100745201 0.055739015341
vn 0.997802078724 -0.039148159325 0.053464435041
vn -0.810522794724 0.088933035731 -0.578915953636
vn -0.997713088989 -0.039411678910 0.054912280291
vn -0.997907221317 -0.035767517984 0.053869064897
vn -0.809507191181 0.091491818428 -0.579937338829
vn 0.843203365803 0.125869184732 -0.522651970387
vn 0.841992497444 0.128263145685 -0.524020254612
vn -0.188545629382 -0.321666330099 0.927890777588
vn -0.097708612680 -0.319677710533 0.942475020885
vn -0.097671456635 -0.319796293974 0.942438662052
vn -0.188468322158 -0.321806341410 0.927857935429
vn -0.362243175507 -0.322527885437 0.874503076077
vn -0.362171381712 -0.322646498680 0.874489068985
vn -0.157892748713 0.299473673105 -0.940949201584
vn 0.364701747894 0.322695076466 -0.873418867588
vn 0.364607185125 0.321999102831 -0.873715162277
vn -0.158287867904 0.297402471304 -0.941539585590
vn -0.522562861443 -0.323056101799 0.789026498795
vn -0.522547245026 -0.323074281216 0.789029359818
vn 0.523893177509 0.323144525290 -0.788107573986
vn 0.523905694485 0.323120743036 -0.788109004498
vn -0.940733075142 -0.089247517288 0.327194452286
vn -0.995854437351 -0.002871583449 -0.090915687382
vn -0.995856583118 -0.003281647805 -0.090878337622
vn -0.940082788467 -0.088004820049 0.329392641783
vn -0.843812942505 0.127399399877 -0.521295607090
vn -0.842505395412 0.126198828220 -0.523696959019
vn -0.781134545803 0.101090855896 -0.616124570370
vn -0.780379831791 0.103276178241 -0.616718232632
vn 0.810691118240 0.091192610562 -0.578328430653
vn 0.809594631195 0.089168973267 -0.580177068710
vn 0.782610177994 0.102814763784 -0.613962888718
vn 0.781850218773 0.100945256650 -0.615240037441
vn -0.000005342404 0.442485213280 0.896775841713
vn 0.178023040295 0.441972613335 0.879185974598
vn -0.170171260834 0.897406637669 -0.407066315413
vn 0.219058647752 0.853717565536 -0.472418874502
vn 0.342864662409 0.441114008427 0.829374611378
vn -0.244311481714 0.897664606571 -0.366756230593
vn 0.495442897081 0.440690010786 0.748551011086
vn 0.723947823048 0.681928634644 0.104273319244
vn 0.692130088806 0.585573852062 0.421970665455
vn 0.726266086102 0.670116603374 0.153236106038
vn -0.640533804893 0.695091426373 -0.326442003250
vn -0.726243138313 0.670194149017 0.153005555272
vn 0.624894320965 0.717453837395 -0.307842522860
vn -0.178026109934 0.441982269287 0.879180490971
vn -0.342862427235 0.441123187542 0.829370677471
vn -0.220918938518 0.852863192558 -0.473095238209
vn 0.170146793127 0.897383213043 -0.407128244638
vn -0.495440304279 0.440683215857 0.748556733131
vn 0.244301155210 0.897658467293 -0.366778105497
vn -0.692122340202 0.585429728031 0.422183305025
vn -0.723953843117 0.681940853596 0.104151450098
vn -0.624496757984 0.716777563095 -0.310215651989
vn 0.001066117431 0.815673172474 -0.578512012959
vn 0.639335930347 0.695648312569 -0.327601939440
vn 0.087831638753 -0.896993041039 0.433230966330
vn 0.000012414671 -0.896787166595 0.442462235689
vn 0.144067540765 -0.422962695360 -0.894621193409
vn -0.346016705036 -0.441090643406 -0.828076958656
vn 0.168672531843 -0.897404968739 0.407693356276
vn -0.497003853321 -0.440628111362 -0.747552037239
vn 0.243258923292 -0.897646903992 0.367498546839
vn 0.658453345299 -0.736508250237 0.154902756214
vn 0.687817990780 -0.685380637646 -0.239081263542
vn 0.688446044922 -0.718336522579 -0.100173830986
vn -0.687648057938 -0.719038605690 -0.100616462529
vn -0.626304209232 -0.551073253155 -0.551417589188
vn 0.587377369404 -0.474813103676 -0.655393242836
vn -0.087826915085 -0.896985113621 0.433248400688
vn -0.168692082167 -0.897388696671 0.407721012831
vn 0.345982104540 -0.441084593534 -0.828094661236
vn -0.142877787352 -0.423498511314 -0.894558489323
vn -0.243269205093 -0.897648930550 0.367486715317
vn 0.497005969286 -0.440642446280 -0.747542202473
vn -0.687754750252 -0.685476541519 -0.238988175988
vn -0.658404767513 -0.736692130566 0.154233127832
vn -0.587539017200 -0.475951910019 -0.654421627522
vn -0.001965346746 -0.583029925823 -0.812448322773
vn 0.627681910992 -0.549750924110 -0.551170885563
vn -0.255768269300 0.966081261635 -0.035631187260
vn -0.451253056526 0.892377018929 -0.005829858594
vn -0.317290961742 0.890911757946 0.324965685606
vn -0.005828708410 0.892377316952 0.451252400875
vn -0.035629939288 0.966081678867 0.255766838789
vn -0.042723581195 0.998150467873 -0.043247140944
vn -0.363122433424 0.857865035534 -0.363606482744
vn -0.493280887604 0.869870007038 0.000336790457
vn -0.044784858823 0.998996615410 0.000363250932
vn 0.042723525316 0.998150587082 0.043244857341
vn 0.363122075796 0.857866108418 0.363604307175
vn 0.493280798197 0.869870066643 -0.000338383630
vn 0.044784940779 0.998996555805 -0.000364890584
vn 0.255768060684 0.966081500053 0.035627137870
vn 0.451253145933 0.892376959324 0.005827439949
vn 0.317290455103 0.890911519527 -0.324966847897
vn 0.005828571506 0.892376661301 -0.451253801584
vn 0.035628382117 0.966081082821 -0.255769401789
vn -0.363605350256 0.857866048813 0.363121181726
vn -0.043245900422 0.998150587082 0.042722392827
vn -0.324965864420 0.890911638737 -0.317291140556
vn 0.324966788292 0.890911579132 0.317290246487
vn 0.363605856895 0.857864975929 -0.363123178482
vn 0.043246254325 0.998150467873 -0.042724378407
vn 0.000337535515 0.869868516922 0.493283569813
vn 0.000364130130 0.998996675014 0.044782672077
vn -0.000337708654 0.869870007038 -0.493280887604
vn -0.000364334061 0.998996615410 -0.044784538448
vn -0.000000000594 -1.000000000000 0.000000952486
vn -0.000294385914 -0.999487459660 -0.032011758536
vn 0.033115327358 -0.998916864395 -0.032688803971
vn 0.032012704760 -0.999487400055 -0.000293432153
vn -0.432792127132 -0.901493728161 -0.000030016599
vn -0.295127749443 -0.908750593662 -0.295079648495
vn 0.032689757645 -0.998916745186 0.033116277307
vn 0.432792127132 -0.901493728161 0.000031736061
vn 0.295127838850 -0.908749997616 0.295081377029
vn -0.032689761370 -0.998916864395 -0.033114369959
vn -0.032012712210 -0.999487400055 0.000295334961
vn 0.000294387108 -0.999487340450 0.032013665885
vn -0.033115319908 -0.998916745186 0.032690711319
vn -0.295080512762 -0.908749938011 0.295128762722
vn 0.295080482960 -0.908750534058 -0.295127034187
vn -0.000030860170 -0.901493370533 0.432792961597
vn 0.000030876323 -0.901494204998 -0.432791173458
vn -0.707567870617 -0.044626999646 -0.705234825611
vn -0.925407588482 -0.028472540900 -0.377902269363
vn -0.925618290901 -0.030914369971 -0.377193689346
vn -0.707496941090 -0.044627476484 -0.705305933952
vn 0.707567930222 -0.044625651091 0.705234885216
vn 0.925407588482 -0.028471823782 0.377902358770
vn 0.925618290901 -0.030913650990 0.377193778753
vn 0.707497060299 -0.044626202434 0.705305933952
vn -0.926564753056 -0.031043242663 0.374852091074
vn -0.705234825611 -0.044625684619 0.707567930222
vn -0.705305874348 -0.044626168907 0.707497119904
vn -0.926864743233 -0.028669152409 0.374299108982
vn 0.926564753056 -0.031043957919 -0.374852031469
vn 0.705234706402 -0.044626958668 -0.707567930222
vn 0.705305635929 -0.044627521187 -0.707497239113
vn 0.926864743233 -0.028669867665 -0.374299049377
vn -0.001693139435 -0.032119061798 0.999482631683
vn -0.001513291616 -0.032146744430 0.999482035637
vn 0.001693239901 -0.032120186836 -0.999482572079
vn 0.001513416762 -0.032147873193 -0.999481976032
vn -0.161409750581 0.973598182201 0.161411181092
vn -0.223014757037 0.974815070629 0.000004604233
vn 0.000005588309 0.974815309048 0.223013848066
vn 0.161412164569 0.973598122597 0.161408841610
vn 0.223014742136 0.974815070629 -0.000006577222
vn 0.161408096552 0.973598361015 -0.161411404610
vn -0.000005584681 0.974814832211 -0.223015621305
vn -0.161410465837 0.973598361015 -0.161409020424
vn -0.528054893017 0.664915680885 -0.528247296810
vn -0.736096382141 0.676876723766 0.000139856449
vn 0.528055012226 0.664916574955 0.528245985508
vn 0.736096322536 0.676876783371 -0.000141170996
vn -0.528246700764 0.664916634560 0.528054177761
vn 0.528246819973 0.664915680885 -0.528055429459
vn 0.000140396063 0.676870942116 0.736101686954
vn -0.000140501914 0.676876068115 -0.736096978188
vn -0.685015022755 -0.728528916836 0.000095425254
vn -0.476404935122 -0.738881349564 -0.476542472839
vn 0.685015022755 -0.728528976440 -0.000094047755
vn 0.476404994726 -0.738880395889 0.476543873549
vn -0.476543158293 -0.738880395889 0.476405709982
vn 0.476543128490 -0.738881289959 -0.476404309273
vn 0.000094766663 -0.728528320789 0.685015738010
vn -0.000094718402 -0.728529632092 -0.685014307499
vn -0.042428687215 0.990068852901 -0.134028062224
vn -0.041875280440 0.984350442886 -0.171174332500
vn -0.323728680611 0.763211190701 -0.559203386307
vn -0.327459096909 0.881203651428 -0.340955555439
vn -0.078175239265 0.992875099182 -0.089931696653
vn -0.339348256588 0.880356729031 -0.331383168697
vn -0.106096774340 0.992915630341 -0.053497374058
vn -0.333741605282 0.884601294994 -0.325725495815
vn -0.341507107019 0.881204485893 -0.326881617308
vn -0.134938120842 0.990441203117 -0.028600072488
vn -0.163921624422 0.986463844776 -0.004341787659
vn -0.557771503925 0.754144549370 -0.346636503935
vn -0.324935317039 0.762878894806 0.558956921101
vn -0.041875224560 0.984350800514 0.171172514558
vn -0.042428713292 0.990069091320 0.134026229382
vn -0.327375292778 0.881057322025 0.341413766146
vn -0.078175134957 0.992875218391 0.089929960668
vn -0.339390903711 0.880350351334 0.331356406212
vn -0.106096997857 0.992915749550 0.053495723754
vn -0.333701103926 0.884600162506 0.325770020485
vn -0.340884178877 0.881430745125 0.326921701431
vn -0.134938284755 0.990441203117 0.028598012403
vn -0.163921609521 0.986463844776 0.004339906853
vn -0.558223724365 0.754657864571 0.344786643982
vn 0.324935704470 0.762877702713 -0.558958292007
vn 0.041875828058 0.984350383282 -0.171174347401
vn 0.042429279536 0.990068793297 -0.134028241038
vn 0.327375650406 0.881056606770 -0.341415405273
vn 0.078175760806 0.992875039577 -0.089931927621
vn 0.339391291142 0.880349636078 -0.331357955933
vn 0.106097795069 0.992915511131 -0.053497616202
vn 0.333697110415 0.884603142738 -0.325766026974
vn 0.340880930424 0.881433725357 -0.326917082071
vn 0.134938806295 0.990441143513 -0.028600206599
vn 0.163922265172 0.986463725567 -0.004342027474
vn 0.558224022388 0.754656970501 -0.344787985086
vn 0.042429670691 0.990068972111 0.134026527405
vn 0.041875224560 0.984350800514 0.171172529459
vn 0.323728859425 0.763212144375 0.559202015400
vn 0.327459722757 0.881204009056 0.340953975916
vn 0.078175939620 0.992875158787 0.089930064976
vn 0.339348495007 0.880357205868 0.331381529570
vn 0.106097787619 0.992915630341 0.053495720029
vn 0.333737879992 0.884605288506 0.325718373060
vn 0.341504007578 0.881208658218 0.326873570681
vn 0.134938806295 0.990441143513 0.028598317876
vn 0.163922250271 0.986463725567 0.004340145271
vn 0.557771801949 0.754145026207 0.346635103226
vn -0.317052036524 -0.906866312027 -0.277617484331
vn 0.042034838349 -0.984344303608 0.171170413494
vn 0.042458321899 -0.990065395832 0.134044036269
vn -0.276454985142 -0.956201076508 -0.096188478172
vn 0.078172177076 -0.992876648903 0.089917443693
vn -0.200932294130 -0.965570986271 -0.165223747492
vn 0.106094926596 -0.992915809155 0.053497675806
vn -0.142062649131 -0.961363732815 -0.235792338848
vn 0.134946182370 -0.990441143513 0.028564527631
vn -0.069968700409 -0.951701462269 -0.298945993185
vn 0.163920730352 -0.986463963985 0.004337634426
vn -0.269181370735 -0.899142742157 -0.345085233450
vn 0.042458113283 -0.990065634251 -0.134042143822
vn 0.042034111917 -0.984344720840 -0.171168327332
vn -0.315809786320 -0.907259523869 0.277748733759
vn -0.276494443417 -0.956236720085 0.095718823373
vn -0.200978338718 -0.965567886829 0.165185853839
vn 0.078172057867 -0.992876768112 -0.089915715158
vn -0.142049267888 -0.961355209351 0.235835075378
vn 0.106095127761 -0.992915928364 -0.053495883942
vn -0.070656649768 -0.951675713062 0.298866152763
vn 0.134945586324 -0.990441203117 -0.028562488034
vn -0.268930375576 -0.898506820202 0.346932083368
vn 0.163920149207 -0.986464083195 -0.004336097278
vn -0.042459446937 -0.990065336227 0.134044185281
vn -0.042034838349 -0.984344303608 0.171170443296
vn 0.315809547901 -0.907260119915 -0.277746945620
vn 0.276493757963 -0.956237137318 -0.095717005432
vn 0.200985163450 -0.965565621853 -0.165190950036
vn -0.078172847629 -0.992876589298 0.089917697012
vn 0.142048910260 -0.961355745792 -0.235833078623
vn -0.106095664203 -0.992915749550 0.053498063236
vn 0.070657409728 -0.951675713062 -0.298865973949
vn -0.134946510196 -0.990441083908 0.028564160690
vn 0.268930137157 -0.898507535458 -0.346930533648
vn -0.163921043277 -0.986463904381 0.004337561782
vn 0.317051738501 -0.906865894794 0.277619272470
vn -0.042034115642 -0.984344720840 -0.171168372035
vn -0.042459238321 -0.990065574646 -0.134042292833
vn 0.276454269886 -0.956201016903 0.096190378070
vn -0.078172855079 -0.992876648903 -0.089915819466
vn 0.200939208269 -0.965568065643 0.165232345462
vn -0.106095649302 -0.992915868759 -0.053496021777
vn 0.142062127590 -0.961363375187 0.235793963075
vn -0.134945750237 -0.990441203117 -0.028562299907
vn 0.069967240095 -0.951701402664 0.298946529627
vn -0.163920462132 -0.986464023590 -0.004336025100
vn 0.269181102514 -0.899142026901 0.345087140799
vn 0.712084591389 0.441491812468 0.545912563801
vn 0.682696461678 0.488941907883 0.543011367321
vn 0.720588266850 -0.263029903173 0.641535520554
vn 0.741534948349 -0.201472863555 0.639948904514
vn -0.808462858200 -0.102677069604 -0.579521536827
vn -0.840135455132 -0.088350079954 -0.535132408142
vn -0.840138673782 -0.088552094996 -0.535093963146
vn -0.808249890804 -0.102966807783 -0.579767167568
vn 0.630965471268 0.491167694330 0.600530505180
vn 0.693216800690 -0.259797394276 0.672276556492
vn -0.732020914555 -0.116757564247 -0.671202719212
vn -0.732119023800 -0.116737075150 -0.671099245548
vn 0.559179961681 0.480396360159 0.675675272942
vn 0.641576111317 -0.270438283682 0.717804431915
vn -0.640878796577 -0.106056176126 -0.760280489922
vn -0.640968441963 -0.105885043740 -0.760228753090
vn 0.507266104221 0.473507374525 0.720049858093
vn 0.607450664043 -0.273254305124 0.745879173279
vn -0.541858196259 -0.096003718674 -0.834968864918
vn -0.541922032833 -0.095972441137 -0.834931015968
vn 0.512855231762 0.403980404139 0.757482230663
vn 0.612270951271 -0.213980540633 0.761141598225
vn -0.852507591248 -0.149089664221 -0.501002073288
vn -0.852581560612 -0.149048060179 -0.500888526440
vn 0.682462632656 0.488469839096 -0.543729722500
vn 0.714512884617 0.438391298056 -0.545237898827
vn 0.738905429840 -0.203891828656 -0.642220258713
vn 0.721310853958 -0.263604760170 -0.640486657619
vn -0.477488905191 -0.143200322986 0.866889834404
vn -0.808498442173 -0.102932170033 0.579426646233
vn -0.808305621147 -0.102705560625 0.579735815525
vn -0.479470103979 -0.142908453941 0.865843832493
vn -0.731684327126 -0.116740472615 0.671572566032
vn -0.731767833233 -0.116766080260 0.671477138996
vn 0.630950689316 0.491263955832 -0.600467324257
vn 0.693228900433 -0.259914666414 -0.672218739986
vn -0.641106247902 -0.105892479420 0.760111570358
vn -0.641167461872 -0.106067769229 0.760035455227
vn 0.559099912643 0.480485349894 -0.675678253174
vn 0.641532361507 -0.270531296730 -0.717808485031
vn -0.541799962521 -0.095950834453 0.835012733936
vn -0.541849195957 -0.095999762416 0.834975183010
vn 0.504504919052 0.475093483925 -0.720944523811
vn 0.610606133938 -0.271508127451 -0.743937849998
vn -0.490783452988 -0.085809916258 0.867045700550
vn -0.490763545036 -0.085900828242 0.867047965527
vn 0.729217827320 0.510472297668 -0.455696612597
vn 0.849155664444 -0.237812981009 -0.471571385860
vn -0.682462871075 0.488469928503 0.543729305267
vn -0.427050292492 0.523042619228 0.737600505352
vn -0.446134835482 -0.229932144284 0.864924848080
vn -0.721310794353 -0.263604551554 0.640486836433
vn 0.477488905191 -0.143202215433 -0.866889536381
vn 0.808498442173 -0.102933287621 -0.579426407814
vn 0.808305621147 -0.102706685662 -0.579735636711
vn 0.479469984770 -0.142910376191 -0.865843594074
vn 0.731684386730 -0.116741813719 -0.671572268009
vn 0.731767892838 -0.116767354310 -0.671476840973
vn -0.630954027176 0.491256296635 0.600470006466
vn -0.693230569363 -0.259905010462 0.672220766544
vn 0.641105711460 -0.105897262692 -0.760111272335
vn 0.641167163849 -0.106072530150 -0.760035037994
vn -0.559099435806 0.480487287045 0.675677239895
vn -0.641532242298 -0.270531207323 0.717808663845
vn 0.541799724102 -0.095953732729 -0.835012495518
vn 0.541848897934 -0.096002697945 -0.834974944592
vn -0.504500389099 0.475105285645 0.720939874649
vn -0.610606670380 -0.271504610777 0.743938684464
vn 0.490783154964 -0.085812099278 -0.867045700550
vn 0.490763217211 -0.085903026164 -0.867047965527
vn -0.515676021576 0.415332108736 0.749384701252
vn -0.604298889637 -0.205234080553 0.769871294498
vn -0.425197213888 0.524572432041 -0.737584650517
vn -0.682695329189 0.488943308592 -0.543011605740
vn -0.720588803291 -0.263028502464 -0.641535520554
vn -0.448243618011 -0.228654593229 -0.864172875881
vn 0.808462738991 -0.102675974369 0.579521894455
vn 0.840135335922 -0.088349580765 0.535132586956
vn 0.840138554573 -0.088551618159 0.535094201565
vn 0.808249831200 -0.102965705097 0.579767465591
vn -0.630968987942 0.491157442331 -0.600535154343
vn -0.693216800690 -0.259798675776 -0.672276079655
vn 0.732020735741 -0.116756290197 0.671203136444
vn 0.732118844986 -0.116735875607 0.671099662781
vn -0.559179961681 0.480394750834 -0.675676465034
vn -0.641576588154 -0.270438194275 -0.717804074287
vn 0.640878438950 -0.106058023870 0.760280549526
vn 0.640968382359 -0.105886898935 0.760228574276
vn -0.507268846035 0.473498672247 -0.720053732395
vn -0.607450842857 -0.273254126310 -0.745879173279
vn 0.541858315468 -0.096000902355 0.834969103336
vn 0.541922211647 -0.095969565213 0.834931254387
vn -0.729088962078 0.504742026329 -0.462238937616
vn -0.851832628250 -0.242472797632 -0.464314669371
vn 0.852507233620 -0.149089574814 0.501002728939
vn 0.852581322193 -0.149048015475 0.500888943672
vn -0.600347876549 0.620165884495 -0.504952192307
vn -0.303032487631 0.552666008472 -0.776357948780
vn -0.571328401566 0.618546009064 -0.539429962635
vn -0.526993334293 0.626196980476 -0.574591457844
vn -0.489851981401 0.620431900024 -0.612461686134
vn -0.775523483753 0.548087418079 -0.313310563564
vn -0.303483396769 0.553214251995 0.775791049004
vn -0.599356174469 0.620604038239 0.505591511726
vn -0.571381926537 0.618569374084 0.539346516132
vn -0.526895940304 0.626208186150 0.574668526649
vn -0.488905757666 0.619743645191 0.613912880421
vn -0.776351690292 0.547268271446 0.312690705061
vn 0.303483575583 0.553212642670 -0.775792181492
vn 0.599356293678 0.620603084564 -0.505592525005
vn 0.571381986141 0.618568420410 -0.539347469807
vn 0.526889801025 0.626220285892 -0.574661076069
vn 0.488901466131 0.619755625725 -0.613904178143
vn 0.776351749897 0.547267735004 -0.312691539526
vn 0.600347936153 0.620166778564 0.504951000214
vn 0.303032547235 0.552667319775 0.776356935501
vn 0.571328401566 0.618547081947 0.539428770542
vn 0.526987314224 0.626211166382 0.574581503868
vn 0.489847868681 0.620446264744 0.612450420856
vn 0.775523543358 0.548088073730 0.313309282064
vn -0.295777201653 -0.779934465885 -0.551559686661
vn -0.558749258518 -0.766736924648 -0.316091299057
vn -0.464826583862 -0.785178005695 -0.409184247255
vn -0.378599047661 -0.776098489761 -0.504315316677
vn -0.279911458492 -0.754210412502 -0.593983411789
vn -0.544621229172 -0.778085350990 -0.313003063202
vn -0.559722900391 -0.766186594963 0.315703094006
vn -0.295336604118 -0.779599189758 0.552269279957
vn -0.464902073145 -0.785180509090 0.409093588591
vn -0.378527373075 -0.776117861271 0.504339277744
vn -0.280616432428 -0.755093872547 0.592526555061
vn -0.543564617634 -0.778574347496 0.313623160124
vn 0.559722721577 -0.766187191010 -0.315701752901
vn 0.295336484909 -0.779600322247 -0.552267849445
vn 0.464913874865 -0.785168290138 -0.409103810787
vn 0.378527343273 -0.776118755341 -0.504337906837
vn 0.280617982149 -0.755092144012 -0.592527925968
vn 0.543564617634 -0.778574883938 -0.313621938229
vn 0.295776963234 -0.779933512211 0.551561117172
vn 0.558749079704 -0.766736388206 0.316093116999
vn 0.464838474989 -0.785164177418 0.409197241068
vn 0.378598868847 -0.776097476482 0.504316926003
vn 0.279909461737 -0.754211843014 0.593982398510
vn 0.544621169567 -0.778084695339 0.313004821539
vn 0.000000000000 0.535440981388 0.844572663307
vn 0.000000000000 -0.218471914530 0.975843191147
vn 0.000000000000 -0.162825375795 -0.986654877663
vn 0.000000000000 -0.162825360894 -0.986654877663
vn 0.973691999912 -0.227868020535 0.000000217312
vn 0.849703133106 0.527261376381 -0.000000502836
vn -0.985062837601 -0.172195419669 0.000000164218
vn 0.000000000000 -0.218474328518 -0.975842714310
vn 0.000000000000 0.535438835621 -0.844574034214
vn 0.000000000000 -0.162823498249 0.986655235291
vn 0.985062599182 -0.172196492553 0.000000164219
vn 0.985062599182 -0.172196507454 0.000000164219
vn -0.849701464176 0.527264058590 -0.000000502838
vn -0.973692774773 -0.227864935994 0.000000217309
vn 0.621991872787 0.640268266201 0.450757890940
vn 0.508327007294 0.779722750187 0.365562677383
vn 0.451429873705 0.786102473736 0.422201365232
vn 0.383294701576 0.777872323990 0.497995793819
vn 0.336533099413 0.770507276058 0.541353940964
vn 0.420024394989 0.611010193825 0.671003758907
vn 0.506371498108 0.780673205853 -0.366247475147
vn 0.624071002007 0.641031324863 -0.446782082319
vn 0.451399177313 0.786082506180 -0.422271311283
vn 0.383358091116 0.777851223946 -0.497979968786
vn 0.333926677704 0.766777515411 -0.548219978809
vn 0.559240221977 0.784331262112 -0.268467575312
vn -0.506371438503 0.780673861504 0.366246253252
vn -0.250049918890 0.792680501938 0.555996954441
vn -0.451410800219 0.786070346832 0.422281593084
vn -0.383357793093 0.777852177620 0.497978717089
vn -0.333915829659 0.766790866852 0.548207998276
vn -0.434002429247 0.608483374119 0.664371788502
vn -0.249107569456 0.792027652264 -0.557348787785
vn -0.508326828480 0.779722094536 -0.365564376116
vn -0.451441466808 0.786088585854 -0.422214746475
vn -0.383294492960 0.777871310711 -0.497997522354
vn -0.336543202400 0.770493626595 -0.541366994381
vn -0.554489076138 0.786624789238 -0.271593958139
vn 0.568887352943 -0.616780579090 0.544011831284
vn 0.668886899948 -0.430730789900 0.605855882168
vn 0.561249017715 -0.617971062660 0.550555467606
vn 0.533645212650 -0.624767124653 0.569990217686
vn 0.524562478065 -0.617103576660 0.586529970169
vn 0.592813670635 -0.421990394592 0.685927152634
vn 0.666507601738 -0.428673774004 -0.609923243523
vn 0.571082174778 -0.615753591061 -0.542874455452
vn 0.561232388020 -0.617936074734 -0.550611674786
vn 0.533730089664 -0.624754130840 -0.569924950600
vn 0.528615117073 -0.620640993118 -0.579112112522
vn 0.776592314243 -0.560252487659 -0.288134574890
vn -0.282431751490 -0.551859736443 0.784654796124
vn -0.571082532406 -0.615752518177 0.542875289917
vn -0.561240017414 -0.617922008038 0.550619721413
vn -0.533728897572 -0.624755978584 0.569924056530
vn -0.528615653515 -0.620639860630 0.579112768173
vn -0.579395353794 -0.428990751505 0.693013727665
vn -0.568887352943 -0.616781651974 -0.544010698795
vn -0.283606141806 -0.553056597710 -0.783387482166
vn -0.561249136925 -0.617972075939 -0.550554156303
vn -0.533646941185 -0.624765217304 -0.569990634918
vn -0.524562239647 -0.617104649544 -0.586528956890
vn -0.780709028244 -0.556300103664 -0.284646451473
vn 0.580494165421 0.814264357090 -0.000000776543
vn 0.000000000000 0.817867040634 -0.575407326221
vn 0.000000000000 0.817868053913 0.575405776501
vn -0.580494165421 0.814264416695 -0.000000776543
vn 0.814272582531 -0.580482661724 0.000000553591
vn 0.000000000000 -0.575413286686 -0.817862808704
vn 0.000000000000 -0.575411736965 0.817863881588
vn -0.814272582531 -0.580482661724 0.000000553591
vn -0.233944460750 0.966926872730 0.101599380374
vn -0.460525721312 0.862278640270 -0.210693180561
vn -0.494243472815 0.852426946163 -0.170562863350
vn -0.255408555269 0.958963334560 0.123108707368
vn 0.000372554990 0.920659780502 0.390365749598
vn -0.234330907464 0.966920793056 0.100763127208
vn -0.250387012959 0.960901200771 0.118216797709
vn 0.014068046585 0.921581327915 0.387930303812
vn -0.256919145584 0.958037436008 0.127109304070
vn 0.112088523805 0.882129549980 0.457475274801
vn -0.517940580845 0.837072193623 -0.176203638315
vn -0.260385870934 0.956608831882 0.130762010813
vn -0.358788669109 0.892273008823 -0.274079591036
vn -0.406734883785 0.878927171230 -0.249105960131
vn -0.203659966588 0.975855410099 0.078922517598
vn -0.174244239926 0.982706248760 0.062668517232
vn -0.181493014097 0.981030225754 0.068117752671
vn -0.210021972656 0.974159419537 0.083091408014
vn -0.002036854858 0.918471932411 0.395480841398
vn -0.000524638104 0.919140577316 0.393929302692
vn -0.263259410858 0.897814273834 -0.353021174669
vn -0.326515436172 0.900013864040 -0.288725972176
vn -0.150782212615 0.987585127354 0.044050324708
vn -0.120518535376 0.992344498634 0.026974953711
vn -0.128923594952 0.991170108318 0.030990879983
vn -0.154413789511 0.986806035042 0.048685524613
vn -0.032401151955 0.925320982933 0.377797931433
vn -0.031165456399 0.915522754192 0.401057034731
vn -0.158592909575 0.919265568256 -0.360276371241
vn -0.089385434985 0.995783627033 0.020618889481
vn -0.059753097594 0.997904419899 0.024824645370
vn -0.105105884373 0.928129494190 -0.357111185789
vn -0.098590962589 0.994802713394 0.025442847982
vn -0.019665677100 0.921508073807 0.387860924006
vn -0.014062282629 0.916983306408 0.398677647114
vn -0.068363748491 0.997230947018 0.029271574691
vn -0.002648706548 0.914263904095 0.405110388994
vn -0.040685474873 0.998655378819 0.032127458602
vn -0.035866755992 0.998911678791 0.029815843329
vn -0.070508405566 0.932996511459 -0.352910757065
vn 0.020630018786 0.921020269394 0.388967901468
vn 0.015330564231 0.924653589725 0.380500614643
vn -0.445843040943 0.866560399532 -0.224270060658
vn -0.491242438555 0.852235317230 -0.179932922125
vn -0.517455756664 0.838108599186 -0.172665894032
vn 0.105360276997 0.881358921528 0.460549205542
vn 0.026573814452 0.923502624035 0.382670521736
vn -0.335749328136 0.896619915962 -0.288695394993
vn -0.388261049986 0.883961260319 -0.260510712862
vn 0.017760721967 0.924034833908 0.381895512342
vn 0.047624014318 0.926792204380 0.372542858124
vn -0.003770447802 0.999861955643 -0.016181176528
vn -0.246472075582 0.907391190529 -0.340430319309
vn 0.000000009798 0.999364972115 0.035632066429
vn 0.000000009008 0.942243218422 -0.334929525852
vn -0.000000007971 0.913613438606 0.406584024429
vn 0.000000003690 0.999292671680 0.037606593221
vn 0.253844171762 -0.959724485874 -0.120382718742
vn 0.233626648784 -0.967115879059 -0.100525923073
vn 0.233626514673 -0.966995537281 -0.101677365601
vn 0.255133002996 -0.959065914154 -0.122880786657
vn 0.250718206167 -0.960836827755 -0.118038073182
vn 0.233558088541 -0.967140018940 -0.100453227758
vn 0.231935635209 -0.967539966106 -0.100360922515
vn 0.251252174377 -0.960420072079 -0.120273374021
vn 0.257137358189 -0.957853496075 -0.128050908446
vn 0.257235288620 -0.958044350147 -0.126416206360
vn 0.260794490576 -0.956575512886 -0.130190104246
vn 0.261020600796 -0.956673920155 -0.129008546472
vn 0.203868106008 -0.975788354874 -0.079213783145
vn 0.206108167768 -0.975280940533 -0.079665049911
vn 0.178215727210 -0.981952190399 -0.063316807151
vn 0.175881877542 -0.982420444489 -0.062574833632
vn 0.205814585090 -0.975249230862 -0.080803669989
vn 0.209258630872 -0.974389851093 -0.082311756909
vn 0.181080535054 -0.981279313564 -0.065579667687
vn 0.176946341991 -0.982176959515 -0.063390694559
vn 0.153498932719 -0.987047970295 -0.046631101519
vn 0.149465486407 -0.987789511681 -0.043954230845
vn 0.152187734842 -0.987291455269 -0.045766118914
vn 0.150640830398 -0.987576067448 -0.044731520116
vn 0.059817723930 -0.997920572758 -0.024005793035
vn 0.089880943298 -0.995727539063 -0.021165877581
vn 0.094479151070 -0.995190322399 -0.025882091373
vn 0.062961049378 -0.997626602650 -0.027874916792
vn 0.064976043999 -0.997565448284 -0.025322843343
vn 0.093683011830 -0.995318293571 -0.023768324405
vn 0.098099663854 -0.994845509529 -0.025667548180
vn 0.068081617355 -0.997263669968 -0.028809163719
vn 0.123586811125 -0.991873264313 -0.030226213858
vn 0.128006234765 -0.991283416748 -0.031168464571
vn 0.121234983206 -0.992238461971 -0.027657173574
vn 0.124251261353 -0.991779625416 -0.030574467033
vn 0.042888108641 -0.998565614223 -0.032053142786
vn 0.041558343917 -0.998693704605 -0.029726902023
vn 0.038951572031 -0.998739063740 -0.031672421843
vn 0.037717334926 -0.998863339424 -0.029143994674
vn 0.233822673559 -0.966965794563 -0.101509384811
vn 0.233729526401 -0.967043101788 -0.100986331701
vn 0.254211843014 -0.959588408470 -0.120691470802
vn 0.251472145319 -0.960385024548 -0.120093286037
vn 0.258766949177 -0.957488179207 -0.127499073744
vn 0.257144093513 -0.957852602005 -0.128044024110
vn 0.206941813231 -0.974982678890 -0.081141114235
vn 0.180290192366 -0.981398761272 -0.065968587995
vn 0.177696332335 -0.982059597969 -0.063110485673
vn 0.204664334655 -0.975646913052 -0.078902341425
vn 0.154114589095 -0.986932814121 -0.047035176307
vn 0.151087567210 -0.987493991852 -0.045035518706
vn -0.000000004439 -0.999440073967 -0.033459980041
vn -0.000000002509 -0.999370753765 -0.035470377654
vn -0.000000003938 -0.999425292015 -0.033899143338
vn -0.000000004949 -0.999359905720 -0.035774976015
vn 0.518820941448 0.455525159836 0.723409771919
vn 0.566335856915 0.467910528183 0.678471446037
vn 0.721517741680 0.104201622307 0.684510111809
vn 0.663943946362 0.082192160189 0.743251621723
vn -0.653648555279 0.312292486429 -0.689359843731
vn -0.591588556767 0.328992038965 -0.736061990261
vn -0.543715775013 -0.044074449688 -0.838111281395
vn -0.603653013706 -0.059727694839 -0.795006692410
vn -0.865681707859 0.000280638254 0.500594675541
vn -0.865643084049 0.016972776502 0.500373840332
vn -0.826800107956 -0.286002695560 0.484359443188
vn -0.826605737209 -0.286843001842 0.484194189310
vn -0.673555910587 0.227163136005 -0.703362941742
vn -0.625353753567 -0.065299347043 -0.777604460716
vn -0.864642143250 -0.037692952901 0.500972270966
vn -0.865615487099 -0.002174095251 0.500704586506
vn -0.825820386410 -0.289441049099 0.483988165855
vn -0.825391590595 -0.290882050991 0.483855724335
vn 0.648527562618 0.350899070501 0.675486385822
vn 0.739221990108 0.111165046692 0.664223790169
vn 0.411285907030 0.418722361326 0.809639096260
vn 0.460919052362 0.434055656195 0.774047374725
vn 0.587347030640 0.057101529092 0.807318329811
vn 0.521363258362 0.038402937353 0.852470278740
vn -0.520091533661 0.347587138414 -0.780184566975
vn -0.459686756134 0.360667258501 -0.811546206474
vn -0.422798633575 -0.017375340685 -0.906057059765
vn -0.476595550776 -0.027998058125 -0.878676772118
vn 0.237234964967 0.401471763849 0.884612917900
vn 0.344117879868 0.407543271780 0.845867216587
vn 0.446980655193 0.018023030832 0.894362032413
vn 0.310953438282 0.011474265717 0.950355887413
vn -0.389891833067 0.366661101580 -0.844715356827
vn -0.296924352646 0.373985528946 -0.878618657589
vn -0.268803298473 -0.004160613287 -0.963186085224
vn -0.358768075705 -0.011452726088 -0.933356463909
vn 0.095773391426 0.370363295078 0.923936426640
vn 0.135872513056 0.384328037500 0.913143277168
vn 0.186115294695 -0.004409587476 0.982518017292
vn 0.128879353404 -0.016471059993 0.991523444653
vn -0.203539058566 0.387693732977 -0.899035811424
vn -0.132773563266 0.401239365339 -0.906299114227
vn -0.115728966892 0.020488288254 -0.993069469929
vn -0.179358765483 0.007651677355 -0.983753979206
vn -0.087492644787 0.408632785082 -0.908495664597
vn -0.077077962458 0.028447305784 -0.996619105339
vn 0.088245697320 0.359872370958 0.928818881512
vn 0.112822487950 -0.025150660425 0.993296802044
vn -0.000000005008 0.348695009947 0.937236249447
vn -0.000000009373 -0.033461980522 0.999440014362
vn 0.000000015866 0.436035126448 -0.899929642677
vn 0.000000011622 0.035201642662 -0.999380230904
vn -0.603995680809 0.637512803078 -0.478295475245
vn -0.549259424210 0.653167665005 -0.521235167980
vn -0.623459756374 0.631372988224 -0.461157381535
vn -0.765621602535 0.476154178381 0.432551473379
vn -0.765905797482 0.475271552801 0.433018773794
vn 0.308662712574 0.743027687073 0.593832612038
vn 0.291290879250 0.737307071686 0.609530866146
vn 0.249990224838 0.725447535515 0.641272723675
vn 0.212011441588 0.715447843075 0.665721833706
vn 0.182866737247 0.710319459438 0.679710268974
vn 0.106442563236 0.711005866528 0.695083200932
vn 0.065161526203 0.699530661106 0.711625456810
vn 0.061133496463 0.698995590210 0.712508141994
vn 0.040394041687 0.692228257656 0.720547318459
vn 0.035797618330 0.686195731163 0.726535618305
vn -0.000000006770 0.664242208004 0.747517347336
vn -0.084197469056 0.727347016335 -0.681085228920
vn 0.000000011727 0.763310611248 -0.646031677723
vn -0.129663273692 0.718983888626 -0.682824790478
vn -0.196843504906 0.709265530109 -0.676900982857
vn -0.279780030251 0.698589742184 -0.658555567265
vn -0.361710309982 0.689498126507 -0.627501368523
vn -0.426666855812 0.681362867355 -0.594726800919
vn -0.484333634377 0.669572770596 -0.563110291958
vn -0.608867704868 0.634258806705 -0.476440787315
vn -0.657343387604 0.617544114590 -0.431901514530
vn -0.669688880444 0.612980961800 -0.419250607491
vn -0.767541110516 0.472031027079 0.433667331934
vn -0.767820537090 0.471143335104 0.434137761593
vn 0.329372555017 0.752542555332 0.570257365704
vn 0.337216198444 0.755889177322 0.561174511909
vn 0.303337275982 0.742940962315 0.596678555012
vn 0.270368665457 0.731299579144 0.626180231571
vn 0.243277430534 0.723069131374 0.646519184113
vn 0.203545138240 0.717856466770 0.665771365166
vn 0.132555738091 0.710281550884 0.691324174404
vn 0.067289233208 0.700613498688 0.710361123085
vn 0.048904709518 0.693531930447 0.718764066696
vn 0.050110056996 0.688233137131 0.723756968975
vn 0.000000008770 0.658539414406 0.752546191216
vn -0.000000004885 0.764482319355 -0.644644677639
vn -0.094051584601 0.724802136421 -0.682507276535
vn -0.130642786622 0.718189477921 -0.683473706245
vn -0.195904031396 0.708635628223 -0.677832663059
vn -0.345573484898 0.692173004150 -0.633620917797
vn -0.454410374165 0.673869252205 -0.582590341568
vn -0.482474833727 0.669048249722 -0.565325081348
vn -0.539212405682 0.654860496521 -0.529535353184
vn 0.298638045788 0.739875972271 0.602825760841
vn 0.278412193060 0.734355211258 0.619038820267
vn 0.248532444239 0.725149810314 0.642175436020
vn 0.231105536222 0.720231056213 0.654108047485
vn 0.238519489765 0.724249958992 0.646970212460
vn 0.006463789381 0.999759852886 -0.020941646770
vn -0.338529407978 0.716886937618 -0.609484136105
vn -0.435625344515 0.679547786713 -0.590292632580
vn -0.504453897476 0.664260983467 -0.551619052887
vn -0.580019295216 0.643763542175 -0.499145418406
vn -0.647907614708 0.621482849121 -0.440425693989
vn -0.673950254917 0.611523985863 -0.414523094893
vn -0.766717314720 0.473983645439 0.432994335890
vn -0.767004609108 0.472967326641 0.433596432209
vn 0.301848292351 0.740647614002 0.600273907185
vn 0.138167902827 -0.989735782146 -0.036506768316
vn 0.233944445848 0.966926872730 0.101599387825
vn 0.255408555269 0.958963334560 0.123108699918
vn 0.494243472815 0.852426946163 -0.170562818646
vn 0.460525661707 0.862278699875 -0.210693106055
vn -0.000372580602 0.920659780502 0.390365749598
vn -0.014068026096 0.921581327915 0.387930274010
vn 0.250387012959 0.960901200771 0.118216790259
vn 0.234330907464 0.966920793056 0.100763127208
vn 0.256919145584 0.958037436008 0.127109304070
vn -0.112088523805 0.882129549980 0.457475274801
vn 0.517940521240 0.837072193623 -0.176203578711
vn 0.260385870934 0.956608831882 0.130762010813
vn 0.358788698912 0.892273008823 -0.274079591036
vn 0.174244239926 0.982706248760 0.062668524683
vn 0.203659966588 0.975855410099 0.078922517598
vn 0.406734853983 0.878927171230 -0.249105945230
vn 0.181492984295 0.981030225754 0.068117752671
vn 0.000524581643 0.919140517712 0.393929392099
vn 0.002036895836 0.918471992016 0.395480751991
vn 0.210021957755 0.974159419537 0.083091400564
vn 0.263259410858 0.897814273834 -0.353021234274
vn 0.120518535376 0.992344498634 0.026974953711
vn 0.150782212615 0.987585127354 0.044050324708
vn 0.326515406370 0.900013864040 -0.288725942373
vn 0.128923594952 0.991170108318 0.030990879983
vn 0.031165471300 0.915522754192 0.401057004929
vn 0.032401148230 0.925320982933 0.377797931433
vn 0.154413789511 0.986806035042 0.048685528338
vn 0.158592894673 0.919265568256 -0.360276401043
vn 0.105105862021 0.928129494190 -0.357111126184
vn 0.059753090143 0.997904419899 0.024824643508
vn 0.089385442436 0.995783627033 0.020618891343
vn 0.098590940237 0.994802713394 0.025442851707
vn 0.068363733590 0.997230947018 0.029271570966
vn 0.014062278904 0.916983306408 0.398677647114
vn 0.019665678963 0.921508073807 0.387860953808
vn 0.002648703987 0.914263963699 0.405110329390
vn 0.040685467422 0.998655378819 0.032127454877
vn 0.035866752267 0.998911678791 0.029815843329
vn 0.070508405566 0.932996511459 -0.352910757065
vn -0.020630013198 0.921020269394 0.388967931271
vn 0.491242468357 0.852235257626 -0.179932951927
vn 0.445843040943 0.866560399532 -0.224270045757
vn -0.015330543742 0.924653589725 0.380500614643
vn -0.105360262096 0.881358921528 0.460549235344
vn 0.517455756664 0.838108599186 -0.172665923834
vn -0.026573805138 0.923502624035 0.382670551538
vn -0.017760716379 0.924034833908 0.381895512342
vn 0.388261020184 0.883961260319 -0.260510742664
vn 0.335749328136 0.896619915962 -0.288695394993
vn -0.047624018043 0.926792144775 0.372542917728
vn 0.246472075582 0.907391190529 -0.340430319309
vn 0.003770473879 0.999861955643 -0.016181200743
vn -0.253844201565 -0.959724485874 -0.120382733643
vn -0.255133002996 -0.959065914154 -0.122880794108
vn -0.233626514673 -0.966995537281 -0.101677380502
vn -0.233626648784 -0.967115879059 -0.100525923073
vn -0.250718206167 -0.960836827755 -0.118038073182
vn -0.251252174377 -0.960420072079 -0.120273374021
vn -0.231935635209 -0.967539966106 -0.100360929966
vn -0.233558088541 -0.967140018940 -0.100453227758
vn -0.257235288620 -0.958044350147 -0.126416206360
vn -0.257137358189 -0.957853496075 -0.128050908446
vn -0.261020600796 -0.956673920155 -0.129008546472
vn -0.260794490576 -0.956575512886 -0.130190104246
vn -0.203868106008 -0.975788354874 -0.079213790596
vn -0.175881862640 -0.982420444489 -0.062574826181
vn -0.178215727210 -0.981952190399 -0.063316814601
vn -0.206108167768 -0.975280940533 -0.079665049911
vn -0.205814585090 -0.975249230862 -0.080803669989
vn -0.176946356893 -0.982176959515 -0.063390694559
vn -0.181080535054 -0.981279313564 -0.065579660237
vn -0.209258630872 -0.974389851093 -0.082311756909
vn -0.153498917818 -0.987047970295 -0.046631101519
vn -0.149465471506 -0.987789511681 -0.043954223394
vn -0.152187749743 -0.987291455269 -0.045766115189
vn -0.150640845299 -0.987576067448 -0.044731527567
vn -0.059817712754 -0.997920572758 -0.024005787447
vn -0.062961041927 -0.997626602650 -0.027874914929
vn -0.094479158521 -0.995190322399 -0.025882091373
vn -0.089880943298 -0.995727539063 -0.021165879443
vn -0.064976029098 -0.997565448284 -0.025322843343
vn -0.068081609905 -0.997263669968 -0.028809165582
vn -0.098099663854 -0.994845509529 -0.025667550042
vn -0.093683011830 -0.995318293571 -0.023768324405
vn -0.128006264567 -0.991283416748 -0.031168464571
vn -0.123586811125 -0.991873264313 -0.030226213858
vn -0.124251246452 -0.991779625416 -0.030574470758
vn -0.121234983206 -0.992238461971 -0.027657173574
vn -0.041558336467 -0.998693704605 -0.029726902023
vn -0.042888104916 -0.998565614223 -0.032053135335
vn -0.037717327476 -0.998863339424 -0.029143994674
vn -0.038951568305 -0.998739063740 -0.031672414392
vn -0.233822703362 -0.966965794563 -0.101509384811
vn -0.251472145319 -0.960385024548 -0.120093278587
vn -0.254211872816 -0.959588408470 -0.120691455901
vn -0.233729511499 -0.967043101788 -0.100986331701
vn -0.258766919374 -0.957488179207 -0.127499073744
vn -0.257144093513 -0.957852602005 -0.128044024110
vn -0.206941798329 -0.974982678890 -0.081141099334
vn -0.204664334655 -0.975646913052 -0.078902341425
vn -0.177696347237 -0.982059597969 -0.063110485673
vn -0.180290192366 -0.981398761272 -0.065968587995
vn -0.151087582111 -0.987493991852 -0.045035514981
vn -0.154114603996 -0.986932814121 -0.047035172582
vn -0.518820941448 0.455525070429 0.723409771919
vn -0.663943946362 0.082192152739 0.743251621723
vn -0.721517741680 0.104201622307 0.684510171413
vn -0.566335797310 0.467910557985 0.678471446037
vn 0.653648555279 0.312292456627 -0.689359843731
vn 0.603652954102 -0.059727698565 -0.795006692410
vn 0.543715834618 -0.044074449688 -0.838111281395
vn 0.591588556767 0.328992068768 -0.736061930656
vn 0.865681707859 0.000280644716 0.500594735146
vn 0.826605737209 -0.286843001842 0.484194189310
vn 0.826800107956 -0.286002695560 0.484359443188
vn 0.865643084049 0.016972795129 0.500373840332
vn 0.673555910587 0.227163121104 -0.703362882137
vn 0.625353753567 -0.065299347043 -0.777604460716
vn 0.864642143250 -0.037692915648 0.500972270966
vn 0.825391590595 -0.290882050991 0.483855724335
vn 0.825820386410 -0.289441049099 0.483988136053
vn 0.865615546703 -0.002174012596 0.500704526901
vn -0.739221990108 0.111165054142 0.664223730564
vn -0.648527562618 0.350899100304 0.675486385822
vn -0.411285847425 0.418722361326 0.809639096260
vn -0.521363258362 0.038402941078 0.852470219135
vn -0.587347030640 0.057101529092 0.807318329811
vn -0.460919082165 0.434055656195 0.774047315121
vn 0.520091533661 0.347587108612 -0.780184566975
vn 0.476595550776 -0.027998059988 -0.878676772118
vn 0.422798633575 -0.017375342548 -0.906057059765
vn 0.459686756134 0.360667258501 -0.811546206474
vn -0.237234979868 0.401471674442 0.884612977505
vn -0.310953408480 0.011474261992 0.950355887413
vn -0.446980684996 0.018023028970 0.894362032413
vn -0.344117850065 0.407543301582 0.845867156982
vn 0.389891803265 0.366661041975 -0.844715356827
vn 0.358768075705 -0.011452724226 -0.933356463909
vn 0.268803298473 -0.004160612356 -0.963186085224
vn 0.296924382448 0.373985558748 -0.878618657589
vn -0.095773369074 0.370363324881 0.923936426640
vn -0.128879353404 -0.016471059993 0.991523444653
vn -0.186115294695 -0.004409588873 0.982518017292
vn -0.135872513056 0.384328007698 0.913143277168
vn 0.203539073467 0.387693792582 -0.899035811424
vn 0.179358765483 0.007651677821 -0.983753979206
vn 0.115728974342 0.020488288254 -0.993069469929
vn 0.132773548365 0.401239246130 -0.906299173832
vn 0.077077962458 0.028447307646 -0.996619105339
vn 0.087492644787 0.408632814884 -0.908495604992
vn -0.088245689869 0.359872460365 0.928818881512
vn -0.112822487950 -0.025150662288 0.993296802044
vn 0.603995680809 0.637512803078 -0.478295534849
vn 0.549259364605 0.653167665005 -0.521235227585
vn 0.623459756374 0.631372988224 -0.461157351732
vn 0.765621542931 0.476154237986 0.432551473379
vn 0.765905797482 0.475271552801 0.433018773794
vn -0.291290849447 0.737307071686 0.609530925751
vn -0.308662712574 0.743027687073 0.593832612038
vn -0.249990209937 0.725447535515 0.641272723675
vn -0.212011426687 0.715447902679 0.665721774101
vn -0.182866752148 0.710319459438 0.679710268974
vn -0.106442563236 0.711005926132 0.695083141327
vn -0.065161526203 0.699530661106 0.711625456810
vn -0.061133496463 0.698995590210 0.712508141994
vn -0.040394041687 0.692228198051 0.720547318459
vn -0.035797618330 0.686195731163 0.726535618305
vn 0.084197476506 0.727347075939 -0.681085228920
vn 0.129663258791 0.718983888626 -0.682824790478
vn 0.196843534708 0.709265589714 -0.676900982857
vn 0.279780060053 0.698589742184 -0.658555567265
vn 0.361710309982 0.689498126507 -0.627501368523
vn 0.426666855812 0.681362867355 -0.594726800919
vn 0.484333664179 0.669572770596 -0.563110291958
vn 0.657343387604 0.617544174194 -0.431901514530
vn 0.608867704868 0.634258866310 -0.476440727711
vn 0.669688880444 0.612980961800 -0.419250607491
vn 0.767541110516 0.472031027079 0.433667391539
vn 0.767820537090 0.471143335104 0.434137761593
vn -0.329372525215 0.752542495728 0.570257365704
vn -0.337216198444 0.755889177322 0.561174511909
vn -0.303337246180 0.742940962315 0.596678555012
vn -0.270368635654 0.731299579144 0.626180231571
vn -0.243277445436 0.723069131374 0.646519184113
vn -0.203545123339 0.717856466770 0.665771365166
vn -0.132555738091 0.710281610489 0.691324114799
vn -0.067289240658 0.700613498688 0.710361063480
vn -0.048904702067 0.693531990051 0.718764066696
vn -0.050110053271 0.688233196735 0.723756909370
vn 0.094051584601 0.724802196026 -0.682507216930
vn 0.130642771721 0.718189477921 -0.683473646641
vn 0.195904046297 0.708635628223 -0.677832663059
vn 0.345573514700 0.692173004150 -0.633620917797
vn 0.454410403967 0.673869252205 -0.582590281963
vn 0.482474833727 0.669048249722 -0.565325140953
vn 0.539212405682 0.654860496521 -0.529535353184
vn -0.278412163258 0.734355211258 0.619038820267
vn -0.298638045788 0.739875972271 0.602825760841
vn -0.248532459140 0.725149810314 0.642175495625
vn -0.231105521321 0.720231115818 0.654108047485
vn -0.238519489765 0.724249958992 0.646970212460
vn -0.006463602185 0.999759793282 -0.020942196250
vn 0.338529407978 0.716886937618 -0.609484136105
vn 0.435625374317 0.679547727108 -0.590292692184
vn 0.504453897476 0.664260983467 -0.551619112492
vn 0.580019295216 0.643763542175 -0.499145418406
vn 0.647907555103 0.621482908726 -0.440425723791
vn 0.673950254917 0.611523985863 -0.414523094893
vn 0.766717314720 0.473983645439 0.432994365692
vn 0.767004609108 0.472967326641 0.433596432209
vn -0.301848262548 0.740647614002 0.600273907185
vn -0.138167887926 -0.989735782146 -0.036506753415
vn -0.233931779861 0.966928184032 -0.101615548134
vn -0.255409896374 0.958962917328 -0.123109251261
vn -0.494249403477 0.852422595024 0.170567631721
vn -0.460529714823 0.862275838852 0.210695803165
vn 0.000377729244 0.920657694340 -0.390370637178
vn 0.014069485478 0.921579241753 -0.387935250998
vn -0.250389486551 0.960900366306 -0.118218548596
vn -0.234336614609 0.966920256615 -0.100754581392
vn -0.256926298141 0.958034932613 -0.127113953233
vn 0.112079158425 0.882130622864 -0.457475483418
vn -0.517938911915 0.837074339390 0.176198303699
vn -0.260395437479 0.956607043743 -0.130756169558
vn -0.358796030283 0.892267286777 0.274088382721
vn -0.174258768559 0.982704579830 -0.062654949725
vn -0.203653097153 0.975856125355 -0.078932031989
vn -0.406729519367 0.878931403160 0.249099746346
vn -0.181505486369 0.981028914452 -0.068103291094
vn -0.000528328586 0.919141232967 -0.393927782774
vn -0.002031048294 0.918468534946 -0.395488858223
vn -0.210009321570 0.974160790443 -0.083107776940
vn -0.263260304928 0.897813558578 0.353022456169
vn -0.120522126555 0.992343962193 -0.026980955154
vn -0.150765016675 0.987586855888 -0.044069319963
vn -0.326511621475 0.900015950203 0.288723945618
vn -0.128926411271 0.991169929504 -0.030986411497
vn -0.031162969768 0.915521383286 -0.401060461998
vn -0.032404694706 0.925324320793 -0.377789378166
vn -0.154408633709 0.986806511879 -0.048691324890
vn -0.158596649766 0.919261097908 0.360286176205
vn -0.105107627809 0.928127944469 0.357114702463
vn -0.059749986976 0.997904181480 -0.024843079969
vn -0.089384123683 0.995783746243 -0.020620470867
vn -0.098588742316 0.994803011417 -0.025442646816
vn -0.068363942206 0.997230887413 -0.029273331165
vn -0.014062758535 0.916982650757 -0.398679226637
vn -0.019664729014 0.921508491039 -0.387859970331
vn -0.002649994334 0.914267539978 -0.405102282763
vn -0.040685195476 0.998655259609 -0.032129254192
vn -0.035865396261 0.998910784721 -0.029850063846
vn -0.070506930351 0.933001399040 0.352898210287
vn 0.020626854151 0.921021223068 -0.388965874910
vn -0.491240084171 0.852237164974 0.179930448532
vn -0.445845067501 0.866559684277 0.224268987775
vn 0.015328974463 0.924652576447 -0.380503118038
vn 0.105389140546 0.881347179413 -0.460565209389
vn -0.517441213131 0.838120520115 0.172651767731
vn 0.026570927352 0.923506796360 -0.382660657167
vn 0.017753344029 0.924034774303 -0.381895989180
vn -0.388263672590 0.883959710598 0.260512143373
vn -0.335755765438 0.896611332893 0.288714766502
vn 0.047610264271 0.926794111729 -0.372539788485
vn -0.246471390128 0.907395422459 0.340419441462
vn -0.003787629539 0.999861001968 0.016237469390
vn 0.000000007721 0.942244231701 0.334926486015
vn 0.000000003359 0.999364495277 -0.035644844174
vn 0.000000002460 0.999291896820 -0.037625495344
vn 0.000000000000 0.913609683514 -0.406592279673
vn 0.253851205111 -0.959723293781 0.120377525687
vn 0.255139440298 -0.959064543247 0.122878141701
vn 0.233634203672 -0.966994285583 0.101671569049
vn 0.233635440469 -0.967114448547 0.100519225001
vn 0.250720769167 -0.960836648941 0.118034079671
vn 0.251255303621 -0.960420131683 0.120266065001
vn 0.231931254268 -0.967540323734 0.100367218256
vn 0.233552068472 -0.967140197754 0.100465282798
vn 0.257240027189 -0.958043634892 0.126411646605
vn 0.257142007351 -0.957852661610 0.128047749400
vn 0.261026322842 -0.956672132015 0.129010632634
vn 0.260799586773 -0.956573426723 0.130195438862
vn 0.203869372606 -0.975788295269 0.079211749136
vn 0.175878196955 -0.982420742512 0.062580332160
vn 0.178211942315 -0.981952548027 0.063321761787
vn 0.206112146378 -0.975280404091 0.079661585391
vn 0.205815657973 -0.975248634815 0.080809019506
vn 0.176943629980 -0.982176721096 0.063401885331
vn 0.181077942252 -0.981279075146 0.065591052175
vn 0.209258466959 -0.974389493465 0.082316778600
vn 0.153500139713 -0.987047493458 0.046635482460
vn 0.149465829134 -0.987789213657 0.043958701193
vn 0.152188956738 -0.987291216850 0.045766558498
vn 0.150644227862 -0.987575590611 0.044729668647
vn 0.059815604240 -0.997920989990 0.023996854201
vn 0.062960021198 -0.997626900673 0.027867555618
vn 0.094481810927 -0.995190024376 0.025886008516
vn 0.089884482324 -0.995727181435 0.021170021966
vn 0.064979910851 -0.997565031052 0.025330113247
vn 0.068084307015 -0.997263431549 0.028814414516
vn 0.098098881543 -0.994845569134 0.025670198724
vn 0.093683354557 -0.995318353176 0.023767182603
vn 0.127998739481 -0.991284191608 0.031178249046
vn 0.123579978943 -0.991873919964 0.030235372484
vn 0.124251469970 -0.991779863834 0.030567249283
vn 0.121234700084 -0.992238879204 0.027645153925
vn 0.041559528559 -0.998694002628 0.029717462137
vn 0.042887784541 -0.998565971851 0.032040141523
vn 0.037717588246 -0.998863041401 0.029154911637
vn 0.038953952491 -0.998738408089 0.031688336283
vn 0.233820050955 -0.966966092587 0.101511903107
vn 0.251463055611 -0.960386455059 0.120100565255
vn 0.254205048084 -0.959589302540 0.120698384941
vn 0.233729884028 -0.967042803764 0.100987538695
vn 0.258759707212 -0.957488894463 0.127508521080
vn 0.257136195898 -0.957853436470 0.128053694963
vn 0.206946581602 -0.974981904030 0.081138260663
vn 0.204670339823 -0.975646078587 0.078897558153
vn 0.177700087428 -0.982058882713 0.063111640513
vn 0.180294230580 -0.981397986412 0.065969981253
vn 0.151083379984 -0.987494349480 0.045041054487
vn 0.154112026095 -0.986932933331 0.047040451318
vn 0.000000000000 -0.999439477921 0.033476393670
vn -0.000000001255 -0.999370098114 0.035487446934
vn -0.000000007877 -0.999425649643 0.033886075020
vn -0.000000006186 -0.999360322952 0.035761702806
vn 0.518803656101 0.455551773310 -0.723405361176
vn 0.663940429688 0.082203254104 -0.743253409863
vn 0.721517205238 0.104200907052 -0.684510827065
vn 0.566339254379 0.467904239893 -0.678472876549
vn -0.653650879860 0.312269240618 0.689368128777
vn -0.603649079800 -0.059744793922 0.795008361340
vn -0.543719530106 -0.044050469995 0.838110148907
vn -0.591586768627 0.329013526440 0.736053824425
vn -0.865681886673 0.000281435932 -0.500594377518
vn -0.826608359814 -0.286834746599 -0.484194636345
vn -0.826798677444 -0.286001026630 -0.484362840652
vn -0.865642070770 0.016965137795 -0.500375866890
vn -0.673554778099 0.227165415883 0.703363180161
vn -0.625349521637 -0.065307281911 0.777607202530
vn -0.864642381668 -0.037696454674 -0.500971555710
vn -0.825391352177 -0.290883600712 -0.483855217695
vn -0.825824558735 -0.289431989193 -0.483986496925
vn -0.865616261959 -0.002178481314 -0.500703215599
vn 0.739221513271 0.111163891852 -0.664224445820
vn 0.648531138897 0.350888460875 -0.675488471985
vn 0.411295086145 0.418704688549 -0.809643626213
vn 0.521363914013 0.038396615535 -0.852470159531
vn 0.587350368500 0.057089004666 -0.807316780090
vn 0.460915893316 0.434061169624 -0.774046123028
vn -0.520093381405 0.347579807043 0.780186593533
vn -0.476596683264 -0.027995664626 0.878676176071
vn -0.422797799110 -0.017380012199 0.906057357788
vn -0.459686189890 0.360680431128 0.811540663242
vn 0.237229257822 0.401486217976 -0.884607851505
vn 0.310956686735 0.011452812701 -0.950355052948
vn 0.446979343891 0.018020391464 -0.894362747669
vn 0.344109416008 0.407559305429 -0.845862984657
vn -0.389891624451 0.366673827171 0.844709873199
vn -0.358768522739 -0.011437942274 0.933356463909
vn -0.268804222345 -0.004157708958 0.963185846806
vn -0.296923816204 0.373996168375 0.878614306450
vn 0.095768652856 0.370380818844 -0.923929870129
vn 0.128878325224 -0.016473013908 -0.991523623466
vn 0.186115294695 -0.004411460832 -0.982518017292
vn 0.135879814625 0.384307235479 -0.913150906563
vn -0.203539088368 0.387703746557 0.899031519890
vn -0.179359614849 0.007653484587 0.983753800392
vn -0.115728996694 0.020504048094 0.993069171906
vn -0.132773533463 0.401254087687 0.906292676926
vn -0.077078625560 0.028449626639 0.996619045734
vn -0.087495706975 0.408636093140 0.908493816853
vn 0.088247083127 0.359870076180 -0.928819715977
vn 0.112822011113 -0.025153322145 -0.993296802044
vn -0.000000022536 0.348692595959 -0.937237203121
vn -0.000000014059 -0.033478543162 -0.999439418316
vn 0.000000001453 0.035198915750 0.999380290508
vn -0.000000009090 0.436066240072 0.899914562702
vn -0.604007661343 0.637488543987 0.478312760592
vn -0.549252569675 0.653181552887 0.521224975586
vn -0.623457729816 0.631379842758 0.461150676012
vn -0.765623152256 0.476153194904 -0.432549744844
vn -0.765909910202 0.475262701511 -0.433021187782
vn 0.291299104691 0.737299025059 -0.609536647797
vn 0.308655738831 0.743030726910 -0.593832433224
vn 0.250003635883 0.725434899330 -0.641281902790
vn 0.212008252740 0.715447664261 -0.665722966194
vn 0.182873278856 0.710309505463 -0.679718852043
vn 0.106428764760 0.711027264595 -0.695063412189
vn 0.065168686211 0.699519574642 -0.711635708809
vn 0.061132505536 0.698998689651 -0.712505221367
vn 0.040393374860 0.692227482796 -0.720548033714
vn 0.035794269294 0.686208784580 -0.726523399353
vn -0.000000002257 0.664238870144 -0.747520387173
vn -0.084201700985 0.727355957031 0.681075155735
vn 0.000000007036 0.763357222080 0.645976603031
vn -0.129663288593 0.718993663788 0.682814359665
vn -0.196841403842 0.709280848503 0.676885664463
vn -0.279776215553 0.698603928089 0.658542275429
vn -0.361709713936 0.689506590366 0.627492427826
vn -0.426660448313 0.681386351585 0.594704568386
vn -0.484338968992 0.669562935829 0.563117384911
vn -0.657351374626 0.617528378963 0.431911915541
vn -0.608879864216 0.634233713150 0.476458787918
vn -0.669683277607 0.612993478775 0.419241338968
vn -0.767552077770 0.472007840872 -0.433673113585
vn -0.767830014229 0.471124917269 -0.434140980244
vn 0.329385697842 0.752531647682 -0.570264160633
vn 0.337241232395 0.755865335464 -0.561191499233
vn 0.303304702044 0.742970228195 -0.596658587456
vn 0.270351499319 0.731316208839 -0.626168251038
vn 0.243295446038 0.723049581051 -0.646534323692
vn 0.203530535102 0.717876851559 -0.665753781796
vn 0.132533967495 0.710318446159 -0.691290438175
vn 0.067302688956 0.700587451458 -0.710385501385
vn 0.048896778375 0.693556070328 -0.718741357327
vn 0.050112646073 0.688233315945 -0.723756611347
vn 0.000000002506 0.658545315266 -0.752541124821
vn -0.094050109386 0.724796235561 0.682513713837
vn -0.000000009770 0.764482915401 0.644644021988
vn -0.130646571517 0.718168437481 0.683495163918
vn -0.195907771587 0.708617389202 0.677850723267
vn -0.345573931932 0.692168354988 0.633625805378
vn -0.454415947199 0.673856317997 0.582600891590
vn -0.482475608587 0.669045865536 0.565327227116
vn -0.539210677147 0.654860854149 0.529536664486
vn 0.278408348560 0.734357893467 -0.619037449360
vn 0.298629581928 0.739881575108 -0.602823019028
vn 0.248505830765 0.725174427032 -0.642158091068
vn 0.231111839414 0.720225632191 -0.654111921787
vn 0.238505169749 0.724263370037 -0.646960496902
vn 0.006471129134 0.999759852886 0.020935256034
vn -0.338524639606 0.716907501221 0.609462678432
vn -0.435629427433 0.679537892342 0.590300977230
vn -0.504461467266 0.664240241051 0.551637113094
vn -0.580019891262 0.643762230873 0.499146342278
vn -0.647903859615 0.621491074562 0.440419524908
vn -0.673937678337 0.611550450325 0.414504587650
vn -0.766723871231 0.473962992430 -0.433005243540
vn -0.767007291317 0.472960591316 -0.433598965406
vn 0.301878690720 0.740623652935 -0.600288093090
vn 0.138160541654 -0.989736616611 0.036510154605
vn 0.233931764960 0.966928243637 -0.101615540683
vn 0.460529714823 0.862275838852 0.210695773363
vn 0.494249373674 0.852422595024 0.170567601919
vn 0.255409896374 0.958962917328 -0.123109251261
vn -0.000377754739 0.920657753944 -0.390370607376
vn 0.234336614609 0.966920256615 -0.100754581392
vn 0.250389516354 0.960900306702 -0.118218541145
vn -0.014069493860 0.921579241753 -0.387935250998
vn 0.256926298141 0.958034932613 -0.127113953233
vn -0.112079158425 0.882130622864 -0.457475483418
vn 0.517938911915 0.837074339390 0.176198333502
vn 0.260395437479 0.956607043743 -0.130756169558
vn 0.358796417713 0.892266929150 0.274089008570
vn 0.406729489565 0.878931403160 0.249099865556
vn 0.203653052449 0.975856125355 -0.078932061791
vn 0.174258515239 0.982704579830 -0.062655180693
vn 0.181505486369 0.981028914452 -0.068103298545
vn 0.210009306669 0.974160790443 -0.083107776940
vn 0.002031012205 0.918468534946 -0.395488917828
vn 0.000528318284 0.919141232967 -0.393927782774
vn 0.263260811567 0.897813200951 0.353022933006
vn 0.326511204243 0.900016248226 0.288723409176
vn 0.150765240192 0.987586796284 -0.044069115072
vn 0.120522074401 0.992343962193 -0.026981173083
vn 0.128926411271 0.991169929504 -0.030986411497
vn 0.154408618808 0.986806511879 -0.048691317439
vn 0.032404687256 0.925324440002 -0.377789169550
vn 0.031163040549 0.915521442890 -0.401060372591
vn 0.158596649766 0.919261097908 0.360286235809
vn 0.089384160936 0.995783746243 -0.020620428026
vn 0.059749979526 0.997904181480 -0.024843070656
vn 0.105107620358 0.928127944469 0.357114732265
vn 0.098588712513 0.994803011417 -0.025442786515
vn 0.019664702937 0.921508431435 -0.387860178947
vn 0.014062758535 0.916982650757 -0.398679196835
vn 0.068363942206 0.997230887413 -0.029273331165
vn 0.002649995033 0.914267539978 -0.405102342367
vn 0.040685184300 0.998655259609 -0.032129254192
vn 0.035865385085 0.998910784721 -0.029850063846
vn 0.070506900549 0.933001458645 0.352898210287
vn -0.020626921207 0.921021163464 -0.388965964317
vn -0.015328948386 0.924652636051 -0.380503058434
vn 0.445845067501 0.866559684277 0.224269002676
vn 0.491240054369 0.852237224579 0.179930463433
vn 0.517441213131 0.838120520115 0.172651797533
vn -0.105389147997 0.881347179413 -0.460565209389
vn -0.026570633054 0.923506915569 -0.382660359144
vn 0.335755735636 0.896611332893 0.288714885712
vn 0.388263672590 0.883959650993 0.260512202978
vn -0.017753344029 0.924034833908 -0.381895959377
vn -0.047610886395 0.926793813705 -0.372540503740
vn 0.003787015798 0.999861001968 0.016236022115
vn 0.246471360326 0.907395362854 0.340419501066
vn -0.253851205111 -0.959723293781 0.120377533138
vn -0.233635440469 -0.967114448547 0.100519225001
vn -0.233634188771 -0.966994285583 0.101671561599
vn -0.255139470100 -0.959064543247 0.122878156602
vn -0.250720769167 -0.960836648941 0.118034079671
vn -0.233552068472 -0.967140197754 0.100465282798
vn -0.231931269169 -0.967540323734 0.100367210805
vn -0.251255333424 -0.960420131683 0.120266065001
vn -0.257142007351 -0.957852661610 0.128047749400
vn -0.257240027189 -0.958043694496 0.126411646605
vn -0.260799586773 -0.956573426723 0.130195438862
vn -0.261026322842 -0.956672132015 0.129010632634
vn -0.203869372606 -0.975788295269 0.079211756587
vn -0.206112146378 -0.975280404091 0.079661592841
vn -0.178211942315 -0.981952548027 0.063321761787
vn -0.175878211856 -0.982420742512 0.062580339611
vn -0.205815672874 -0.975248634815 0.080809012055
vn -0.209258466959 -0.974389493465 0.082316778600
vn -0.181077957153 -0.981279075146 0.065591052175
vn -0.176943615079 -0.982176721096 0.063401907682
vn -0.153500020504 -0.987047553062 0.046635612845
vn -0.149465695024 -0.987789273262 0.043958820403
vn -0.152188956738 -0.987291216850 0.045766536146
vn -0.150644198060 -0.987575590611 0.044729620218
vn -0.059815622866 -0.997920989990 0.023996833712
vn -0.089884541929 -0.995727181435 0.021169884130
vn -0.094481840730 -0.995190024376 0.025885863230
vn -0.062960043550 -0.997626900673 0.027867561206
vn -0.064979925752 -0.997565031052 0.025330118835
vn -0.093683406711 -0.995318353176 0.023767197505
vn -0.098098911345 -0.994845569134 0.025670206174
vn -0.068084329367 -0.997263431549 0.028814420104
vn -0.123579964042 -0.991873919964 0.030235372484
vn -0.127998739481 -0.991284191608 0.031178271398
vn -0.121234782040 -0.992238819599 0.027645038441
vn -0.124251514673 -0.991779863834 0.030567124486
vn -0.042887765914 -0.998565971851 0.032040141523
vn -0.041559509933 -0.998694002628 0.029717462137
vn -0.038953941315 -0.998738408089 0.031688336283
vn -0.037717573345 -0.998863041401 0.029154909775
vn -0.233820050955 -0.966966092587 0.101511903107
vn -0.233729854226 -0.967042803764 0.100987516344
vn -0.254205048084 -0.959589302540 0.120698384941
vn -0.251463055611 -0.960386455059 0.120100565255
vn -0.258759737015 -0.957488894463 0.127508521080
vn -0.257136195898 -0.957853436470 0.128053694963
vn -0.206946566701 -0.974981904030 0.081138253212
vn -0.180294200778 -0.981397986412 0.065969951451
vn -0.177700057626 -0.982058882713 0.063111588359
vn -0.204670339823 -0.975646078587 0.078897558153
vn -0.154112100601 -0.986932933331 0.047040197998
vn -0.151083499193 -0.987494349480 0.045040775090
vn -0.518803656101 0.455551773310 -0.723405361176
vn -0.566339254379 0.467904180288 -0.678472876549
vn -0.721517264843 0.104200914502 -0.684510827065
vn -0.663940489292 0.082203254104 -0.743253409863
vn 0.653650879860 0.312269359827 0.689368128777
vn 0.591586768627 0.329013466835 0.736053824425
vn 0.543719589710 -0.044050473720 0.838110148907
vn 0.603649139404 -0.059744797647 0.795008361340
vn 0.865681946278 0.000281490036 -0.500594377518
vn 0.865642070770 0.016964975744 -0.500375807285
vn 0.826798677444 -0.286001026630 -0.484362870455
vn 0.826608359814 -0.286834716797 -0.484194636345
vn 0.673554837704 0.227165400982 0.703363180161
vn 0.625349521637 -0.065307281911 0.777607202530
vn 0.864642441273 -0.037696309388 -0.500971496105
vn 0.865616261959 -0.002178525785 -0.500703275204
vn 0.825824558735 -0.289432018995 -0.483986496925
vn 0.825391352177 -0.290883600712 -0.483855217695
vn -0.648531138897 0.350888490677 -0.675488471985
vn -0.739221513271 0.111163891852 -0.664224445820
vn -0.411295533180 0.418703585863 -0.809643924236
vn -0.460915863514 0.434061169624 -0.774046182632
vn -0.587350249290 0.057088855654 -0.807316899300
vn -0.521364569664 0.038394249976 -0.852469861507
vn 0.520093500614 0.347579807043 0.780186533928
vn 0.459686189890 0.360680431128 0.811540663242
vn 0.422797828913 -0.017380012199 0.906057357788
vn 0.476596713066 -0.027995660901 0.878676176071
vn -0.237229466438 0.401485890150 -0.884607970715
vn -0.344109386206 0.407559365034 -0.845862984657
vn -0.446979373693 0.018020391464 -0.894362747669
vn -0.310956776142 0.011452817358 -0.950355052948
vn 0.389891624451 0.366673946381 0.844709813595
vn 0.296923875809 0.373995542526 0.878614544868
vn 0.268803894520 -0.004158929922 0.963185966015
vn 0.358768433332 -0.011437928304 0.933356523514
vn -0.095768608153 0.370380878448 -0.923929870129
vn -0.135879874229 0.384307295084 -0.913150906563
vn -0.186115339398 -0.004411458038 -0.982518017292
vn -0.128878265619 -0.016473015770 -0.991523623466
vn 0.203539058566 0.387703299522 0.899031698704
vn 0.132773563266 0.401253968477 0.906292736530
vn 0.115729041398 0.020504048094 0.993069171906
vn 0.179359614849 0.007653442211 0.983753800392
vn 0.087495692074 0.408636152744 0.908493757248
vn 0.077078610659 0.028449632227 0.996619045734
vn -0.088247053325 0.359870105982 -0.928819656372
vn -0.112821973860 -0.025153322145 -0.993296802044
vn 0.604007661343 0.637488543987 0.478312760592
vn 0.549252569675 0.653181552887 0.521224975586
vn 0.623457729816 0.631379783154 0.461150705814
vn 0.765623211861 0.476153135300 -0.432549774647
vn 0.765909910202 0.475262701511 -0.433021187782
vn -0.308655738831 0.743030726910 -0.593832373619
vn -0.291299134493 0.737299025059 -0.609536647797
vn -0.250003635883 0.725434899330 -0.641281843185
vn -0.212008267641 0.715447723866 -0.665722906590
vn -0.182873278856 0.710309565067 -0.679718792439
vn -0.106428392231 0.711027503014 -0.695063173771
vn -0.065168641508 0.699519693851 -0.711635649204
vn -0.061132665724 0.698998510838 -0.712505400181
vn -0.040393371135 0.692227482796 -0.720548033714
vn -0.035794258118 0.686208724976 -0.726523458958
vn 0.084201671183 0.727355957031 0.681075155735
vn 0.129663288593 0.718993663788 0.682814359665
vn 0.196841612458 0.709280192852 0.676886260509
vn 0.279776155949 0.698603868484 0.658542335033
vn 0.361709684134 0.689506649971 0.627492368221
vn 0.426660418510 0.681386351585 0.594704568386
vn 0.484338968992 0.669562935829 0.563117384911
vn 0.608879864216 0.634233713150 0.476458758116
vn 0.657351374626 0.617528378963 0.431911915541
vn 0.669683277607 0.612993478775 0.419241338968
vn 0.767552077770 0.472007840872 -0.433673143387
vn 0.767830014229 0.471124917269 -0.434140980244
vn -0.329385697842 0.752531647682 -0.570264160633
vn -0.337241232395 0.755865335464 -0.561191499233
vn -0.303304731846 0.742970168591 -0.596658647060
vn -0.270351439714 0.731316208839 -0.626168310642
vn -0.243295431137 0.723049640656 -0.646534323692
vn -0.203530535102 0.717876911163 -0.665753722191
vn -0.132534071803 0.710318088531 -0.691290795803
vn -0.067302711308 0.700587451458 -0.710385560989
vn -0.048896756023 0.693556129932 -0.718741297722
vn -0.050112631172 0.688233315945 -0.723756551743
vn 0.094050094485 0.724796235561 0.682513713837
vn 0.130646571517 0.718168377876 0.683495223522
vn 0.195907831192 0.708617389202 0.677850663662
vn 0.345574021339 0.692167401314 0.633626759052
vn 0.454415202141 0.673857688904 0.582599878311
vn 0.482476115227 0.669044375420 0.565328598022
vn 0.539210498333 0.654860913754 0.529536724091
vn -0.298629552126 0.739881575108 -0.602823019028
vn -0.278408348560 0.734357893467 -0.619037449360
vn -0.248505800962 0.725174486637 -0.642157971859
vn -0.231111258268 0.720226287842 -0.654111444950
vn -0.238505646586 0.724262654781 -0.646961152554
vn -0.006471104454 0.999759852886 0.020935591310
vn 0.338524699211 0.716906607151 0.609463691711
vn 0.435629308224 0.679537832737 0.590301096439
vn 0.504461467266 0.664240241051 0.551637172699
vn 0.580019891262 0.643762290478 0.499146342278
vn 0.647903859615 0.621491074562 0.440419584513
vn 0.673937678337 0.611550450325 0.414504587650
vn 0.766723930836 0.473962962627 -0.433005213737
vn 0.767007291317 0.472960591316 -0.433598965406
vn -0.301878720522 0.740623652935 -0.600288093090
vn -0.138160586357 -0.989736676216 0.036509878933
vn -0.152027323842 0.946886718273 -0.283360540867
vn 0.160982891917 0.940242707729 0.300046980381
vn 0.468356311321 0.881396770477 -0.061498936266
vn 0.431836932898 0.739334702492 -0.516624748707
vn 0.072819888592 0.597274661064 -0.798724114895
vn -0.398390203714 0.538429379463 -0.742549061775
vn -0.705765545368 0.597273707390 -0.380997538567
vn -0.669245898724 0.739334106445 0.074127927423
vn -0.310227870941 0.881397366524 0.356226623058
vn 0.243147030473 0.857611715794 0.453190475702
vn 0.618408441544 0.785768389702 0.011790012009
vn 0.573823094368 0.612328767776 -0.543857097626
vn 0.135508373380 0.438895761967 -0.888261198997
vn -0.439773321152 0.367051780224 -0.819678246975
vn -0.815035164356 0.438890635967 -0.378276020288
vn -0.770451426506 0.612326323986 0.177372649312
vn -0.332137078047 0.785768151283 0.521778941154
vn 0.152027979493 -0.946886539459 0.283360868692
vn 0.152028158307 -0.946886599064 0.283360481262
vn 0.152028396726 -0.946886599064 0.283360391855
vn 0.152028366923 -0.946886539459 0.283360570669
vn 0.152027651668 -0.946886777878 0.283360153437
vn 0.152029171586 -0.946886777878 0.283359348774
vn 0.152027875185 -0.946886956692 0.283359497786
vn 0.152028083801 -0.946886837482 0.283359616995
vn 0.152028605342 -0.946886718273 0.283359766006
vn 0.152028635144 -0.946886837482 0.283359467983
vn 0.152028545737 -0.946886301041 0.283361285925
vn 0.152029186487 -0.946886241436 0.283361107111
vn 0.152027294040 -0.946886777878 0.283360362053
vn 0.152027994394 -0.946886718273 0.283360123634
vn 0.152028277516 -0.946886837482 0.283359587193
vn 0.152028515935 -0.946887016296 0.283358901739
vn -0.017029270530 0.984849572182 0.172572642565
vn 0.047132778913 0.877318918705 -0.477587699890
vn -0.410216838121 0.845585107803 -0.341625630856
vn -0.635053098202 0.768974363804 0.073389194906
vn -0.495674937963 0.692366361618 0.524342596531
vn -0.073726788163 0.660635709763 0.747077524662
vn 0.383618712425 0.692365407944 0.611119329929
vn 0.608457028866 0.768975794315 0.196102648973
vn 0.469081044197 0.845585465431 -0.254849314690
vn 0.062762916088 0.769151270390 -0.635977327824
vn -0.495598852634 0.730405390263 -0.469989061356
vn -0.770093917847 0.636874794960 0.036687005311
vn -0.599934756756 0.543345630169 0.587242484093
vn -0.084788404405 0.504611551762 0.859172940254
vn 0.473570436239 0.543347001076 0.693184733391
vn 0.748064517975 0.636878550053 0.186508044600
vn 0.577905178070 0.730408847332 -0.364044606686
vn 0.017032068223 -0.984849035740 -0.172575458884
vn 0.017031146213 -0.984849452972 -0.172573298216
vn 0.017030544579 -0.984849154949 -0.172574833035
vn 0.017031824216 -0.984848797321 -0.172576978803
vn 0.017031686381 -0.984849572182 -0.172572389245
vn 0.017029188573 -0.984849452972 -0.172573342919
vn 0.017033142969 -0.984849631786 -0.172572165728
vn 0.017032807693 -0.984849452972 -0.172573149204
vn 0.017029959708 -0.984849572182 -0.172572568059
vn 0.017030939460 -0.984849333763 -0.172573834658
vn 0.017029276118 -0.984849810600 -0.172571420670
vn 0.017030362040 -0.984849750996 -0.172571554780
vn 0.017030976713 -0.984849393368 -0.172573730350
vn 0.017031420022 -0.984849452972 -0.172573283315
vn 0.017030909657 -0.984849274158 -0.172574445605
vn 0.017030252144 -0.984849274158 -0.172574490309
vn 0.172572717071 0.984849512577 -0.017032504082
vn -0.477588325739 0.877318680286 0.047131605446
vn -0.254847675562 0.845586717129 0.469079732895
vn 0.196104526520 0.768976926804 0.608455061913
vn 0.611118793488 0.692366063595 0.383618354797
vn 0.747080802917 0.660632312298 -0.073723994195
vn 0.524343371391 0.692365109921 -0.495675891638
vn 0.073387607932 0.768972635269 -0.635055363178
vn -0.341627985239 0.845585286617 -0.410214304924
vn -0.635981261730 0.769148111343 0.062761470675
vn -0.364046126604 0.730409562588 0.577903330326
vn 0.186511397362 0.636879384518 0.748062968254
vn 0.693185985088 0.543347597122 0.473567962646
vn 0.859177589417 0.504603564739 -0.084788963199
vn 0.587244868279 0.543347656727 -0.599930703640
vn 0.036686468869 0.636871993542 -0.770096182823
vn -0.469988405704 0.730406761169 -0.495597481728
vn -0.172573357821 -0.984849452972 0.017030972987
vn -0.172571823001 -0.984849691391 0.017031777650
vn -0.172571614385 -0.984849750996 0.017030432820
vn -0.172573700547 -0.984849393368 0.017030350864
vn -0.172575086355 -0.984849214554 0.017027933151
vn -0.172574415803 -0.984849214554 0.017032025382
vn -0.172573879361 -0.984849393368 0.017029399052
vn -0.172575265169 -0.984849154949 0.017028553411
vn -0.172572091222 -0.984849631786 0.017033305019
vn -0.172573149204 -0.984849452972 0.017031492665
vn -0.172572642565 -0.984849572182 0.017030464485
vn -0.172571688890 -0.984849750996 0.017029589042
vn -0.172575637698 -0.984849035740 0.017030710354
vn -0.172574669123 -0.984849214554 0.017031487077
vn -0.172574624419 -0.984849274158 0.017028978094
vn -0.172573983669 -0.984849333763 0.017030153424
vn -0.181590393186 0.983017563820 0.026483481750
vn 0.465943664312 0.882200777531 -0.067958049476
vn 0.224187880754 0.848617076874 -0.479154258966
vn -0.231955111027 0.767545402050 -0.597554087639
vn -0.635276079178 0.686474919319 -0.353802859783
vn -0.749518871307 0.652894258499 0.109318591654
vn -0.507758498192 0.686475992203 0.520511269569
vn -0.051620569080 0.767545938492 0.638912022114
vn 0.351701349020 0.848618865013 0.395160973072
vn 0.624526798725 0.775673627853 -0.091086231172
vn 0.329377651215 0.734670698643 -0.593101501465
vn -0.227513790131 0.635694086552 -0.737652003765
vn -0.719915986061 0.536717295647 -0.440063059330
vn -0.859391033649 0.495718896389 0.125338971615
vn -0.564232707024 0.536719083786 0.627354800701
vn -0.007347519975 0.635694980621 0.771905362606
vn 0.485052406788 0.734673023224 0.474320292473
vn 0.181591972709 -0.983017265797 -0.026483414695
vn 0.181589484215 -0.983017623425 -0.026486556977
vn 0.181590646505 -0.983017444611 -0.026486679912
vn 0.181592613459 -0.983017146587 -0.026484144852
vn 0.181589916348 -0.983017563820 -0.026485182345
vn 0.181590333581 -0.983017504215 -0.026486013085
vn 0.181590452790 -0.983017504215 -0.026484677568
vn 0.181591421366 -0.983017325401 -0.026484310627
vn 0.181589856744 -0.983017623425 -0.026484927163
vn 0.181591093540 -0.983017385006 -0.026484232396
vn 0.181589052081 -0.983017802238 -0.026483213529
vn 0.181589096785 -0.983017802238 -0.026482639834
vn 0.181590765715 -0.983017444611 -0.026484876871
vn 0.181590482593 -0.983017563820 -0.026482969522
vn 0.181591451168 -0.983017385006 -0.026483029127
vn 0.181590616703 -0.983017504215 -0.026484299451
vn 0.026485551149 0.983017325401 -0.181591391563
vn -0.067956708372 0.882201611996 0.465942203999
vn 0.395161598921 0.848618566990 0.351701378822
vn 0.638912856579 0.767545223236 -0.051619786769
vn 0.520512640476 0.686475098133 -0.507758319378
vn 0.109318338335 0.652892708778 -0.749520242214
vn -0.353802502155 0.686474621296 -0.635276615620
vn -0.597554326057 0.767544746399 -0.231956541538
vn -0.479154825211 0.848618149757 0.224182903767
vn -0.091085925698 0.775675356388 0.624524712563
vn 0.474318563938 0.734673857689 0.485052794218
vn 0.771907091141 0.635692894459 -0.007347214501
vn 0.627352893353 0.536719262600 -0.564234673977
vn 0.125342771411 0.495718836784 -0.859390497208
vn -0.440064400434 0.536716759205 -0.719915568829
vn -0.737653195858 0.635692894459 -0.227513238788
vn -0.593102753162 0.734672009945 0.329372286797
vn -0.026484675705 -0.983017444611 0.181590974331
vn -0.026484346017 -0.983017086983 0.181592985988
vn -0.026482952759 -0.983016848564 0.181594327092
vn -0.026483971626 -0.983017444611 0.181591093540
vn -0.026484455913 -0.983017385006 0.181591242552
vn -0.026484461501 -0.983017325401 0.181591674685
vn -0.026485821232 -0.983017325401 0.181591540575
vn -0.026482827961 -0.983017504215 0.181590795517
vn -0.026488190517 -0.983016729355 0.181594237685
vn -0.026486599818 -0.983016490936 0.181595936418
vn -0.026483818889 -0.983017265797 0.181591942906
vn -0.026483234018 -0.983016788960 0.181594580412
vn -0.026484122500 -0.983017563820 0.181590229273
vn -0.026483429596 -0.983017444611 0.181591138244
vn -0.026485353708 -0.983017563820 0.181590154767
vn -0.026484861970 -0.983017563820 0.181590363383
vn -0.000773656589 0.947037696838 -0.321121424437
vn 0.000822526694 0.940082371235 0.340946435928
vn 0.442186772823 0.881318449974 0.166579395533
vn 0.624167084694 0.739452242851 -0.252241522074
vn 0.440164744854 0.597590088844 -0.670179903507
vn -0.002031092998 0.538827478886 -0.842413723469
vn -0.443394988775 0.597589135170 -0.668048024178
vn -0.625377953053 0.739452362061 -0.249223947525
vn -0.441377311945 0.881318330765 0.168713226914
vn 0.001241998398 0.857369124889 0.514700472355
vn 0.540086448193 0.785627603531 0.301820904016
vn 0.762261211872 0.612426698208 -0.209502771497
vn 0.537617146969 0.439234107733 -0.719750821590
vn -0.002244687872 0.367494136095 -0.930023133755
vn -0.541087508202 0.439231038094 -0.717147409916
vn -0.763264775276 0.612425327301 -0.205820739269
vn -0.538623094559 0.785626173019 0.304428428411
vn 0.000775328605 -0.947037875652 0.321121037006
vn 0.000775224937 -0.947037577629 0.321121841669
vn 0.000776010915 -0.947037339211 0.321122527122
vn 0.000775114459 -0.947037756443 0.321121305227
vn 0.000776151428 -0.947038352489 0.321119636297
vn 0.000773293199 -0.947038054466 0.321120500565
vn 0.000776038971 -0.947037756443 0.321121245623
vn 0.000775195484 -0.947037696838 0.321121484041
vn 0.000774236163 -0.947037637234 0.321121662855
vn 0.000774721091 -0.947037577629 0.321121841669
vn 0.000774293847 -0.947037637234 0.321121633053
vn 0.000774813758 -0.947037398815 0.321122348309
vn 0.000772600062 -0.947038054466 0.321120411158
vn 0.000774371380 -0.947037816048 0.321121126413
vn 0.000773309206 -0.947037994862 0.321120709181
vn 0.000772466301 -0.947037637234 0.321121662855
vn -0.281412452459 0.946863710880 -0.155744105577
vn 0.297865182161 0.940266668797 0.164848327637
vn 0.360188573599 0.881407678127 -0.305589079857
vn 0.082802325487 0.739314317703 -0.668250024319
vn -0.371799051762 0.597224414349 -0.710695803165
vn -0.737323343754 0.538369238377 -0.408059746027
vn -0.799646496773 0.597222387791 0.062377054244
vn -0.522256433964 0.739317417145 0.425038725138
vn -0.067657880485 0.881407797337 0.467485457659
vn 0.449929147959 0.857647836208 0.249005869031
vn 0.526018083096 0.785788536072 -0.325332641602
vn 0.187367707491 0.612311005592 -0.768094182014
vn -0.367642730474 0.438838303089 -0.819914460182
vn -0.813896715641 0.366987407207 -0.450435787439
vn -0.889984846115 0.438833951950 0.123901993036
vn -0.551330029964 0.612314045429 0.566662788391
vn 0.003678774694 0.785789847374 0.618482649326
vn 0.281412273645 -0.946863770485 0.155744001269
vn 0.281410157681 -0.946864604950 0.155742898583
vn 0.281409472227 -0.946864604950 0.155744135380
vn 0.281412988901 -0.946863412857 0.155744701624
vn 0.281411856413 -0.946863830090 0.155744507909
vn 0.281411260366 -0.946864008904 0.155744552612
vn 0.281412154436 -0.946863770485 0.155744135380
vn 0.281412154436 -0.946863651276 0.155745118856
vn 0.281412333250 -0.946863949299 0.155742764473
vn 0.281412124634 -0.946864008904 0.155742883682
vn 0.281413167715 -0.946863532066 0.155743807554
vn 0.281413912773 -0.946863412857 0.155743211508
vn 0.281411528587 -0.946864128113 0.155743077397
vn 0.281411975622 -0.946863949299 0.155743345618
vn 0.281412214041 -0.946863949299 0.155742973089
vn -0.321119487286 0.947038352489 0.000774087326
vn 0.340946793556 0.940082252026 -0.000821176218
vn 0.166577115655 0.881318569183 -0.442187309265
vn -0.252239495516 0.739451348782 -0.624169051647
vn -0.670177042484 0.597590625286 -0.440168291330
vn -0.842413187027 0.538828313351 0.002030698815
vn -0.668041825294 0.597593307495 0.443398654461
vn -0.249226421118 0.739451587200 0.625377893448
vn 0.168710857630 0.881317853928 0.441379129887
vn 0.514699161053 0.857369959354 -0.001241156249
vn 0.301819980145 0.785627961159 -0.540086448193
vn -0.209500566125 0.612425327301 -0.762262880802
vn -0.719749629498 0.439233541489 -0.537619233131
vn -0.930024266243 0.367491304874 0.002244292060
vn -0.717142462730 0.439236283302 0.541089832783
vn -0.205819174647 0.612426936626 0.763263821602
vn 0.304425448179 0.785626471043 0.538624405861
vn 0.321120649576 -0.947037994862 -0.000770956336
vn 0.321119397879 -0.947038412094 -0.000774308108
vn 0.321119517088 -0.947038352489 -0.000774228945
vn 0.321119844913 -0.947038233280 -0.000772078114
vn 0.321118742228 -0.947038590908 -0.000774759508
vn 0.321118921041 -0.947038590908 -0.000774702698
vn 0.321119070053 -0.947038531303 -0.000775362772
vn 0.321119576693 -0.947038352489 -0.000774364162
vn 0.321118861437 -0.947038590908 -0.000774934015
vn 0.321118563414 -0.947038650513 -0.000774715852
vn 0.321119904518 -0.947038233280 -0.000774008164
vn 0.321118891239 -0.947038590908 -0.000774236454
vn 0.321121275425 -0.947037756443 -0.000779202499
vn 0.321120560169 -0.947037994862 -0.000775482913
vn 0.321121156216 -0.947037816048 -0.000774099026
vn 0.321119844913 -0.947038233280 -0.000776086003
vn -0.283359944820 0.946886777878 0.152027890086
vn 0.300051748753 0.940240979195 -0.160984009504
vn -0.061500806361 0.881396353245 -0.468356877565
vn -0.516625046730 0.739332318306 -0.431840568781
vn -0.798724949360 0.597273588181 -0.072819702327
vn -0.742548227310 0.538428068161 0.398393481970
vn -0.380996882915 0.597270190716 0.705768823624
vn 0.074127443135 0.739332556725 0.669247746468
vn 0.356225758791 0.881398141384 0.310226529837
vn 0.453194260597 0.857609808445 -0.243146806955
vn 0.011788687669 0.785767972469 -0.618409037590
vn -0.543857336044 0.612325072289 -0.573826849461
vn -0.888261914253 0.438893109560 -0.135512247682
vn -0.819678664207 0.367049664259 0.439774274826
vn -0.378275573254 0.438886433840 0.815037608147
vn 0.177373975515 0.612323999405 0.770452976227
vn 0.521776616573 0.785769760609 0.332137078047
vn 0.283358097076 -0.946887075901 -0.152029737830
vn 0.283362179995 -0.946885824203 -0.152029886842
vn 0.283360987902 -0.946885943413 -0.152031183243
vn 0.283357888460 -0.946887254715 -0.152028784156
vn 0.283359020948 -0.946886837482 -0.152029559016
vn 0.283359318972 -0.946886658669 -0.152030020952
vn 0.283358544111 -0.946887075901 -0.152028843760
vn 0.283357858658 -0.946887254715 -0.152028843760
vn 0.283358842134 -0.946887254715 -0.152027294040
vn 0.283357888460 -0.946887612343 -0.152026757598
vn 0.283360093832 -0.946886956692 -0.152026578784
vn 0.283359348774 -0.946887433529 -0.152025163174
vn 0.283363133669 -0.946886479855 -0.152024075389
vn 0.283360391855 -0.946886539459 -0.152028739452
vn 0.283360570669 -0.946886956692 -0.152025714517
vn 0.283362239599 -0.946886539459 -0.152025267482
vn -0.155742660165 0.946864068508 0.281411975622
vn 0.164846092463 0.940267086029 -0.297865003347
vn -0.305586457253 0.881408691406 -0.360188305378
vn -0.668249905109 0.739315092564 -0.082796595991
vn -0.710695564747 0.597223162651 0.371801465750
vn -0.408061802387 0.538368105888 0.737323045731
vn 0.062379352748 0.597220361233 0.799647808075
vn 0.425038248301 0.739318728447 0.522255003452
vn 0.467481464148 0.881410062313 0.067656129599
vn 0.249003484845 0.857648909092 -0.449928492308
vn -0.325331360102 0.785789966583 -0.526016831398
vn -0.768092870712 0.612311542034 -0.187371000648
vn -0.819915533066 0.438836783171 0.367642283440
vn -0.450438231230 0.366983830929 0.813896954060
vn 0.123903192580 0.438826918602 0.889988183975
vn 0.566662251949 0.612313151360 0.551331639290
vn 0.618481278419 0.785790979862 -0.003672869643
vn 0.155747547746 -0.946862816811 -0.281413495541
vn 0.155743673444 -0.946863472462 -0.281413525343
vn 0.155744314194 -0.946862399578 -0.281416773796
vn 0.155747368932 -0.946862339973 -0.281415134668
vn 0.155742406845 -0.946864843369 -0.281409561634
vn 0.155747443438 -0.946864187717 -0.281408995390
vn 0.155742749572 -0.946863830090 -0.281412750483
vn 0.155745655298 -0.946863532066 -0.281412124634
vn 0.155743718147 -0.946863889694 -0.281411945820
vn 0.155743598938 -0.946863830090 -0.281412273645
vn 0.155744493008 -0.946863412857 -0.281413108110
vn 0.155743360519 -0.946863412857 -0.281413882971
vn 0.155743241310 -0.946863472462 -0.281413614750
vn 0.155742332339 -0.946863293648 -0.281414747238
vn 0.155747428536 -0.946863353252 -0.281411707401
vn 0.155745700002 -0.946863234043 -0.281413137913
vn 0.000773108855 0.947038412094 0.321119368076
vn -0.000820155139 0.940081954002 -0.340947598219
vn -0.442186027765 0.881318628788 -0.166580170393
vn -0.624166369438 0.739452004433 0.252244025469
vn -0.440164119005 0.597586095333 0.670183837414
vn 0.002032733988 0.538828372955 0.842413067818
vn 0.443393111229 0.597586691380 0.668051421642
vn 0.625373601913 0.739455759525 0.249224871397
vn 0.441374003887 0.881319642067 -0.168714791536
vn -0.001244615298 0.857368707657 -0.514701247215
vn -0.540086090565 0.785626232624 -0.301825195551
vn -0.762264430523 0.612424731255 0.209496706724
vn -0.537624835968 0.439225196838 0.719750523567
vn 0.002245886950 0.367491722107 0.930024087429
vn 0.541087388992 0.439223080873 0.717152357101
vn 0.763264417648 0.612424910069 0.205823048949
vn 0.538621723652 0.785628259182 -0.304425477982
vn -0.000776531815 -0.947038590908 -0.321118801832
vn -0.000773489242 -0.947038114071 -0.321120172739
vn -0.000774004729 -0.947037935257 -0.321120798588
vn -0.000774237851 -0.947038352489 -0.321119487286
vn -0.000777243637 -0.947039365768 -0.321116507053
vn -0.000766871613 -0.947038710117 -0.321118474007
vn -0.000777122274 -0.947037220001 -0.321122765541
vn -0.000773298438 -0.947036623955 -0.321124553680
vn -0.000774957705 -0.947036981583 -0.321123600006
vn -0.000775500142 -0.947036266327 -0.321125626564
vn -0.000776287168 -0.947037577629 -0.321121782064
vn -0.000776694040 -0.947036504745 -0.321125000715
vn -0.000771489635 -0.947038471699 -0.321119159460
vn -0.000769929495 -0.947037518024 -0.321122050285
vn -0.000772878819 -0.947037518024 -0.321121990681
vn -0.000766996236 -0.947036325932 -0.321125566959
vn 0.152030572295 0.946885704994 0.283362358809
vn -0.160982996225 0.940241992474 -0.300049006939
vn -0.468357592821 0.881396114826 0.061498574913
vn -0.431839466095 0.739331841469 0.516626656055
vn -0.072815418243 0.597272992134 0.798725783825
vn 0.398390352726 0.538426518440 0.742551028728
vn 0.705764710903 0.597271203995 0.381003022194
vn 0.669245302677 0.739334762096 -0.074127368629
vn 0.310233384371 0.881394445896 -0.356228977442
vn -0.243148222566 0.857609510422 -0.453194111586
vn -0.618412017822 0.785765588284 -0.011790545657
vn -0.573828220367 0.612324953079 0.543855905533
vn -0.135507494211 0.438892573118 0.888262927532
vn 0.439772754908 0.367051452398 0.819678664207
vn 0.815034210682 0.438890665770 0.378277957439
vn 0.770443975925 0.612335443497 -0.177373498678
vn 0.332140266895 0.785765588284 -0.521780967712
vn -0.152032464743 -0.946885108948 -0.283363372087
vn -0.152028784156 -0.946886658669 -0.283360213041
vn -0.152026936412 -0.946886479855 -0.283361673355
vn -0.152033716440 -0.946884334087 -0.283365309238
vn -0.152027279139 -0.946886181831 -0.283362597227
vn -0.152028292418 -0.946886658669 -0.283360451460
vn -0.152032747865 -0.946886599064 -0.283358275890
vn -0.152031525970 -0.946886777878 -0.283358246088
vn -0.152029991150 -0.946886479855 -0.283360064030
vn -0.152029037476 -0.946886718273 -0.283359795809
vn -0.152025610209 -0.946887016296 -0.283360660076
vn -0.152023375034 -0.946887671947 -0.283359616995
vn -0.152028590441 -0.946887195110 -0.283358514309
vn -0.152026593685 -0.946887552738 -0.283358275890
vn -0.152034059167 -0.946886420250 -0.283358097076
vn -0.152033895254 -0.946886360645 -0.283358424902
vn 0.281410485506 0.946864724159 0.155741080642
vn -0.297865420580 0.940265417099 -0.164854839444
vn -0.360188245773 0.881407558918 0.305589765310
vn -0.082799553871 0.739314615726 0.668250024319
vn 0.371793329716 0.597226977348 0.710696518421
vn 0.737323582172 0.538369059563 0.408059746027
vn 0.799647092819 0.597221553326 -0.062377475202
vn 0.522256195545 0.739317059517 -0.425039738417
vn 0.067655198276 0.881409645081 -0.467482417822
vn -0.449930071831 0.857646405697 -0.249009102583
vn -0.526022195816 0.785785496235 0.325333416462
vn -0.187368199229 0.612311124802 0.768093883991
vn 0.367638349533 0.438841044903 0.819914996624
vn 0.813899397850 0.366983324289 0.450434237719
vn 0.889985501766 0.438830852509 -0.123908273876
vn 0.551334440708 0.612310230732 -0.566662609577
vn -0.003677322296 0.785790860653 -0.618481397629
vn -0.281412690878 -0.946862995625 -0.155747428536
vn -0.281416982412 -0.946862280369 -0.155744031072
vn -0.281421959400 -0.946860969067 -0.155743181705
vn -0.281412810087 -0.946863830090 -0.155742451549
vn -0.281409591436 -0.946864247322 -0.155745387077
vn -0.281410962343 -0.946863710880 -0.155746489763
vn -0.281409949064 -0.946864485741 -0.155743479729
vn -0.281408607960 -0.946865260601 -0.155741259456
vn -0.281411468983 -0.946864247322 -0.155742004514
vn -0.281411170959 -0.946864664555 -0.155740112066
vn -0.281415551901 -0.946862816811 -0.155743613839
vn -0.281417459249 -0.946862280369 -0.155743360519
vn -0.281412363052 -0.946862876415 -0.155748993158
vn -0.281411916018 -0.946863293648 -0.155747041106
vn -0.281410723925 -0.946864128113 -0.155744075775
vn -0.281408488750 -0.946866154671 -0.155735820532
vn 0.321119099855 0.947038531303 -0.000773688720
vn -0.340949177742 0.940081357956 0.000821108988
vn -0.166574984789 0.881319463253 0.442186355591
vn 0.252238005400 0.739450693130 0.624170362949
vn 0.670176982880 0.597587168217 0.440173119307
vn 0.842412948608 0.538828670979 -0.002032174263
vn 0.668039560318 0.597597658634 -0.443396180868
vn 0.249231457710 0.739447295666 -0.625380992889
vn -0.168712109327 0.881316125393 -0.441382050514
vn -0.514704167843 0.857366919518 0.001238365192
vn -0.301819980145 0.785627782345 0.540086746216
vn 0.209500551224 0.612424731255 0.762263357639
vn 0.719748735428 0.439223259687 0.537628710270
vn 0.930027067661 0.367484211922 -0.002238429151
vn 0.717142641544 0.439242690802 -0.541084349155
vn 0.205819979310 0.612423181534 -0.763266682625
vn -0.304431766272 0.785621643066 -0.538627803326
vn -0.321119576693 -0.947038352489 0.000775822264
vn -0.321121215820 -0.947037756443 0.000772994594
vn -0.321119695902 -0.947038292885 0.000771943538
vn -0.321118384600 -0.947038769722 0.000775302295
vn -0.321124106646 -0.947036802769 0.000770359708
vn -0.321122795343 -0.947037279606 0.000773422478
vn -0.321121335030 -0.947037756443 0.000772005471
vn -0.321120053530 -0.947038173676 0.000772889995
vn -0.321119725704 -0.947038292885 0.000774400833
vn -0.321118533611 -0.947038710117 0.000773489126
vn -0.321119487286 -0.947038352489 0.000774288259
vn -0.321117758751 -0.947038948536 0.000772735453
vn -0.321121960878 -0.947037518024 0.000775374356
vn -0.321120679379 -0.947037994862 0.000773907697
vn -0.321121126413 -0.947037816048 0.000776479370
vn -0.321120321751 -0.947038114071 0.000776039902
vn 0.283358514309 0.946886956692 -0.152029871941
vn -0.300045549870 0.940243422985 0.160981565714
vn 0.061501409858 0.881397187710 0.468355089426
vn 0.516625642776 0.739332854748 0.431839019060
vn 0.798727095127 0.597270786762 0.072818718851
vn 0.742542922497 0.538431942463 -0.398398101330
vn 0.381002873182 0.597268998623 -0.705766677856
vn -0.074124760926 0.739333271980 -0.669247210026
vn -0.356226474047 0.881396889687 -0.310229301453
vn -0.453188717365 0.857613444328 0.243144243956
vn -0.011790932156 0.785769343376 0.618407249451
vn 0.543858945370 0.612325072289 0.573825299740
vn 0.888266623020 0.438882172108 0.135517030954
vn 0.819675207138 0.367054134607 -0.439777046442
vn 0.378274083138 0.438888192177 -0.815037310123
vn -0.177372008562 0.612327814102 -0.770450413227
vn -0.521777451038 0.785767853260 -0.332140415907
vn -0.283360958099 -0.946886301041 0.152029260993
vn -0.283361107111 -0.946886062622 0.152030527592
vn -0.283361226320 -0.946886062622 0.152030438185
vn -0.283360540867 -0.946886479855 0.152029246092
vn -0.283360540867 -0.946886360645 0.152029812336
vn -0.283361941576 -0.946886241436 0.152028158307
vn -0.283359915018 -0.946886420250 0.152030631900
vn -0.283361524343 -0.946886301041 0.152028247714
vn -0.283357918262 -0.946887195110 0.152029663324
vn -0.283354878426 -0.946888267994 0.152028441429
vn -0.283364951611 -0.946884810925 0.152031347156
vn -0.283362239599 -0.946885287762 0.152033507824
vn -0.283360332251 -0.946886301041 0.152030736208
vn -0.283360242844 -0.946885824203 0.152033597231
vn -0.283361107111 -0.946886479855 0.152028173208
vn -0.283361017704 -0.946886360645 0.152029111981
vn 0.155744537711 0.946863532066 -0.281412541866
vn -0.164849162102 0.940266549587 0.297865062952
vn 0.305590361357 0.881408274174 0.360186129808
vn 0.668249249458 0.739314794540 0.082804471254
vn 0.710694909096 0.597226560116 -0.371797233820
vn 0.408062011003 0.538371503353 -0.737320482731
vn -0.062378548086 0.597227871418 -0.799642324448
vn -0.425036132336 0.739317476749 -0.522258579731
vn -0.467482894659 0.881409168243 -0.067658208311
vn -0.249008744955 0.857646942139 0.449929267168
vn 0.325332611799 0.785790085793 0.526015698910
vn 0.768094480038 0.612311005592 0.187366396189
vn 0.819911420345 0.438842117786 -0.367644935846
vn 0.450436860323 0.366990208626 -0.813894867897
vn -0.123898304999 0.438843369484 -0.889980733395
vn -0.566659450531 0.612314879894 -0.551332473755
vn -0.618482172489 0.785790264606 0.003674990498
vn -0.155743137002 -0.946863770485 0.281412482262
vn -0.155743613839 -0.946863532066 0.281413137913
vn -0.155743390322 -0.946863830090 0.281412214041
vn -0.155742481351 -0.946864008904 0.281412065029
vn -0.155743315816 -0.946863353252 0.281413823366
vn -0.155742034316 -0.946863710880 0.281413376331
vn -0.155741542578 -0.946863949299 0.281412899494
vn -0.155739918351 -0.946864366531 0.281412243843
vn -0.155743882060 -0.946863770485 0.281412154436
vn -0.155742168427 -0.946864366531 0.281411141157
vn -0.155745059252 -0.946863174438 0.281413406134
vn -0.155744016171 -0.946863412857 0.281413346529
vn -0.155742749572 -0.946863889694 0.281412273645
vn -0.155742585659 -0.946863889694 0.281412452459
vn -0.155741944909 -0.946864008904 0.281412392855
vn -0.155741542578 -0.946864187717 0.281412124634
vn 0.178948357701 -0.983855545521 0.002402621321
vn 0.754354000092 -0.656389772892 0.010126446374
vn 0.568402349949 -0.689137995243 0.449452608824
vn 0.131336927414 -0.768199741840 0.626593768597
vn -0.300814270973 -0.847263216972 0.437785089016
vn -0.474907606840 -0.880012571812 -0.006373587530
vn -0.288954108953 -0.847263753414 -0.445701330900
vn 0.148107975721 -0.768200039864 -0.622842490673
vn 0.580261468887 -0.689138472080 -0.434033215046
vn 0.866102337837 -0.499731540680 0.011626277119
vn 0.639081597328 -0.539711892605 0.547983407974
vn 0.105483412743 -0.636235058308 0.764250099659
vn -0.422117143869 -0.732761859894 0.533738851547
vn -0.634660661221 -0.772743999958 -0.008518180810
vn -0.407638400793 -0.732761919498 -0.544876933098
vn 0.125959053636 -0.636235475540 -0.761143028736
vn 0.653559625149 -0.539712429047 -0.530631899834
vn -0.178947582841 0.983855664730 -0.002401372418
vn -0.178947597742 0.983855664730 -0.002402417595
vn -0.178947359324 0.983855724335 -0.002402273007
vn -0.178946942091 0.983855783939 -0.002402140526
vn -0.178948089480 0.983855605125 -0.002402454149
vn -0.178947895765 0.983855605125 -0.002402799902
vn -0.178947895765 0.983855605125 -0.002402323065
vn -0.178947836161 0.983855605125 -0.002402613871
vn -0.178948476911 0.983855545521 -0.002401872538
vn -0.178948163986 0.983855545521 -0.002402509330
vn -0.178949415684 0.983855366707 -0.002402365208
vn -0.178950160742 0.983855187893 -0.002403622959
vn -0.178946539760 0.983855843544 -0.002404580358
vn -0.178947120905 0.983855783939 -0.002401767066
vn -0.178947269917 0.983855724335 -0.002403817838
vn -0.178946539760 0.983855843544 -0.002403985010
vn 0.152681663632 -0.946891427040 0.282992750406
vn 0.400121569633 -0.538442611694 0.741607964039
vn -0.070958606899 -0.597283601761 0.798884987831
vn -0.430635124445 -0.739341139793 0.517617702484
vn -0.468218475580 -0.881393909454 0.062579549849
vn -0.161690220237 -0.940236926079 -0.299684524536
vn 0.309388577938 -0.881394505501 -0.356962770224
vn 0.669065713882 -0.739337980747 -0.075699485838
vn 0.706647634506 -0.597284376621 0.379342228174
vn 0.441681921482 -0.367068916559 0.818643689156
vn -0.133438125253 -0.438901871443 0.888571560383
vn -0.572553157806 -0.612335741520 0.545186042786
vn -0.618440747261 -0.785763144493 -0.010359261185
vn -0.244209781289 -0.857603132725 -0.452634960413
vn 0.330911844969 -0.785764098167 -0.522562980652
vn 0.770029485226 -0.612331271172 -0.179178833961
vn 0.815911233425 -0.438904136419 0.376366913319
vn -0.152682095766 0.946891963482 -0.282990783453
vn -0.152683898807 0.946890950203 -0.282993167639
vn -0.152682676911 0.946890830994 -0.282994210720
vn -0.152680411935 0.946892499924 -0.282989889383
vn -0.152680858970 0.946892261505 -0.282990425825
vn -0.152683898807 0.946891903877 -0.282989829779
vn -0.152680814266 0.946891903877 -0.282991647720
vn -0.152681291103 0.946892023087 -0.282990902662
vn -0.152683421969 0.946891784668 -0.282990604639
vn -0.152682349086 0.946892082691 -0.282990217209
vn -0.152683198452 0.946891605854 -0.282991349697
vn -0.152682721615 0.946891725063 -0.282991111279
vn -0.152681455016 0.946892023087 -0.282990932465
vn -0.152681395411 0.946892023087 -0.282990813255
vn -0.152680680156 0.946892142296 -0.282990843058
vn -0.152680590749 0.946892261505 -0.282990485430
vn 0.280677467585 -0.946858286858 0.157096892595
vn 0.735369801521 -0.538355529308 0.411587834358
vn 0.368401736021 -0.597216069698 0.712469816208
vn -0.085987679660 -0.739312350750 0.667849838734
vn -0.361632138491 -0.881411075592 0.303869605064
vn -0.297059297562 -0.940272510052 -0.166263222694
vn 0.069908052683 -0.881412267685 -0.467145830393
vn 0.524297535419 -0.739311873913 -0.422528177500
vn 0.799942135811 -0.597214341164 -0.058545466512
vn 0.811738908291 -0.366967469454 0.454328924417
vn 0.363723218441 -0.438829004765 0.821665704250
vn -0.191029474139 -0.612311124802 0.767191588879
vn -0.527555108070 -0.785795092583 0.322818249464
vn -0.448720067739 -0.857656538486 -0.251148611307
vn -0.000705537095 -0.785796463490 -0.618484735489
vn 0.554044842720 -0.612309396267 -0.564013779163
vn 0.890571057796 -0.438827484846 -0.119639456272
vn -0.280678361654 0.946858286858 -0.157095625997
vn -0.280678838491 0.946858108044 -0.157095640898
vn -0.280677974224 0.946858525276 -0.157094895840
vn -0.280677586794 0.946858584881 -0.157095089555
vn -0.280678689480 0.946857988834 -0.157096758485
vn -0.280678004026 0.946858048439 -0.157097429037
vn -0.280678391457 0.946858108044 -0.157096311450
vn -0.280678987503 0.946857988834 -0.157096117735
vn -0.280677527189 0.946858406067 -0.157096222043
vn -0.280677616596 0.946858525276 -0.157095402479
vn -0.280678808689 0.946858227253 -0.157094925642
vn -0.280678272247 0.946858644485 -0.157093644142
vn -0.280679702759 0.946857810020 -0.157095819712
vn -0.280679345131 0.946858048439 -0.157094985247
vn -0.280678659678 0.946858048439 -0.157096490264
vn -0.280678272247 0.946858227253 -0.157095998526
vn 0.314318507910 -0.949317276478 0.000765938603
vn 0.838526487350 -0.544856965542 0.002043049084
vn 0.663736402988 -0.602370679379 0.443399965763
vn 0.243897855282 -0.741232991219 0.625369906425
vn -0.175042495131 -0.880092978477 0.441357553005
vn -0.347685515881 -0.937610805035 -0.000844565802
vn -0.172891199589 -0.880093157291 -0.442204266787
vn 0.246940448880 -0.741232991219 -0.624174714088
vn 0.665885031223 -0.602373898029 -0.440162271261
vn 0.927362740040 -0.374156683683 0.002260024194
vn 0.713966488838 -0.444370687008 0.541097581387
vn 0.201403856277 -0.613901317120 0.763257324696
vn -0.310068637133 -0.783433079720 0.538600087166
vn -0.520840764046 -0.853652894497 -0.001266858773
vn -0.307442307472 -0.783432006836 -0.540105104446
vn 0.205119743943 -0.613901197910 -0.762267172337
vn 0.716592013836 -0.444374322891 -0.537612676620
vn -0.314317554235 0.949317574501 -0.000764484459
vn -0.314317971468 0.949317455292 -0.000766228302
vn -0.314318925142 0.949317157269 -0.000766850659
vn -0.314316898584 0.949317812920 -0.000765521603
vn -0.314315855503 0.949318170547 -0.000766594487
vn -0.314316362143 0.949317991734 -0.000763791264
vn -0.314317017794 0.949317753315 -0.000767584133
vn -0.314316660166 0.949317872524 -0.000767016201
vn -0.314317554235 0.949317574501 -0.000764898490
vn -0.314317464828 0.949317634106 -0.000765495060
vn -0.314316987991 0.949317753315 -0.000765150588
vn -0.314317196608 0.949317693710 -0.000765225210
vn -0.314316779375 0.949317812920 -0.000767807127
vn -0.314316660166 0.949317872524 -0.000764569675
vn -0.314317435026 0.949317634106 -0.000766243844
vn -0.314316719770 0.949317872524 -0.000766636571
vn -0.002400479047 -0.983855426311 0.178948894143
vn -0.010124514811 -0.656391263008 0.754352688789
vn -0.449451297522 -0.689138829708 0.568402349949
vn -0.626592278481 -0.768200874329 0.131337478757
vn -0.437783062458 -0.847264170647 -0.300814628601
vn 0.006376293954 -0.880013287067 -0.474906355143
vn 0.445702195168 -0.847264170647 -0.288951545954
vn 0.622842669487 -0.768199503422 0.148109942675
vn 0.434036076069 -0.689138591290 0.580259144306
vn -0.011624253355 -0.499734789133 0.866100490093
vn -0.547982990742 -0.539713978767 0.639080226421
vn -0.764249444008 -0.636235773563 0.105483897030
vn -0.533738791943 -0.732762455940 -0.422116249800
vn 0.008517030627 -0.772743403912 -0.634661436081
vn 0.544877290726 -0.732762992382 -0.407636165619
vn 0.761142969131 -0.636235535145 0.125959202647
vn 0.530632674694 -0.539713263512 0.653558433056
vn 0.002401850419 0.983855605125 -0.178947955370
vn 0.002402893733 0.983855724335 -0.178947240114
vn 0.002402460668 0.983855724335 -0.178947389126
vn 0.002402038546 0.983855605125 -0.178947865963
vn 0.002401112812 0.983855664730 -0.178947642446
vn 0.002402059035 0.983855545521 -0.178948268294
vn 0.002401673701 0.983855545521 -0.178948238492
vn 0.002399623394 0.983855247498 -0.178949981928
vn 0.002403847640 0.983855724335 -0.178947106004
vn 0.002402796177 0.983855664730 -0.178947433829
vn 0.002401386620 0.983855485916 -0.178948745131
vn 0.002401902806 0.983855426311 -0.178948938847
vn 0.002401722595 0.983855724335 -0.178947195411
vn 0.002399546094 0.983855664730 -0.178947627544
vn 0.002402330516 0.983855605125 -0.178947970271
vn 0.002401875798 0.983855664730 -0.178947627544
vn -0.282991170883 -0.946891725063 0.152683064342
vn -0.741605937481 -0.538441300392 0.400126993656
vn -0.798881888390 -0.597287654877 -0.070958942175
vn -0.517613589764 -0.739345431328 -0.430632650852
vn -0.062580429018 -0.881393551826 -0.468219012022
vn 0.299681276083 -0.940238475800 -0.161687269807
vn 0.356965780258 -0.881393611431 0.309387654066
vn 0.075698815286 -0.739336609840 0.669067323208
vn -0.379338711500 -0.597281396389 0.706652045250
vn -0.818642795086 -0.367064177990 0.441687524319
vn -0.888571083546 -0.438903599977 -0.133435592055
vn -0.545183360577 -0.612342655659 -0.572548270226
vn 0.010361536406 -0.785764098167 -0.618439495564
vn 0.452630519867 -0.857607245445 -0.244203761220
vn 0.522563159466 -0.785763978958 0.330911964178
vn 0.179180547595 -0.612328171730 0.770031571388
vn -0.376366674900 -0.438901603222 0.815912723541
vn 0.282989323139 0.946892321110 -0.152682602406
vn 0.282988607883 0.946892023087 -0.152685821056
vn 0.282987505198 0.946892321110 -0.152686282992
vn 0.282988041639 0.946892678738 -0.152682751417
vn 0.282988339663 0.946891963482 -0.152686983347
vn 0.282986372709 0.946892499924 -0.152687177062
vn 0.282990485430 0.946892142296 -0.152681708336
vn 0.282988965511 0.946893095970 -0.152678579092
vn 0.282992273569 0.946891188622 -0.152684435248
vn 0.282993018627 0.946891188622 -0.152683094144
vn 0.282991558313 0.946891844273 -0.152681380510
vn 0.282991826534 0.946891605854 -0.152682676911
vn 0.282992541790 0.946891188622 -0.152683779597
vn 0.282991617918 0.946891367435 -0.152684360743
vn 0.282991766930 0.946891546249 -0.152683019638
vn 0.282990872860 0.946891844273 -0.152682989836
vn -0.157095149159 -0.946858286858 0.280678808689
vn -0.411585718393 -0.538357794285 0.735369384289
vn -0.712471067905 -0.597215712070 0.368399709463
vn -0.667849600315 -0.739312708378 -0.085985824466
vn -0.303869128227 -0.881411671638 -0.361631065607
vn 0.166263327003 -0.940271496773 -0.297062337399
vn 0.467148333788 -0.881410956383 0.069908142090
vn 0.422527015209 -0.739312291145 0.524297893047
vn 0.058545190841 -0.597217738628 0.799939632416
vn -0.454327464104 -0.366972297430 0.811737596989
vn -0.821666896343 -0.438826799393 0.363723129034
vn -0.767192244530 -0.612310588360 -0.191028252244
vn -0.322819888592 -0.785795807838 -0.527553021908
vn 0.251150876284 -0.857653796673 -0.448724001646
vn 0.618488788605 -0.785793304443 -0.000707708823
vn 0.564010262489 -0.612311244011 0.554046392441
vn 0.119638375938 -0.438835352659 0.890567362309
vn 0.157097309828 0.946858525276 -0.280676692724
vn 0.157096371055 0.946858227253 -0.280678331852
vn 0.157097771764 0.946857750416 -0.280678987503
vn 0.157096803188 0.946858048439 -0.280678689480
vn 0.157091721892 0.946858346462 -0.280680447817
vn 0.157096073031 0.946857869625 -0.280679643154
vn 0.157091736794 0.946858167648 -0.280681103468
vn 0.157092720270 0.946857571602 -0.280682563782
vn 0.157097175717 0.946857988834 -0.280678629875
vn 0.157097458839 0.946856856346 -0.280682265759
vn 0.157096460462 0.946859061718 -0.280675321817
vn 0.157096296549 0.946858525276 -0.280677229166
vn 0.157093629241 0.946858108044 -0.280680239201
vn 0.157096579671 0.946857929230 -0.280679136515
vn 0.157093137503 0.946858108044 -0.280680447817
vn 0.157093152404 0.946857511997 -0.280682444572
vn -0.000764965836 -0.949318349361 0.314315229654
vn -0.002039768500 -0.544857263565 0.838526368141
vn -0.443399965763 -0.602375805378 0.663731753826
vn -0.625366628170 -0.741236150265 0.243896678090
vn -0.441359758377 -0.880092024803 -0.175041913986
vn 0.000846273499 -0.937611401081 -0.347684085369
vn 0.442206799984 -0.880092084408 -0.172890305519
vn 0.624172866344 -0.741234123707 0.246941700578
vn 0.440160989761 -0.602377712727 0.665882408619
vn -0.002259248868 -0.374154210091 0.927363753319
vn -0.541095852852 -0.444370478392 0.713967859745
vn -0.763253986835 -0.613905191422 0.201404407620
vn -0.538601636887 -0.783431828022 -0.310069113970
vn 0.001268696622 -0.853653192520 -0.520840227604
vn 0.540107190609 -0.783430278301 -0.307442992926
vn 0.762266099453 -0.613902091980 0.205121040344
vn 0.537605464458 -0.444380402565 0.716593623161
vn 0.000766820041 0.949317395687 -0.314318060875
vn 0.000765020901 0.949317038059 -0.314319193363
vn 0.000766681100 0.949316620827 -0.314320445061
vn 0.000767022779 0.949317216873 -0.314318686724
vn 0.000767513236 0.949318230152 -0.314315676689
vn 0.000764063327 0.949318051338 -0.314316242933
vn 0.000766859273 0.949317872524 -0.314316630363
vn 0.000767853286 0.949318289757 -0.314315348864
vn 0.000764104247 0.949317455292 -0.314317882061
vn 0.000765510544 0.949317574501 -0.314317643642
vn 0.000766939018 0.949317932129 -0.314316570759
vn 0.000766669982 0.949317574501 -0.314317524433
vn 0.000764688593 0.949318170547 -0.314315825701
vn 0.000765039003 0.949317991734 -0.314316421747
vn 0.000767140242 0.949317753315 -0.314316987991
vn 0.000765620498 0.949317395687 -0.314318090677
vn -0.178946912289 -0.983855783939 -0.002402355894
vn -0.754352450371 -0.656391561031 -0.010124010965
vn -0.568396091461 -0.689142286777 -0.449453830719
vn -0.131337091327 -0.768200635910 -0.626592636108
vn 0.300814360380 -0.847262859344 -0.437785774469
vn 0.474907994270 -0.880012392998 0.006373727228
vn 0.288954734802 -0.847262382507 0.445703506470
vn -0.148112788796 -0.768199384212 0.622842073441
vn -0.580259680748 -0.689138710499 0.434035152197
vn -0.866101861000 -0.499732345343 -0.011622816324
vn -0.639078259468 -0.539717435837 -0.547981798649
vn -0.105484798551 -0.636237084866 -0.764248251915
vn 0.422116219997 -0.732762277126 -0.533739030361
vn 0.634661793709 -0.772743046284 0.008519231342
vn 0.407639801502 -0.732759296894 0.544879436493
vn -0.125956520438 -0.636235296726 0.761143624783
vn -0.653558433056 -0.539711773396 0.530634224415
vn 0.178945630789 0.983856022358 0.002402398735
vn 0.178946673870 0.983855843544 0.002400095342
vn 0.178945198655 0.983856141567 0.002399414079
vn 0.178944900632 0.983856141567 0.002401656937
vn 0.178948909044 0.983855426311 0.002398549812
vn 0.178948432207 0.983855545521 0.002401974285
vn 0.178948417306 0.983855545521 0.002398811979
vn 0.178949251771 0.983855366707 0.002399444114
vn 0.178949102759 0.983855426311 0.002401593607
vn 0.178950771689 0.983855068684 0.002400813857
vn 0.178946882486 0.983855783939 0.002402028069
vn 0.178947195411 0.983855724335 0.002401354024
vn 0.178947836161 0.983855605125 0.002401649719
vn 0.178947374225 0.983855724335 0.002402530285
vn 0.178946852684 0.983855783939 0.002402293263
vn 0.178946807981 0.983855843544 0.002401864389
vn -0.152682080865 -0.946891665459 -0.282991886139
vn -0.400119692087 -0.538441956043 -0.741609334946
vn 0.070958845317 -0.597280740738 -0.798887073994
vn 0.430635035038 -0.739338874817 -0.517620921135
vn 0.468222379684 -0.881391823292 -0.062579847872
vn 0.161686748266 -0.940237224102 0.299685448408
vn -0.309387177229 -0.881394743919 0.356963306665
vn -0.669066786766 -0.739337265491 0.075697518885
vn -0.706648945808 -0.597283065319 -0.379341840744
vn -0.441683709621 -0.367063790560 -0.818645000458
vn 0.133441984653 -0.438896059990 -0.888573825359
vn 0.572557628155 -0.612333953381 -0.545183360577
vn 0.618447363377 -0.785757958889 0.010362081230
vn 0.244209453464 -0.857602596283 0.452636182308
vn -0.330913156271 -0.785762846470 0.522564172745
vn -0.770029902458 -0.612330138683 0.179180681705
vn -0.815914452076 -0.438899606466 -0.376365244389
vn 0.152682453394 0.946892201900 0.282989859581
vn 0.152681678534 0.946891486645 0.282992631197
vn 0.152681022882 0.946891546249 0.282992869616
vn 0.152680411935 0.946892976761 0.282988399267
vn 0.152680769563 0.946892261505 0.282990545034
vn 0.152682125568 0.946892142296 0.282990306616
vn 0.152679219842 0.946892142296 0.282991886139
vn 0.152679607272 0.946892261505 0.282991170883
vn 0.152681216598 0.946892023087 0.282991170883
vn 0.152680575848 0.946892261505 0.282990783453
vn 0.152683764696 0.946891486645 0.282991617918
vn 0.152683317661 0.946891665459 0.282991290092
vn 0.152684122324 0.946891307831 0.282991975546
vn 0.152682527900 0.946891605854 0.282991796732
vn 0.152682870626 0.946892142296 0.282989829779
vn 0.152680248022 0.946892857552 0.282988965511
vn -0.280677169561 -0.946858763695 -0.157095015049
vn -0.735368192196 -0.538357138634 -0.411588639021
vn -0.368402361870 -0.597217142582 -0.712468445301
vn 0.085988476872 -0.739312291145 -0.667849779129
vn 0.361630767584 -0.881412386894 -0.303867369890
vn 0.297053813934 -0.940273642540 0.166266128421
vn -0.069904401898 -0.881411671638 0.467147648335
vn -0.524297118187 -0.739311516285 0.422529309988
vn -0.799942433834 -0.597214102745 0.058544103056
vn -0.811737418175 -0.366971164942 -0.454328656197
vn -0.363722890615 -0.438830465078 -0.821665048599
vn 0.191031321883 -0.612309932709 -0.767192006111
vn 0.527554571629 -0.785794377327 -0.322820931673
vn 0.448716729879 -0.857658922672 0.251146167517
vn 0.000704245642 -0.785795986652 0.618485391140
vn -0.554044008255 -0.612308204174 0.564015865326
vn -0.890572249889 -0.438825190067 0.119638957083
vn 0.280679225922 0.946858048439 0.157095775008
vn 0.280676424503 0.946859002113 0.157094895840
vn 0.280677199364 0.946858823299 0.157094657421
vn 0.280681669712 0.946857273579 0.157096147537
vn 0.280678629875 0.946857869625 0.157097741961
vn 0.280677527189 0.946858286858 0.157097235322
vn 0.280679434538 0.946858286858 0.157093882561
vn 0.280676275492 0.946858823299 0.157096326351
vn 0.280679762363 0.946858108044 0.157094299793
vn 0.280680328608 0.946857810020 0.157095208764
vn 0.280674695969 0.946859419346 0.157095417380
vn 0.280677199364 0.946858763695 0.157094895840
vn 0.280677527189 0.946858704090 0.157094955444
vn 0.280680865049 0.946858525276 0.157090023160
vn 0.280680328608 0.946857631207 0.157096430659
vn 0.280682027340 0.946857333183 0.157095029950
vn -0.314316272736 -0.949317991734 -0.000766166195
vn -0.838526546955 -0.544856965542 -0.002045695437
vn -0.663734257221 -0.602371454239 -0.443402111530
vn -0.243900448084 -0.741231679916 -0.625370442867
vn 0.175044491887 -0.880092740059 -0.441357225180
vn 0.347684085369 -0.937611341476 0.000846121286
vn 0.172894909978 -0.880092382431 0.442204445601
vn -0.246940508485 -0.741233408451 0.624174237251
vn -0.665884137154 -0.602375566959 0.440161287785
vn -0.927364289761 -0.374152839184 -0.002262582770
vn -0.713964283466 -0.444370031357 -0.541100978851
vn -0.201402574778 -0.613898336887 -0.763260006905
vn 0.310069561005 -0.783430218697 -0.538603723049
vn 0.520839750767 -0.853653550148 0.001268481137
vn 0.307444393635 -0.783429265022 0.540107905865
vn -0.205119296908 -0.613900184631 0.762268126011
vn -0.716593325138 -0.444374412298 0.537610769272
vn 0.314320355654 0.949316680431 0.000763235905
vn 0.314318060875 0.949317395687 0.000770921120
vn 0.314321070910 0.949316442013 0.000772445870
vn 0.314321190119 0.949316382408 0.000765392208
vn 0.314314305782 0.949318647385 0.000770081009
vn 0.314316660166 0.949317872524 0.000769028265
vn 0.314316093922 0.949318051338 0.000768705329
vn 0.314318329096 0.949317336082 0.000765584700
vn 0.314314186573 0.949318706989 0.000767306483
vn 0.314314305782 0.949318647385 0.000766110257
vn 0.314316093922 0.949318051338 0.000762855227
vn 0.314315140247 0.949318408966 0.000763322227
vn 0.314316660166 0.949317872524 0.000766701240
vn 0.314316362143 0.949317991734 0.000763875316
vn 0.314317882061 0.949317514896 0.000763124612
vn 0.314317077398 0.949317753315 0.000765510951
vn 0.002400662750 -0.983855605125 -0.178948149085
vn 0.010123861954 -0.656391322613 -0.754352629185
vn 0.449451178312 -0.689135909081 -0.568405926228
vn 0.626593112946 -0.768200159073 -0.131337687373
vn 0.437785446644 -0.847262561321 0.300815582275
vn -0.006376191508 -0.880013108253 0.474906533957
vn -0.445700168610 -0.847262918949 0.288958191872
vn -0.622841000557 -0.768200993538 -0.148108989000
vn -0.434032052755 -0.689139783382 -0.580260753632
vn 0.011626834050 -0.499736249447 -0.866099596024
vn 0.547983229160 -0.539708852768 -0.639084219933
vn 0.764249980450 -0.636235654354 -0.105480596423
vn 0.533740758896 -0.732759416103 0.422118961811
vn -0.008518947288 -0.772744596004 0.634659945965
vn -0.544877767563 -0.732760787010 0.407639265060
vn -0.761141419411 -0.636237263680 -0.125959590077
vn -0.530628740788 -0.539716303349 -0.653559029102
vn -0.002402500948 0.983855843544 0.178946793079
vn -0.002401538193 0.983855724335 0.178947374225
vn -0.002401628764 0.983855843544 0.178946793079
vn -0.002402382204 0.983855903149 0.178946465254
vn -0.002403770806 0.983855664730 0.178947746754
vn -0.002402320504 0.983855724335 0.178947359324
vn -0.002402127022 0.983855664730 0.178947657347
vn -0.002403115621 0.983855783939 0.178946927190
vn -0.002401302336 0.983855664730 0.178947821259
vn -0.002401873469 0.983855724335 0.178947463632
vn -0.002402881160 0.983855724335 0.178947418928
vn -0.002402725397 0.983855664730 0.178947672248
vn -0.002401954494 0.983855724335 0.178947269917
vn -0.002402109327 0.983855724335 0.178947284818
vn -0.002403062535 0.983855783939 0.178947061300
vn -0.002402600599 0.983855783939 0.178947016597
vn 0.282992690802 -0.946891605854 -0.152680799365
vn 0.741607069969 -0.538444876671 -0.400119960308
vn 0.798884034157 -0.597284972668 0.070957556367
vn 0.517621099949 -0.739337801933 0.430636793375
vn 0.062579885125 -0.881393790245 0.468218713999
vn -0.299681305885 -0.940238237381 0.161688253284
vn -0.356961339712 -0.881396055222 -0.309385895729
vn -0.075699649751 -0.739338099957 -0.669065535069
vn 0.379343211651 -0.597283780575 -0.706647574902
vn 0.818642377853 -0.367073088884 -0.441680848598
vn 0.888567328453 -0.438910156488 0.133438900113
vn 0.545185327530 -0.612332940102 0.572556793690
vn -0.010357852094 -0.785761833191 0.618442475796
vn -0.452629387379 -0.857607722282 0.244204074144
vn -0.522556722164 -0.785768270493 -0.330911934376
vn -0.179178968072 -0.612331807613 -0.770028948784
vn 0.376368880272 -0.438902348280 -0.815911233425
vn -0.282990515232 0.946892201900 0.152680948377
vn -0.282988727093 0.946892797947 0.152680426836
vn -0.282987058163 0.946893155575 0.152681365609
vn -0.282990872860 0.946891903877 0.152682065964
vn -0.282992511988 0.946891129017 0.152684018016
vn -0.282993108034 0.946891546249 0.152680307627
vn -0.282990008593 0.946891725063 0.152684807777
vn -0.282990843058 0.946891725063 0.152683421969
vn -0.282991260290 0.946891903877 0.152681335807
vn -0.282991379499 0.946891784668 0.152682006359
vn -0.282991528511 0.946891963482 0.152680620551
vn -0.282991945744 0.946891844273 0.152680635452
vn -0.282991081476 0.946891844273 0.152682065964
vn -0.282991856337 0.946891844273 0.152680680156
vn -0.282990455627 0.946892082691 0.152681902051
vn -0.282990634441 0.946892142296 0.152681037784
vn 0.157095968723 -0.946858346462 -0.280677944422
vn 0.411588460207 -0.538356840611 -0.735368490219
vn 0.712468326092 -0.597216367722 -0.368404000998
vn 0.667849957943 -0.739312350750 0.085986651480
vn 0.303867220879 -0.881413161755 0.361629009247
vn -0.166263535619 -0.940272390842 0.297059386969
vn -0.467144757509 -0.881412863731 -0.069907978177
vn -0.422523915768 -0.739312887192 -0.524299502373
vn -0.058545388281 -0.597212731838 -0.799943387508
vn 0.454327672720 -0.366969972849 -0.811738491058
vn 0.821664988995 -0.438830614090 -0.363722831011
vn 0.767191112041 -0.612311482430 0.191030040383
vn 0.322818964720 -0.785796761513 0.527552306652
vn -0.251147329807 -0.857656896114 0.448720067739
vn -0.618483364582 -0.785797536373 0.000704109552
vn -0.564008772373 -0.612312376499 -0.554046630859
vn -0.119638398290 -0.438824206591 -0.890572845936
vn -0.157095521688 0.946858048439 0.280679076910
vn -0.157095938921 0.946858465672 0.280677497387
vn -0.157095834613 0.946858406067 0.280677706003
vn -0.157095625997 0.946857988834 0.280679315329
vn -0.157096982002 0.946858465672 0.280676990747
vn -0.157095834613 0.946858346462 0.280677974224
vn -0.157096818089 0.946857988834 0.280678600073
vn -0.157096654177 0.946857750416 0.280679553747
vn -0.157096669078 0.946857988834 0.280678749084
vn -0.157096907496 0.946857631207 0.280679732561
vn -0.157096490264 0.946858286858 0.280677825212
vn -0.157096296549 0.946858346462 0.280677706003
vn -0.157097935677 0.946857750416 0.280678808689
vn -0.157099202275 0.946857869625 0.280677646399
vn -0.157095372677 0.946858048439 0.280679285526
vn -0.157096579671 0.946858048439 0.280678570271
vn 0.000765625911 -0.949317872524 -0.314316719770
vn 0.002041866537 -0.544856190681 -0.838526964188
vn 0.443401694298 -0.602371573448 -0.663734436035
vn 0.625371396542 -0.741231322289 -0.243899077177
vn 0.441357016563 -0.880092918873 0.175044119358
vn -0.000846193405 -0.937611043453 0.347684830427
vn -0.442204207182 -0.880093514919 0.172889515758
vn -0.624176204205 -0.741231739521 -0.246940314770
vn -0.440162003040 -0.602373600006 -0.665885448456
vn 0.002259841654 -0.374153673649 -0.927363991737
vn 0.541100025177 -0.444370359182 -0.713964819908
vn 0.763260424137 -0.613897502422 -0.201403573155
vn 0.538603425026 -0.783430993557 0.310068130493
vn -0.001266702311 -0.853652954102 0.520840764046
vn -0.540103793144 -0.783433139324 0.307441681623
vn -0.762269854546 -0.613899230957 -0.205115675926
vn -0.537613332272 -0.444372922182 -0.716592371464
vn -0.000764255528 0.949317812920 0.314316868782
vn -0.000767015794 0.949317753315 0.314317017794
vn -0.000767460966 0.949317574501 0.314317554235
vn -0.000765016244 0.949317991734 0.314316421747
vn -0.000765331963 0.949317753315 0.314317017794
vn -0.000766708516 0.949317514896 0.314317822456
vn -0.000764168159 0.949317395687 0.314318090677
vn -0.000764354947 0.949316978455 0.314319342375
vn -0.000764672121 0.949317157269 0.314318925142
vn -0.000764136901 0.949316382408 0.314321309328
vn -0.000764657045 0.949318051338 0.314316242933
vn -0.000764496566 0.949317693710 0.314317196608
vn -0.000766199606 0.949317574501 0.314317554235
vn -0.000765769859 0.949317753315 0.314317017794
vn -0.000763699296 0.949317812920 0.314316838980
vn -0.000765396981 0.949318110943 0.314315915108
# 3180 vertex normals

vt 0.074293509126 0.433280587196 0.000000000000
vt 0.118512034416 0.429840087891 0.000000000000
vt 0.114400096238 0.479513764381 0.000000000000
vt 0.066282652318 0.479512393475 0.000000000000
vt 0.088082484901 0.399369180202 0.000000000000
vt 0.121949389577 0.385562956333 0.000000000000
vt 0.168119415641 0.425724089146 0.000000000000
vt 0.168119609356 0.377542912960 0.000000000000
vt 0.118510395288 0.529187917709 0.000000000000
vt 0.168118506670 0.533305406570 0.000000000000
vt 0.168118149042 0.581488132477 0.000000000000
vt 0.121946118772 0.573466598988 0.000000000000
vt 0.074291400611 0.525745391846 0.000000000000
vt 0.088078811765 0.559658467770 0.000000000000
vt 0.168119072914 0.479514420033 0.000000000000
vt 0.217726603150 0.429840862751 0.000000000000
vt 0.214289814234 0.385563611984 0.000000000000
vt 0.261944890022 0.433281660080 0.000000000000
vt 0.248156428337 0.399370193481 0.000000000000
vt 0.269955605268 0.479513525963 0.000000000000
vt 0.221838101745 0.479514420033 0.000000000000
vt 0.217727065086 0.529188871384 0.000000000000
vt 0.261946707964 0.525747179985 0.000000000000
vt 0.248158320785 0.559660375118 0.000000000000
vt 0.214290171862 0.573467671871 0.000000000000
vt 0.294889450073 0.532072603703 0.000000000000
vt 0.305776864290 0.479511976242 0.000000000000
vt 0.320434868336 0.479510962963 0.000000000000
vt 0.308411926031 0.537686347961 0.000000000000
vt 0.265431612730 0.576956510544 0.000000000000
vt 0.275801301003 0.587339937687 0.000000000000
vt 0.220608159900 0.606454253197 0.000000000000
vt 0.226214766502 0.619994759560 0.000000000000
vt 0.168117463589 0.617358446121 0.000000000000
vt 0.168117195368 0.632036328316 0.000000000000
vt 0.115627333522 0.606452524662 0.000000000000
vt 0.110020257533 0.619992673397 0.000000000000
vt 0.070805698633 0.576953351498 0.000000000000
vt 0.060436014086 0.587336421013 0.000000000000
vt 0.041349384934 0.532070577145 0.000000000000
vt 0.027827365324 0.537684023380 0.000000000000
vt 0.030461443588 0.479511320591 0.000000000000
vt 0.015803582966 0.479510962963 0.000000000000
vt 0.041352737695 0.426953613758 0.000000000000
vt 0.027831297368 0.421339392662 0.000000000000
vt 0.070810720325 0.382073879242 0.000000000000
vt 0.060442056507 0.371690988541 0.000000000000
vt 0.115631997585 0.352578103542 0.000000000000
vt 0.110025860369 0.339038372040 0.000000000000
vt 0.168120041490 0.341674804688 0.000000000000
vt 0.168120145798 0.326997399330 0.000000000000
vt 0.220607385039 0.352579176426 0.000000000000
vt 0.226213932037 0.339039504528 0.000000000000
vt 0.265427917242 0.382075190544 0.000000000000
vt 0.275796771049 0.371692478657 0.000000000000
vt 0.294885486364 0.426954627037 0.000000000000
vt 0.308406740427 0.421340525150 0.000000000000
vt 0.786211133003 0.475495100021 0.000000000000
vt 0.790263354778 0.524688005447 0.000000000000
vt 0.746457755566 0.521266400814 0.000000000000
vt 0.738509595394 0.475481450558 0.000000000000
vt 0.760113358498 0.554921507835 0.000000000000
vt 0.793665111065 0.568564236164 0.000000000000
vt 0.839390575886 0.528744220734 0.000000000000
vt 0.839396476746 0.576507806778 0.000000000000
vt 0.839425206184 0.374433994293 0.000000000000
vt 0.839432239532 0.422200918198 0.000000000000
vt 0.790261030197 0.426259040833 0.000000000000
vt 0.793663620949 0.382369518280 0.000000000000
vt 0.746418297291 0.429652094841 0.000000000000
vt 0.760037899017 0.396040380001 0.000000000000
vt 0.839411556721 0.475473344326 0.000000000000
vt 0.888559877872 0.524688184261 0.000000000000
vt 0.885154724121 0.568575620651 0.000000000000
vt 0.932402431965 0.521298587322 0.000000000000
vt 0.918779551983 0.554908275604 0.000000000000
vt 0.940315127373 0.475470006466 0.000000000000
vt 0.892612278461 0.475452363491 0.000000000000
vt 0.888561725616 0.426257371902 0.000000000000
vt 0.932370066643 0.429681777954 0.000000000000
vt 0.918715298176 0.396022856236 0.000000000000
vt 0.885160684586 0.382377922535 0.000000000000
vt 0.990305125713 0.475478887558 0.000000000000
vt 0.975785076618 0.475479960442 0.000000000000
vt 0.964993834496 0.423405826092 0.000000000000
vt 0.978386938572 0.417849183083 0.000000000000
vt 0.935817360878 0.378925919533 0.000000000000
vt 0.946088671684 0.368655502796 0.000000000000
vt 0.891412019730 0.349735081196 0.000000000000
vt 0.896961808205 0.336312651634 0.000000000000
vt 0.839411854744 0.338915288448 0.000000000000
vt 0.839408755302 0.324375510216 0.000000000000
vt 0.787407636642 0.349726498127 0.000000000000
vt 0.781857371330 0.336316347122 0.000000000000
vt 0.742990732193 0.378944814205 0.000000000000
vt 0.732733905315 0.368661046028 0.000000000000
vt 0.700439155102 0.417853176594 0.000000000000
vt 0.713843166828 0.423409104347 0.000000000000
vt 0.703041195869 0.475475370884 0.000000000000
vt 0.688521683216 0.475478887558 0.000000000000
vt 0.713837265968 0.527544796467 0.000000000000
vt 0.700446188450 0.533101975918 0.000000000000
vt 0.743013978004 0.572017312050 0.000000000000
vt 0.732744455338 0.582287013531 0.000000000000
vt 0.787414371967 0.601203501225 0.000000000000
vt 0.781865596771 0.614624500275 0.000000000000
vt 0.839408397675 0.612022817135 0.000000000000
vt 0.839410781860 0.626560926437 0.000000000000
vt 0.891407787800 0.601216375828 0.000000000000
vt 0.896956562996 0.614625692368 0.000000000000
vt 0.935824334621 0.572004735470 0.000000000000
vt 0.946079432964 0.582289159298 0.000000000000
vt 0.964976310730 0.527545690536 0.000000000000
vt 0.978379309177 0.533103525639 0.000000000000
vt 0.564206838608 0.299623161554 0.000000000000
vt 0.622319817543 0.306702405214 0.000000000000
vt 0.621504783630 0.310991793871 0.000000000000
vt 0.563937067986 0.303980261087 0.000000000000
vt 0.505656361580 0.299624532461 0.000000000000
vt 0.505936145782 0.303980261087 0.000000000000
vt 0.447597742081 0.307265073061 0.000000000000
vt 0.448422312737 0.311550289392 0.000000000000
vt 0.390879988670 0.321869820356 0.000000000000
vt 0.392236828804 0.326016753912 0.000000000000
vt 0.086071275175 0.860136687756 0.000000000000
vt 0.078992746770 0.918279826641 0.000000000000
vt 0.074704311788 0.917475759983 0.000000000000
vt 0.081715010107 0.859878361225 0.000000000000
vt 0.086071394384 0.801575601101 0.000000000000
vt 0.081716679037 0.801866471767 0.000000000000
vt 0.078435204923 0.743525326252 0.000000000000
vt 0.074150823057 0.744360983372 0.000000000000
vt 0.063838385046 0.686833798885 0.000000000000
vt 0.059692166746 0.688201487064 0.000000000000
vt 0.569242358208 0.221476405859 0.000000000000
vt 0.626543641090 0.233541816473 0.000000000000
vt 0.625367283821 0.237744867802 0.000000000000
vt 0.568603396416 0.225794047117 0.000000000000
vt 0.510904431343 0.216429412365 0.000000000000
vt 0.510811924934 0.220792979002 0.000000000000
vt 0.452405810356 0.218997269869 0.000000000000
vt 0.452860474586 0.223337978125 0.000000000000
vt 0.394646048546 0.228606700897 0.000000000000
vt 0.395642161369 0.232855975628 0.000000000000
vt 0.414792358875 0.784980058670 0.000000000000
vt 0.358074724674 0.770377039909 0.000000000000
vt 0.359431326389 0.766230702400 0.000000000000
vt 0.415616691113 0.780695199966 0.000000000000
vt 0.472852170467 0.792619705200 0.000000000000
vt 0.473131954670 0.788263916969 0.000000000000
vt 0.589522302151 0.785542845726 0.000000000000
vt 0.531405866146 0.792620897293 0.000000000000
vt 0.531135857105 0.788263916969 0.000000000000
vt 0.588707268238 0.781253218651 0.000000000000
vt 0.142376303673 0.290983110666 0.000000000000
vt 0.171710476279 0.292649924755 0.000000000000
vt 0.171708658338 0.315060257912 0.000000000000
vt 0.139254301786 0.312509566545 0.000000000000
vt 0.107537396252 0.305245876312 0.000000000000
vt 0.113628074527 0.285418391228 0.000000000000
vt 0.078060135245 0.292177826166 0.000000000000
vt 0.052386440337 0.273320108652 0.000000000000
vt 0.066059775651 0.258414357901 0.000000000000
vt 0.088115885854 0.274227827787 0.000000000000
vt 0.165403887630 0.262589812279 0.000000000000
vt 0.165458917618 0.244556933641 0.000000000000
vt 0.171717047691 0.244648993015 0.000000000000
vt 0.171713322401 0.262517988682 0.000000000000
vt 0.158942535520 0.234258353710 0.000000000000
vt 0.171719446778 0.235171273351 0.000000000000
vt 0.179187759757 0.225952178240 0.000000000000
vt 0.184497818351 0.234264910221 0.000000000000
vt 0.171701684594 0.226275950670 0.000000000000
vt 0.162719249725 0.275944441557 0.000000000000
vt 0.171711608768 0.276271104813 0.000000000000
vt 0.201045587659 0.290986567736 0.000000000000
vt 0.204164192080 0.312515169382 0.000000000000
vt 0.229799017310 0.285425722599 0.000000000000
vt 0.235885798931 0.305257678032 0.000000000000
vt 0.265372425318 0.292196661234 0.000000000000
vt 0.255319744349 0.274239063263 0.000000000000
vt 0.277387768030 0.258428424597 0.000000000000
vt 0.291060060263 0.273343831301 0.000000000000
vt 0.178022623062 0.262592077255 0.000000000000
vt 0.177975028753 0.244560435414 0.000000000000
vt 0.180703893304 0.275946199894 0.000000000000
vt 0.171723306179 0.218227148056 0.000000000000
vt 0.164256796241 0.225948974490 0.000000000000
vt 0.831492006779 0.006112333387 0.000000000000
vt 0.831487953663 0.028206367046 0.000000000000
vt 0.802900552750 0.030176352710 0.000000000000
vt 0.799553990364 0.008692612872 0.000000000000
vt 0.774624645710 0.035723630339 0.000000000000
vt 0.768340587616 0.015977974981 0.000000000000
vt 0.727865576744 0.062520951033 0.000000000000
vt 0.714052081108 0.047622267157 0.000000000000
vt 0.739314079285 0.028971787542 0.000000000000
vt 0.749585747719 0.046830598265 0.000000000000
vt 0.831484615803 0.074407249689 0.000000000000
vt 0.825573623180 0.074448272586 0.000000000000
vt 0.825541079044 0.057148072869 0.000000000000
vt 0.831485033035 0.057194624096 0.000000000000
vt 0.819351017475 0.084348753095 0.000000000000
vt 0.831483840942 0.083420172334 0.000000000000
vt 0.843617916107 0.084350496531 0.000000000000
vt 0.838685512543 0.092318952084 0.000000000000
vt 0.831463873386 0.091936126351 0.000000000000
vt 0.831485927105 0.043993983418 0.000000000000
vt 0.822950482368 0.044358130544 0.000000000000
vt 0.863426506519 0.008705170825 0.000000000000
vt 0.860072851181 0.030183847994 0.000000000000
vt 0.888338625431 0.035739276558 0.000000000000
vt 0.894628763199 0.016003053635 0.000000000000
vt 0.935064196587 0.062542498112 0.000000000000
vt 0.913363218307 0.046851743013 0.000000000000
vt 0.923637866974 0.029006008059 0.000000000000
vt 0.948877334595 0.047658409923 0.000000000000
vt 0.837428867817 0.057148803025 0.000000000000
vt 0.837395608425 0.074448719621 0.000000000000
vt 0.840021133423 0.044359441847 0.000000000000
vt 0.831482470036 0.099771454930 0.000000000000
vt 0.824282407761 0.092317163944 0.000000000000
vt 0.036714076996 0.920793533325 0.000000000000
vt 0.042452692986 0.890368580818 0.000000000000
vt 0.050646185875 0.891642332077 0.000000000000
vt 0.044808506966 0.922589540482 0.000000000000
vt 0.868200182915 0.965570926666 0.000000000000
vt 0.894859433174 0.960422754288 0.000000000000
vt 0.896725296974 0.968513607979 0.000000000000
vt 0.869525432587 0.973766326904 0.000000000000
vt 0.046292066574 0.859564781189 0.000000000000
vt 0.054549336433 0.860329270363 0.000000000000
vt 0.814806222916 0.970821142197 0.000000000000
vt 0.841459870338 0.969048738480 0.000000000000
vt 0.842275738716 0.977308869362 0.000000000000
vt 0.815088868141 0.979114651680 0.000000000000
vt 0.048238515854 0.828588247299 0.000000000000
vt 0.048239231110 0.797638535500 0.000000000000
vt 0.056527853012 0.797351717949 0.000000000000
vt 0.056527853012 0.828838229179 0.000000000000
vt 0.928496122360 0.951056003571 0.000000000000
vt 0.944610357285 0.945582509041 0.000000000000
vt 0.947494983673 0.953370928764 0.000000000000
vt 0.931006550789 0.958972454071 0.000000000000
vt 0.956637501717 0.940931677818 0.000000000000
vt 0.959627270699 0.948680996895 0.000000000000
vt 0.664380550385 0.910535514355 0.000000000000
vt 0.674754142761 0.913754761219 0.000000000000
vt 0.672288417816 0.921681225300 0.000000000000
vt 0.661772131920 0.918416321278 0.000000000000
vt 0.916558980942 0.954599022865 0.000000000000
vt 0.918773174286 0.962602853775 0.000000000000
vt 0.411567330360 0.275805443525 0.000000000000
vt 0.381595969200 0.283554822206 0.000000000000
vt 0.379265666008 0.275598436594 0.000000000000
vt 0.409751772881 0.267715185881 0.000000000000
vt 0.442043423653 0.269925862551 0.000000000000
vt 0.440731167793 0.261737853289 0.000000000000
vt 0.737661838531 0.929083526134 0.000000000000
vt 0.764595508575 0.932447373867 0.000000000000
vt 0.763817191124 0.940709888935 0.000000000000
vt 0.736338019371 0.937277138233 0.000000000000
vt 0.503697991371 0.263863712549 0.000000000000
vt 0.472818732262 0.265923291445 0.000000000000
vt 0.472017884254 0.257668823004 0.000000000000
vt 0.503432869911 0.255573838949 0.000000000000
vt 0.791501879692 0.934141814709 0.000000000000
vt 0.818212032318 0.934142887592 0.000000000000
vt 0.818478822708 0.942436277866 0.000000000000
vt 0.791235446930 0.942436158657 0.000000000000
vt 0.687057495117 0.917591869831 0.000000000000
vt 0.703491568565 0.921977937222 0.000000000000
vt 0.701514124870 0.930039584637 0.000000000000
vt 0.684698462486 0.925550520420 0.000000000000
vt 0.715632200241 0.924717485905 0.000000000000
vt 0.713955640793 0.932846605778 0.000000000000
vt 0.651146054268 0.905987799168 0.000000000000
vt 0.648447513580 0.913838207722 0.000000000000
vt 0.966779351234 0.937026262283 0.000000000000
vt 0.969908475876 0.944720506668 0.000000000000
vt 0.979688763618 0.931603074074 0.000000000000
vt 0.982905983925 0.939261078835 0.000000000000
vt 0.171708598733 0.315798103809 0.000000000000
vt 0.139149352908 0.313245058060 0.000000000000
vt 0.113835394382 0.284717470407 0.000000000000
vt 0.142370492220 0.290216058493 0.000000000000
vt 0.107312679291 0.305950164795 0.000000000000
vt 0.066528551280 0.257897704840 0.000000000000
vt 0.088461682200 0.273608475924 0.000000000000
vt 0.077697440982 0.292814195156 0.000000000000
vt 0.051890738308 0.273856759071 0.000000000000
vt 0.164674997330 0.262569099665 0.000000000000
vt 0.164731115103 0.244589447975 0.000000000000
vt 0.158250182867 0.234229728580 0.000000000000
vt 0.179828763008 0.225793391466 0.000000000000
vt 0.185190305114 0.234236508608 0.000000000000
vt 0.161973968148 0.275767028332 0.000000000000
vt 0.204269066453 0.313250660896 0.000000000000
vt 0.236110359430 0.305962115526 0.000000000000
vt 0.201051384211 0.290219694376 0.000000000000
vt 0.229591667652 0.284724771976 0.000000000000
vt 0.291555643082 0.273880720139 0.000000000000
vt 0.265734821558 0.292833328247 0.000000000000
vt 0.254974156618 0.273619711399 0.000000000000
vt 0.276918947697 0.257911354303 0.000000000000
vt 0.178702771664 0.244593665004 0.000000000000
vt 0.178751364350 0.262571632862 0.000000000000
vt 0.181449085474 0.275768667459 0.000000000000
vt 0.171723887324 0.217550024390 0.000000000000
vt 0.163615971804 0.225789979100 0.000000000000
vt 0.799448549747 0.007962785661 0.000000000000
vt 0.831492125988 0.005374569446 0.000000000000
vt 0.802894055843 0.030949350446 0.000000000000
vt 0.774833738804 0.036423716694 0.000000000000
vt 0.768114507198 0.015279412270 0.000000000000
vt 0.749934315681 0.047449182719 0.000000000000
vt 0.728343665600 0.063041448593 0.000000000000
vt 0.713560044765 0.047094937414 0.000000000000
vt 0.738951206207 0.028340462595 0.000000000000
vt 0.824862480164 0.074418425560 0.000000000000
vt 0.824826419353 0.057168494910 0.000000000000
vt 0.818686127663 0.084375023842 0.000000000000
vt 0.844282686710 0.084376916289 0.000000000000
vt 0.839312076569 0.092481687665 0.000000000000
vt 0.822218298912 0.044540423900 0.000000000000
vt 0.863532185555 0.007975742221 0.000000000000
vt 0.894855260849 0.015304673463 0.000000000000
vt 0.888129293919 0.036439191550 0.000000000000
vt 0.860078990459 0.030956629664 0.000000000000
vt 0.924000680447 0.028375189751 0.000000000000
vt 0.949369430542 0.047131482512 0.000000000000
vt 0.934586286545 0.063062801957 0.000000000000
vt 0.913014531136 0.047470007092 0.000000000000
vt 0.838143765926 0.057169225067 0.000000000000
vt 0.838107049465 0.074419230223 0.000000000000
vt 0.840753257275 0.044541809708 0.000000000000
vt 0.831482887268 0.100428014994 0.000000000000
vt 0.823655724525 0.092479944229 0.000000000000
vt 0.029258770868 0.188039422035 0.000000000000
vt 0.009057873860 0.191640138626 0.000000000000
vt 0.006171084940 0.160737380385 0.000000000000
vt 0.027323415503 0.160717606544 0.000000000000
vt 0.035886786878 0.214717775583 0.000000000000
vt 0.017332013696 0.221685767174 0.000000000000
vt 0.031853437424 0.249423056841 0.000000000000
vt 0.048525922000 0.238244265318 0.000000000000
vt 0.055131770670 0.166462674737 0.000000000000
vt 0.055180788040 0.160680562258 0.000000000000
vt 0.071502022445 0.160634532571 0.000000000000
vt 0.071602031589 0.166363745928 0.000000000000
vt 0.080155357718 0.160607650876 0.000000000000
vt 0.081022478640 0.172302514315 0.000000000000
vt 0.088552527130 0.153747066855 0.000000000000
vt 0.088276952505 0.160600617528 0.000000000000
vt 0.080949626863 0.148908168077 0.000000000000
vt 0.042919062078 0.168969631195 0.000000000000
vt 0.042570546269 0.160701856017 0.000000000000
vt 0.029211780056 0.133395433426 0.000000000000
vt 0.009000233375 0.129824116826 0.000000000000
vt 0.017235407606 0.099746823311 0.000000000000
vt 0.035812966526 0.106698691845 0.000000000000
vt 0.031740881503 0.071961462498 0.000000000000
vt 0.052281692624 0.048011772335 0.000000000000
vt 0.065985374153 0.062928378582 0.000000000000
vt 0.048443578184 0.083138138056 0.000000000000
vt 0.055106319487 0.154901564121 0.000000000000
vt 0.071567893028 0.154905617237 0.000000000000
vt 0.042898446321 0.152437120676 0.000000000000
vt 0.095625437796 0.160559400916 0.000000000000
vt 0.088595278561 0.167415186763 0.000000000000
vt 0.668626368046 0.159380942583 0.000000000000
vt 0.671505630016 0.128727152944 0.000000000000
vt 0.691845774651 0.132490843534 0.000000000000
vt 0.689658939838 0.159388750792 0.000000000000
vt 0.698318898678 0.105972200632 0.000000000000
vt 0.679677844048 0.098916560411 0.000000000000
vt 0.710682749748 0.082623809576 0.000000000000
vt 0.693944156170 0.071366041899 0.000000000000
vt 0.732698261738 0.159432724118 0.000000000000
vt 0.716761291027 0.159409090877 0.000000000000
vt 0.716728270054 0.153891041875 0.000000000000
vt 0.732744932175 0.153946503997 0.000000000000
vt 0.741918265820 0.148186549544 0.000000000000
vt 0.741040647030 0.159445017576 0.000000000000
vt 0.748922824860 0.159438788891 0.000000000000
vt 0.749266684055 0.166140735149 0.000000000000
vt 0.741884708405 0.170706823468 0.000000000000
vt 0.704884409904 0.151456475258 0.000000000000
vt 0.704507410526 0.159396752715 0.000000000000
vt 0.691819965839 0.186280012131 0.000000000000
vt 0.671487629414 0.190030202270 0.000000000000
vt 0.698274075985 0.212781339884 0.000000000000
vt 0.679645657539 0.219826519489 0.000000000000
vt 0.727795720100 0.256186664104 0.000000000000
vt 0.713995814323 0.271078169346 0.000000000000
vt 0.693899512291 0.247356310487 0.000000000000
vt 0.710623025894 0.236106619239 0.000000000000
vt 0.732728600502 0.164918944240 0.000000000000
vt 0.716714620590 0.164925649762 0.000000000000
vt 0.704872250557 0.167335018516 0.000000000000
vt 0.756174325943 0.159467667341 0.000000000000
vt 0.749286293983 0.152775123715 0.000000000000
vt 0.028557181358 0.675568342209 0.000000000000
vt 0.036513328552 0.673217177391 0.000000000000
vt 0.044393420219 0.703687667847 0.000000000000
vt 0.036304116249 0.705524921417 0.000000000000
vt 0.761194944382 0.969127058983 0.000000000000
vt 0.760431408882 0.977385997772 0.000000000000
vt 0.732959985733 0.973948121071 0.000000000000
vt 0.734269738197 0.965760469437 0.000000000000
vt 0.050367832184 0.734657049179 0.000000000000
vt 0.042181134224 0.735990405083 0.000000000000
vt 0.787845969200 0.979114651680 0.000000000000
vt 0.788096904755 0.970822334290 0.000000000000
vt 0.046181440353 0.766760349274 0.000000000000
vt 0.054434895515 0.765937924385 0.000000000000
vt 0.700117588043 0.958649396896 0.000000000000
vt 0.698152899742 0.966701626778 0.000000000000
vt 0.681349039078 0.962207555771 0.000000000000
vt 0.683695435524 0.954259753227 0.000000000000
vt 0.668948054314 0.958335042000 0.000000000000
vt 0.671400904655 0.950420022011 0.000000000000
vt 0.965498089790 0.864767789841 0.000000000000
vt 0.968454480171 0.872515141964 0.000000000000
vt 0.958100438118 0.876264929771 0.000000000000
vt 0.955283761024 0.868465363979 0.000000000000
vt 0.712249994278 0.961391568184 0.000000000000
vt 0.710586786270 0.969512343407 0.000000000000
vt 0.398551881313 0.705093264580 0.000000000000
vt 0.397256284952 0.713286280632 0.000000000000
vt 0.366332411766 0.707447767258 0.000000000000
vt 0.368149638176 0.699354052544 0.000000000000
vt 0.429338485003 0.708932757378 0.000000000000
vt 0.428552091122 0.717189669609 0.000000000000
vt 0.893154263496 0.886709570885 0.000000000000
vt 0.894844532013 0.894830226898 0.000000000000
vt 0.867555260658 0.899545907974 0.000000000000
vt 0.866406321526 0.891329824924 0.000000000000
vt 0.491250336170 0.710879087448 0.000000000000
vt 0.491515547037 0.719168424606 0.000000000000
vt 0.460032522678 0.719168424606 0.000000000000
vt 0.460304766893 0.710878729820 0.000000000000
vt 0.839607596397 0.894282698631 0.000000000000
vt 0.840246796608 0.902555108070 0.000000000000
vt 0.813032388687 0.903832733631 0.000000000000
vt 0.812925577164 0.895535230637 0.000000000000
vt 0.943170547485 0.872870206833 0.000000000000
vt 0.945882201195 0.880707025528 0.000000000000
vt 0.929293036461 0.885974287987 0.000000000000
vt 0.926957368851 0.878016829491 0.000000000000
vt 0.914957046509 0.881319522858 0.000000000000
vt 0.916996002197 0.889358758926 0.000000000000
vt 0.978508710861 0.859610378742 0.000000000000
vt 0.981554150581 0.867323100567 0.000000000000
vt 0.658440351486 0.955067157745 0.000000000000
vt 0.661035895348 0.947198271751 0.000000000000
vt 0.645126461983 0.950486421585 0.000000000000
vt 0.647811889648 0.942647933960 0.000000000000
vt 0.008360314183 0.191761717200 0.000000000000
vt 0.005421236157 0.160739094019 0.000000000000
vt 0.029971947894 0.188020855188 0.000000000000
vt 0.036534897983 0.214476987720 0.000000000000
vt 0.016667561606 0.221939608455 0.000000000000
vt 0.049094043672 0.237856283784 0.000000000000
vt 0.031258009374 0.249822556973 0.000000000000
vt 0.071574009955 0.167029872537 0.000000000000
vt 0.055152975023 0.167130276561 0.000000000000
vt 0.081050470471 0.172936245799 0.000000000000
vt 0.080973640084 0.148274272680 0.000000000000
vt 0.088695913553 0.153159797192 0.000000000000
vt 0.043088324368 0.169655874372 0.000000000000
vt 0.008302182890 0.129703611135 0.000000000000
vt 0.016569936648 0.099493764341 0.000000000000
vt 0.036461725831 0.106939144433 0.000000000000
vt 0.029924871400 0.133413150907 0.000000000000
vt 0.031144386157 0.071561992168 0.000000000000
vt 0.051784791052 0.047474838793 0.000000000000
vt 0.066455200315 0.063445486128 0.000000000000
vt 0.049012809992 0.083526015282 0.000000000000
vt 0.055124476552 0.154234141111 0.000000000000
vt 0.071535900235 0.154239594936 0.000000000000
vt 0.043066039681 0.151751086116 0.000000000000
vt 0.096243694425 0.160556972027 0.000000000000
vt 0.088742360473 0.168001472950 0.000000000000
vt 0.667873680592 0.159380808473 0.000000000000
vt 0.670808076859 0.128606781363 0.000000000000
vt 0.698973059654 0.106211051345 0.000000000000
vt 0.692572176456 0.132506117225 0.000000000000
vt 0.679013133049 0.098664522171 0.000000000000
vt 0.711256802082 0.083009645343 0.000000000000
vt 0.693348348141 0.070970475674 0.000000000000
vt 0.716748476028 0.153227388859 0.000000000000
vt 0.732718467712 0.153286531568 0.000000000000
vt 0.741943657398 0.147569641471 0.000000000000
vt 0.749416649342 0.166722401977 0.000000000000
vt 0.741908133030 0.171323820949 0.000000000000
vt 0.705059051514 0.150774613023 0.000000000000
vt 0.670790314674 0.190150111914 0.000000000000
vt 0.678981304169 0.220078304410 0.000000000000
vt 0.692545711994 0.186265379190 0.000000000000
vt 0.698927819729 0.212542921305 0.000000000000
vt 0.713504135609 0.271605163813 0.000000000000
vt 0.693304002285 0.247751489282 0.000000000000
vt 0.711196660995 0.235720857978 0.000000000000
vt 0.728273212910 0.255666226149 0.000000000000
vt 0.732700288296 0.165579184890 0.000000000000
vt 0.716732621193 0.165589377284 0.000000000000
vt 0.705045461655 0.168016836047 0.000000000000
vt 0.756781876087 0.159468859434 0.000000000000
vt 0.749437868595 0.152193948627 0.000000000000
vt 0.314289361238 0.133379563689 0.000000000000
vt 0.334507137537 0.129812598228 0.000000000000
vt 0.337330669165 0.160737171769 0.000000000000
vt 0.316171050072 0.160711795092 0.000000000000
vt 0.307696044445 0.106675706804 0.000000000000
vt 0.326276540756 0.099727690220 0.000000000000
vt 0.311775356531 0.071940079331 0.000000000000
vt 0.295072525740 0.083113111556 0.000000000000
vt 0.277537196875 0.062904290855 0.000000000000
vt 0.291239261627 0.047991633415 0.000000000000
vt 0.288378536701 0.154889896512 0.000000000000
vt 0.288305014372 0.160670682788 0.000000000000
vt 0.271982252598 0.160630196333 0.000000000000
vt 0.271913349628 0.154900982976 0.000000000000
vt 0.263330072165 0.160608425736 0.000000000000
vt 0.262528330088 0.148911580443 0.000000000000
vt 0.254895448685 0.167420297861 0.000000000000
vt 0.255210161209 0.160569593310 0.000000000000
vt 0.262469649315 0.172301977873 0.000000000000
vt 0.300592005253 0.152424484491 0.000000000000
vt 0.300918668509 0.160692363977 0.000000000000
vt 0.314226806164 0.188042059541 0.000000000000
vt 0.334433406591 0.191650331020 0.000000000000
vt 0.326146572828 0.221703916788 0.000000000000
vt 0.307587474585 0.214727073908 0.000000000000
vt 0.311609476805 0.249446153641 0.000000000000
vt 0.294935166836 0.238257452846 0.000000000000
vt 0.288354754448 0.166453301907 0.000000000000
vt 0.271884679794 0.166359230876 0.000000000000
vt 0.300568521023 0.168962016702 0.000000000000
vt 0.247863113880 0.160568952560 0.000000000000
vt 0.254930377007 0.153755038977 0.000000000000
vt 0.994249284267 0.159382075071 0.000000000000
vt 0.991391122341 0.190027907491 0.000000000000
vt 0.971058726311 0.186277821660 0.000000000000
vt 0.973221361637 0.159389466047 0.000000000000
vt 0.964603424072 0.212783202529 0.000000000000
vt 0.983235597610 0.219828277826 0.000000000000
vt 0.935077786446 0.256202369928 0.000000000000
vt 0.952252805233 0.236115083098 0.000000000000
vt 0.968981564045 0.247366353869 0.000000000000
vt 0.948882162571 0.271096765995 0.000000000000
vt 0.930188477039 0.159439742565 0.000000000000
vt 0.946124553680 0.159410253167 0.000000000000
vt 0.946172654629 0.164925813675 0.000000000000
vt 0.930160939693 0.164926156402 0.000000000000
vt 0.921007692814 0.170720264316 0.000000000000
vt 0.921844959259 0.159456953406 0.000000000000
vt 0.913961648941 0.159491494298 0.000000000000
vt 0.913593828678 0.152789384127 0.000000000000
vt 0.920961260796 0.148196235299 0.000000000000
vt 0.958010911942 0.167333647609 0.000000000000
vt 0.958375632763 0.159397006035 0.000000000000
vt 0.971038460732 0.132496878505 0.000000000000
vt 0.991373360157 0.128738403320 0.000000000000
vt 0.964577078819 0.105983659625 0.000000000000
vt 0.983212530613 0.098938256502 0.000000000000
vt 0.968963742256 0.071397185326 0.000000000000
vt 0.952229499817 0.082642659545 0.000000000000
vt 0.930139303207 0.153953135014 0.000000000000
vt 0.946156442165 0.153892531991 0.000000000000
vt 0.957999289036 0.151457786560 0.000000000000
vt 0.906708359718 0.159488841891 0.000000000000
vt 0.913621902466 0.166157871485 0.000000000000
vt 0.604997158051 0.739699721336 0.000000000000
vt 0.606814503670 0.747794628143 0.000000000000
vt 0.575885832310 0.753632187843 0.000000000000
vt 0.574590861797 0.745438098907 0.000000000000
vt 0.756752848625 0.860232830048 0.000000000000
vt 0.755861997604 0.868482589722 0.000000000000
vt 0.728428840637 0.864622235298 0.000000000000
vt 0.729864597321 0.856449961662 0.000000000000
vt 0.544586360455 0.757535099983 0.000000000000
vt 0.543800115585 0.749277114868 0.000000000000
vt 0.810346245766 0.862761259079 0.000000000000
vt 0.810499906540 0.871057629585 0.000000000000
vt 0.783257126808 0.870634675026 0.000000000000
vt 0.783636450768 0.862345397472 0.000000000000
vt 0.512830972672 0.751223564148 0.000000000000
vt 0.513102889061 0.759513497353 0.000000000000
vt 0.481618165970 0.759513497353 0.000000000000
vt 0.481883049011 0.751224040985 0.000000000000
vt 0.695792913437 0.848811388016 0.000000000000
vt 0.693705081940 0.856840729713 0.000000000000
vt 0.676952004433 0.852088272572 0.000000000000
vt 0.679420828819 0.844167828560 0.000000000000
vt 0.664596676826 0.848024368286 0.000000000000
vt 0.667171716690 0.840138196945 0.000000000000
vt 0.970159649849 0.900427401066 0.000000000000
vt 0.973266601563 0.908115446568 0.000000000000
vt 0.962986826897 0.912066638470 0.000000000000
vt 0.960019350052 0.904323875904 0.000000000000
vt 0.707895398140 0.851740360260 0.000000000000
vt 0.706107258797 0.859842419624 0.000000000000
vt 0.596401572227 0.269648522139 0.000000000000
vt 0.597696423531 0.261453598738 0.000000000000
vt 0.628624796867 0.267291635275 0.000000000000
vt 0.626807808876 0.275387316942 0.000000000000
vt 0.565611720085 0.265809267759 0.000000000000
vt 0.566397547722 0.257550925016 0.000000000000
vt 0.898254632950 0.923769772053 0.000000000000
vt 0.900101065636 0.931855976582 0.000000000000
vt 0.872907519341 0.937097847462 0.000000000000
vt 0.871600627899 0.928905785084 0.000000000000
vt 0.534915566444 0.255573123693 0.000000000000
vt 0.534644007683 0.263863712549 0.000000000000
vt 0.844864130020 0.932375490665 0.000000000000
vt 0.845662593842 0.940633594990 0.000000000000
vt 0.947993755341 0.908963859081 0.000000000000
vt 0.950857400894 0.916745960712 0.000000000000
vt 0.934373021126 0.922334849834 0.000000000000
vt 0.931883573532 0.914424479008 0.000000000000
vt 0.919949531555 0.917959034443 0.000000000000
vt 0.922143578529 0.925957024097 0.000000000000
vt 0.983067274094 0.895016968250 0.000000000000
vt 0.986262679100 0.902668774128 0.000000000000
vt 0.654126882553 0.844594478607 0.000000000000
vt 0.656843662262 0.836756348610 0.000000000000
vt 0.640867233276 0.839807510376 0.000000000000
vt 0.643673658371 0.832001328468 0.000000000000
vt 0.335205376148 0.129692211747 0.000000000000
vt 0.338080883026 0.160739094019 0.000000000000
vt 0.313575863838 0.133397057652 0.000000000000
vt 0.307046979666 0.106915883720 0.000000000000
vt 0.326942205429 0.099474541843 0.000000000000
vt 0.294503182173 0.083500854671 0.000000000000
vt 0.277067482471 0.063421256840 0.000000000000
vt 0.291736155748 0.047454848886 0.000000000000
vt 0.312371820211 0.071540750563 0.000000000000
vt 0.271944910288 0.154234766960 0.000000000000
vt 0.288360297680 0.154222056270 0.000000000000
vt 0.262503772974 0.148277789354 0.000000000000
vt 0.262441933155 0.172935456038 0.000000000000
vt 0.254748821259 0.168006524444 0.000000000000
vt 0.300424456596 0.151738300920 0.000000000000
vt 0.335131287575 0.191772237420 0.000000000000
vt 0.326811075211 0.221958145499 0.000000000000
vt 0.306939184666 0.214486017823 0.000000000000
vt 0.313513427973 0.188023060560 0.000000000000
vt 0.312205016613 0.249846071005 0.000000000000
vt 0.294366747141 0.237869173288 0.000000000000
vt 0.288333624601 0.167121320963 0.000000000000
vt 0.271912962198 0.167025551200 0.000000000000
vt 0.300398916006 0.169648095965 0.000000000000
vt 0.247245043516 0.160567626357 0.000000000000
vt 0.254786789417 0.153168052435 0.000000000000
vt 0.995001196861 0.159380808473 0.000000000000
vt 0.992088675499 0.190147772431 0.000000000000
vt 0.963949561119 0.212544843554 0.000000000000
vt 0.970332920551 0.186262831092 0.000000000000
vt 0.983899891376 0.220079675317 0.000000000000
vt 0.934600353241 0.255682051182 0.000000000000
vt 0.951679170132 0.235729530454 0.000000000000
vt 0.969577193260 0.247761324048 0.000000000000
vt 0.949373841286 0.271623998880 0.000000000000
vt 0.946153879166 0.165589183569 0.000000000000
vt 0.930189847946 0.165586158633 0.000000000000
vt 0.920984387398 0.171337068081 0.000000000000
vt 0.913441896439 0.152208060026 0.000000000000
vt 0.920935511589 0.147579208016 0.000000000000
vt 0.957837820053 0.168015375733 0.000000000000
vt 0.992070615292 0.128618419170 0.000000000000
vt 0.983876824379 0.098686769605 0.000000000000
vt 0.970312535763 0.132512092590 0.000000000000
vt 0.963922917843 0.106222122908 0.000000000000
vt 0.969559490681 0.071002170444 0.000000000000
vt 0.951655566692 0.083028078079 0.000000000000
vt 0.930165469646 0.153292700648 0.000000000000
vt 0.946136116982 0.153228923678 0.000000000000
vt 0.957824587822 0.150776043534 0.000000000000
vt 0.906100511551 0.159489616752 0.000000000000
vt 0.913472652435 0.166739687324 0.000000000000
vt 0.201143264771 0.030267992988 0.000000000000
vt 0.171770527959 0.028602881357 0.000000000000
vt 0.171767771244 0.006160547026 0.000000000000
vt 0.204270616174 0.008712196723 0.000000000000
vt 0.236031681299 0.015992788598 0.000000000000
vt 0.229927018285 0.035844407976 0.000000000000
vt 0.265543401241 0.029091065750 0.000000000000
vt 0.255465567112 0.047058455646 0.000000000000
vt 0.178095176816 0.058700889349 0.000000000000
vt 0.178050562739 0.076762259007 0.000000000000
vt 0.171781659126 0.076673962176 0.000000000000
vt 0.171776548028 0.058775857091 0.000000000000
vt 0.184585928917 0.087075583637 0.000000000000
vt 0.171784788370 0.086168885231 0.000000000000
vt 0.164307609200 0.095409326255 0.000000000000
vt 0.158983170986 0.087083898485 0.000000000000
vt 0.171807721257 0.095080927014 0.000000000000
vt 0.180777400732 0.045327953994 0.000000000000
vt 0.171773478389 0.045003786683 0.000000000000
vt 0.142395496368 0.030276438221 0.000000000000
vt 0.139263898134 0.008719049394 0.000000000000
vt 0.113607779145 0.035859294236 0.000000000000
vt 0.107499673963 0.016004346311 0.000000000000
vt 0.077982403338 0.029107628390 0.000000000000
vt 0.088063366711 0.047078862786 0.000000000000
vt 0.165457814932 0.058704033494 0.000000000000
vt 0.165512591600 0.076766029000 0.000000000000
vt 0.162769228220 0.045332014561 0.000000000000
vt 0.171790719032 0.103145226836 0.000000000000
vt 0.179266974330 0.095403917134 0.000000000000
vt 0.831429064274 0.312571018934 0.000000000000
vt 0.831432998180 0.290467947721 0.000000000000
vt 0.860036373138 0.288503646851 0.000000000000
vt 0.863376617432 0.309994012117 0.000000000000
vt 0.888319373131 0.282969623804 0.000000000000
vt 0.894595980644 0.302717417479 0.000000000000
vt 0.923623561859 0.289735138416 0.000000000000
vt 0.913360774517 0.271877497435 0.000000000000
vt 0.831438064575 0.244209513068 0.000000000000
vt 0.837361216545 0.244168892503 0.000000000000
vt 0.837389647961 0.261501759291 0.000000000000
vt 0.831436693668 0.261454343796 0.000000000000
vt 0.843599021435 0.234247371554 0.000000000000
vt 0.831439256668 0.235176607966 0.000000000000
vt 0.819278478622 0.234244361520 0.000000000000
vt 0.824221968651 0.226257860661 0.000000000000
vt 0.831459879875 0.226641654968 0.000000000000
vt 0.831435501575 0.274670153856 0.000000000000
vt 0.839979112148 0.274307578802 0.000000000000
vt 0.799484312534 0.309982925653 0.000000000000
vt 0.802830994129 0.288494378328 0.000000000000
vt 0.774549186230 0.282952457666 0.000000000000
vt 0.768269121647 0.302697896957 0.000000000000
vt 0.749510169029 0.271858215332 0.000000000000
vt 0.739247798920 0.289712637663 0.000000000000
vt 0.825484037399 0.261500626802 0.000000000000
vt 0.825514733791 0.244167938828 0.000000000000
vt 0.822892248631 0.274305194616 0.000000000000
vt 0.831441700459 0.218788564205 0.000000000000
vt 0.838657796383 0.226260155439 0.000000000000
vt 0.359771251678 0.731538772583 0.000000000000
vt 0.389744997025 0.739286422729 0.000000000000
vt 0.387929499149 0.747376561165 0.000000000000
vt 0.357441484928 0.739495158195 0.000000000000
vt 0.863803863525 0.858352899551 0.000000000000
vt 0.890526294708 0.853629946709 0.000000000000
vt 0.892263174057 0.861743628979 0.000000000000
vt 0.864999175072 0.866564035416 0.000000000000
vt 0.420223414898 0.745164513588 0.000000000000
vt 0.418911695480 0.753352165222 0.000000000000
vt 0.837021470070 0.861407577991 0.000000000000
vt 0.837707757950 0.869677186012 0.000000000000
vt 0.451001286507 0.749165534973 0.000000000000
vt 0.450200855732 0.757419586182 0.000000000000
vt 0.924279928207 0.844805836678 0.000000000000
vt 0.940462231636 0.839595317841 0.000000000000
vt 0.943220257759 0.847419917583 0.000000000000
vt 0.926662206650 0.852753281593 0.000000000000
vt 0.952548861504 0.835142195225 0.000000000000
vt 0.955411314964 0.842928946018 0.000000000000
vt 0.659581303596 0.868963301182 0.000000000000
vt 0.669889569283 0.872382104397 0.000000000000
vt 0.667272090912 0.880258917809 0.000000000000
vt 0.656821846962 0.876791715622 0.000000000000
vt 0.912299156189 0.848155498505 0.000000000000
vt 0.914384722710 0.856186151505 0.000000000000
vt 0.583394229412 0.698936820030 0.000000000000
vt 0.613373160362 0.691186428070 0.000000000000
vt 0.615704059601 0.699144363403 0.000000000000
vt 0.585210204124 0.707028269768 0.000000000000
vt 0.552911520004 0.704817175865 0.000000000000
vt 0.554223656654 0.713005542755 0.000000000000
vt 0.732486009598 0.888922035694 0.000000000000
vt 0.759350061417 0.892805159092 0.000000000000
vt 0.758413076401 0.901051819324 0.000000000000
vt 0.731004714966 0.897088825703 0.000000000000
vt 0.522131800652 0.708819627762 0.000000000000
vt 0.522932648659 0.717074155807 0.000000000000
vt 0.786219358444 0.895018935204 0.000000000000
vt 0.785793423653 0.903306782246 0.000000000000
vt 0.682115674019 0.876455962658 0.000000000000
vt 0.698460936546 0.881158471107 0.000000000000
vt 0.696328520775 0.889179944992 0.000000000000
vt 0.679603934288 0.884366989136 0.000000000000
vt 0.710545182228 0.884131669998 0.000000000000
vt 0.708712577820 0.892227053642 0.000000000000
vt 0.646438717842 0.864161133766 0.000000000000
vt 0.643589854240 0.871957361698 0.000000000000
vt 0.962739825249 0.831403672695 0.000000000000
vt 0.965742111206 0.839137256145 0.000000000000
vt 0.975718021393 0.826194107533 0.000000000000
vt 0.978809118271 0.833892822266 0.000000000000
vt 0.171767681837 0.005421236157 0.000000000000
vt 0.204375788569 0.007975635119 0.000000000000
vt 0.229719340801 0.036546036601 0.000000000000
vt 0.201149046421 0.031035905704 0.000000000000
vt 0.236256942153 0.015287620947 0.000000000000
vt 0.255119025707 0.047678314149 0.000000000000
vt 0.265906989574 0.028453929350 0.000000000000
vt 0.178825110197 0.058721326292 0.000000000000
vt 0.178779691458 0.076729007065 0.000000000000
vt 0.185279622674 0.087103821337 0.000000000000
vt 0.163665473461 0.095568932593 0.000000000000
vt 0.158289521933 0.087112598121 0.000000000000
vt 0.181523680687 0.045505620539 0.000000000000
vt 0.139158546925 0.007982287556 0.000000000000
vt 0.107274301350 0.015298997983 0.000000000000
vt 0.142389893532 0.031044354662 0.000000000000
vt 0.113815777004 0.036561056972 0.000000000000
vt 0.077618762851 0.028470365331 0.000000000000
vt 0.088410004973 0.047698743641 0.000000000000
vt 0.164783522487 0.076733075082 0.000000000000
vt 0.164727866650 0.058724775910 0.000000000000
vt 0.162023067474 0.045509956777 0.000000000000
vt 0.171790406108 0.103823602200 0.000000000000
vt 0.179909229279 0.095562957227 0.000000000000
vt 0.863481938839 0.310723751783 0.000000000000
vt 0.831428885460 0.313309222460 0.000000000000
vt 0.860043287277 0.287730216980 0.000000000000
vt 0.888110756874 0.282269418240 0.000000000000
vt 0.894822001457 0.303416311741 0.000000000000
vt 0.913012623787 0.271258831024 0.000000000000
vt 0.923986136913 0.290366619825 0.000000000000
vt 0.838073968887 0.244198635221 0.000000000000
vt 0.838105559349 0.261481881142 0.000000000000
vt 0.844265401363 0.234221085906 0.000000000000
vt 0.818612217903 0.234217897058 0.000000000000
vt 0.823593974113 0.226094782352 0.000000000000
vt 0.840711772442 0.274125337601 0.000000000000
vt 0.799378931522 0.310712933540 0.000000000000
vt 0.768043100834 0.303396672010 0.000000000000
vt 0.774758160114 0.282252281904 0.000000000000
vt 0.802824437618 0.287721037865 0.000000000000
vt 0.738885223866 0.290344059467 0.000000000000
vt 0.749858200550 0.271239727736 0.000000000000
vt 0.824768006802 0.261480599642 0.000000000000
vt 0.824801981449 0.244197681546 0.000000000000
vt 0.822159588337 0.274122983217 0.000000000000
vt 0.831441283226 0.218130365014 0.000000000000
vt 0.839285850525 0.226097330451 0.000000000000
vt 0.167572125793 0.785492658615 0.000000000000
vt 0.156175658107 0.785738825798 0.000000000000
vt 0.160584077239 0.774308741093 0.000000000000
vt 0.171978935599 0.769910693169 0.000000000000
vt 0.172206506133 0.781338632107 0.000000000000
vt 0.155165299773 0.802547872066 0.000000000000
vt 0.151935800910 0.805779635906 0.000000000000
vt 0.144096121192 0.785726368427 0.000000000000
vt 0.148516520858 0.785728871822 0.000000000000
vt 0.188791260123 0.768906414509 0.000000000000
vt 0.192021116614 0.765674591064 0.000000000000
vt 0.199860200286 0.785728216171 0.000000000000
vt 0.195439741015 0.785725653172 0.000000000000
vt 0.176384314895 0.785961806774 0.000000000000
vt 0.187780722976 0.785715520382 0.000000000000
vt 0.183372244239 0.797145187855 0.000000000000
vt 0.171977624297 0.801543295383 0.000000000000
vt 0.171749934554 0.790115714073 0.000000000000
vt 0.151949986815 0.765661358833 0.000000000000
vt 0.155177816749 0.768897116184 0.000000000000
vt 0.160566672683 0.797134518623 0.000000000000
vt 0.183389946818 0.774319529533 0.000000000000
vt 0.192006275058 0.805792748928 0.000000000000
vt 0.188778445125 0.802556931973 0.000000000000
vt 0.171988233924 0.757812976837 0.000000000000
vt 0.171986386180 0.762239515781 0.000000000000
vt 0.171968147159 0.813640832901 0.000000000000
vt 0.171970233321 0.809214293957 0.000000000000
vt 0.175716742873 0.703572273254 0.000000000000
vt 0.175716623664 0.722096145153 0.000000000000
vt 0.162591561675 0.716714620590 0.000000000000
vt 0.157217368484 0.703571975231 0.000000000000
vt 0.148706659675 0.703571975231 0.000000000000
vt 0.156549677253 0.684379279613 0.000000000000
vt 0.162591859698 0.690429270267 0.000000000000
vt 0.202726647258 0.703572392464 0.000000000000
vt 0.194883570075 0.722764909267 0.000000000000
vt 0.188841804862 0.716715037823 0.000000000000
vt 0.194215938449 0.703572392464 0.000000000000
vt 0.175717160106 0.685048222542 0.000000000000
vt 0.188842222095 0.690429627895 0.000000000000
vt 0.156549260020 0.722764551640 0.000000000000
vt 0.194884285331 0.684379756451 0.000000000000
vt 0.175716385245 0.730618119240 0.000000000000
vt 0.175717219710 0.676526248455 0.000000000000
vt 0.252266824245 0.720992863178 0.000000000000
vt 0.231061756611 0.720992863178 0.000000000000
vt 0.231061756611 0.715000271797 0.000000000000
vt 0.252266824245 0.715000271797 0.000000000000
vt 0.294654428959 0.692601799965 0.000000000000
vt 0.315854132175 0.692601799965 0.000000000000
vt 0.315854132175 0.698587179184 0.000000000000
vt 0.294654428959 0.698587179184 0.000000000000
vt 0.231055438519 0.692601799965 0.000000000000
vt 0.252234876156 0.692601799965 0.000000000000
vt 0.252234876156 0.698587179184 0.000000000000
vt 0.231055438519 0.698587179184 0.000000000000
vt 0.315797984600 0.720992863178 0.000000000000
vt 0.294679939747 0.720992863178 0.000000000000
vt 0.294679939747 0.715000271797 0.000000000000
vt 0.315797984600 0.715000271797 0.000000000000
vt 0.273445665836 0.692601799965 0.000000000000
vt 0.273445665836 0.698587179184 0.000000000000
vt 0.273474276066 0.720992863178 0.000000000000
vt 0.273474276066 0.715000271797 0.000000000000
vt 0.157700762153 0.771423459053 0.000000000000
vt 0.152002915740 0.785732388496 0.000000000000
vt 0.171983227134 0.765731155872 0.000000000000
vt 0.186269626021 0.771432399750 0.000000000000
vt 0.191953584552 0.785721719265 0.000000000000
vt 0.186255678535 0.800030589104 0.000000000000
vt 0.171973094344 0.805723130703 0.000000000000
vt 0.157686814666 0.800022125244 0.000000000000
vt 0.151380166411 0.806335210800 0.000000000000
vt 0.143282100558 0.785725951195 0.000000000000
vt 0.192576572299 0.765119075775 0.000000000000
vt 0.200674280524 0.785728573799 0.000000000000
vt 0.151394769549 0.765104770660 0.000000000000
vt 0.192561253905 0.806349158287 0.000000000000
vt 0.171988412738 0.756997704506 0.000000000000
vt 0.171968027949 0.814456403255 0.000000000000
vt 0.147962853312 0.703572273254 0.000000000000
vt 0.156001791358 0.683830738068 0.000000000000
vt 0.203470274806 0.703572392464 0.000000000000
vt 0.195431515574 0.723313748837 0.000000000000
vt 0.156001254916 0.723313093185 0.000000000000
vt 0.195432111621 0.683831334114 0.000000000000
vt 0.175716683269 0.731362998486 0.000000000000
vt 0.175717219710 0.675781428814 0.000000000000
vt 0.559787988663 0.510868310928 0.000000000000
vt 0.569529771805 0.521838188171 0.000000000000
vt 0.569458127022 0.549410343170 0.000000000000
vt 0.548825383186 0.524741292000 0.000000000000
vt 0.543194651604 0.492078930140 0.000000000000
vt 0.530091524124 0.505323648453 0.000000000000
vt 0.523790478706 0.474074989557 0.000000000000
vt 0.510771512985 0.487436085939 0.000000000000
vt 0.490092545748 0.471107631922 0.000000000000
vt 0.504148244858 0.458758026361 0.000000000000
vt 0.500051617622 0.455521851778 0.000000000000
vt 0.468191355467 0.455594211817 0.000000000000
vt 0.569197058678 0.361371308565 0.000000000000
vt 0.569300770760 0.388933330774 0.000000000000
vt 0.559630990028 0.399804294109 0.000000000000
vt 0.548759222031 0.385994851589 0.000000000000
vt 0.543124794960 0.418517470360 0.000000000000
vt 0.530072450638 0.405318349600 0.000000000000
vt 0.523776412010 0.436483293772 0.000000000000
vt 0.510784029961 0.423136293888 0.000000000000
vt 0.490113407373 0.439418405294 0.000000000000
vt 0.504146099091 0.451796382666 0.000000000000
vt 0.500049114227 0.455042034388 0.000000000000
vt 0.468205243349 0.455026894808 0.000000000000
vt 0.570019960403 0.549424767494 0.000000000000
vt 0.569918990135 0.521836042404 0.000000000000
vt 0.579594969749 0.510955572128 0.000000000000
vt 0.590480566025 0.524775862694 0.000000000000
vt 0.596107363701 0.492219597101 0.000000000000
vt 0.609179615974 0.505423426628 0.000000000000
vt 0.615458726883 0.474225550890 0.000000000000
vt 0.628473281860 0.487572103739 0.000000000000
vt 0.649142026901 0.471253722906 0.000000000000
vt 0.635087490082 0.458884149790 0.000000000000
vt 0.639183402061 0.455634742975 0.000000000000
vt 0.671036481857 0.455609351397 0.000000000000
vt 0.579430341721 0.399889975786 0.000000000000
vt 0.569691300392 0.388931214809 0.000000000000
vt 0.569757342339 0.361385494471 0.000000000000
vt 0.590375900269 0.386022835970 0.000000000000
vt 0.596024632454 0.418654531240 0.000000000000
vt 0.609107255936 0.405408561230 0.000000000000
vt 0.615433454514 0.436630517244 0.000000000000
vt 0.628431797028 0.423263102770 0.000000000000
vt 0.649121880531 0.439558714628 0.000000000000
vt 0.635084033012 0.451921731234 0.000000000000
vt 0.639182567596 0.455154985189 0.000000000000
vt 0.671045660973 0.455041676760 0.000000000000
vt 0.427496999502 0.449695527554 0.000000000000
vt 0.427485167980 0.477182567120 0.000000000000
vt 0.417913973331 0.488027751446 0.000000000000
vt 0.406888574362 0.474254280329 0.000000000000
vt 0.401595860720 0.506800055504 0.000000000000
vt 0.388401299715 0.493654191494 0.000000000000
vt 0.382424980402 0.524784386158 0.000000000000
vt 0.369398295879 0.511509060860 0.000000000000
vt 0.363019853830 0.540159940720 0.000000000000
vt 0.348925560713 0.527922332287 0.000000000000
vt 0.358884125948 0.543473839760 0.000000000000
vt 0.327230900526 0.543590068817 0.000000000000
vt 0.418066412210 0.599554657936 0.000000000000
vt 0.427707076073 0.610480308533 0.000000000000
vt 0.427768379450 0.637947201729 0.000000000000
vt 0.406971514225 0.613384723663 0.000000000000
vt 0.388442635536 0.593926668167 0.000000000000
vt 0.401664495468 0.580737709999 0.000000000000
vt 0.369410425425 0.576038420200 0.000000000000
vt 0.382440507412 0.562747478485 0.000000000000
vt 0.348925918341 0.559613347054 0.000000000000
vt 0.363022148609 0.547396063805 0.000000000000
vt 0.327219218016 0.544072508812 0.000000000000
vt 0.358886152506 0.544094800949 0.000000000000
vt 0.437671184540 0.488107353449 0.000000000000
vt 0.428030699492 0.477179288864 0.000000000000
vt 0.427971482277 0.449709564447 0.000000000000
vt 0.448768883944 0.474276721478 0.000000000000
vt 0.467297732830 0.493739128113 0.000000000000
vt 0.454072922468 0.506927669048 0.000000000000
vt 0.486328899860 0.511631906033 0.000000000000
vt 0.473296582699 0.524921655655 0.000000000000
vt 0.506811082363 0.528060555458 0.000000000000
vt 0.492713272572 0.540275394917 0.000000000000
vt 0.528513669968 0.543603479862 0.000000000000
vt 0.496849089861 0.543576598167 0.000000000000
vt 0.428242772818 0.637961268425 0.000000000000
vt 0.428252816200 0.610477149487 0.000000000000
vt 0.437822729349 0.599632143974 0.000000000000
vt 0.448847055435 0.613403737545 0.000000000000
vt 0.454139798880 0.580862402916 0.000000000000
vt 0.467332005501 0.594007372856 0.000000000000
vt 0.473310470581 0.562882006168 0.000000000000
vt 0.486333787441 0.576156795025 0.000000000000
vt 0.492715328932 0.547510564327 0.000000000000
vt 0.506806492805 0.559748888016 0.000000000000
vt 0.496851146221 0.544197797775 0.000000000000
vt 0.528501629829 0.544086098671 0.000000000000
vt 0.634173989296 0.597339689732 0.000000000000
vt 0.617089867592 0.597870647907 0.000000000000
vt 0.617043614388 0.596331417561 0.000000000000
vt 0.634044170380 0.595720708370 0.000000000000
vt 0.110045641661 0.825410008430 0.000000000000
vt 0.104950010777 0.867989540100 0.000000000000
vt 0.103439003229 0.867800474167 0.000000000000
vt 0.108528554440 0.825277924538 0.000000000000
vt 0.594369590282 0.597870528698 0.000000000000
vt 0.594398856163 0.596416413784 0.000000000000
vt 0.111199438572 0.801104187965 0.000000000000
vt 0.109677255154 0.801072597504 0.000000000000
vt 0.571571648121 0.596874296665 0.000000000000
vt 0.571653842926 0.595420777798 0.000000000000
vt 0.111199229956 0.776934385300 0.000000000000
vt 0.109677284956 0.776977419853 0.000000000000
vt 0.549248039722 0.595237553120 0.000000000000
vt 0.549380183220 0.593703567982 0.000000000000
vt 0.109971851110 0.752987980843 0.000000000000
vt 0.108454734087 0.753114223480 0.000000000000
vt 0.543952524662 0.594698131084 0.000000000000
vt 0.544150531292 0.593102633953 0.000000000000
vt 0.106518357992 0.721904158592 0.000000000000
vt 0.105005562305 0.722073674202 0.000000000000
vt 0.161688879132 0.868247449398 0.000000000000
vt 0.162953570485 0.851307213306 0.000000000000
vt 0.164555504918 0.851505935192 0.000000000000
vt 0.163215592504 0.868359744549 0.000000000000
vt 0.648100078106 0.656912922859 0.000000000000
vt 0.605531871319 0.662026822567 0.000000000000
vt 0.605399310589 0.660510063171 0.000000000000
vt 0.647910416126 0.655402183533 0.000000000000
vt 0.581229448318 0.663186073303 0.000000000000
vt 0.581197857857 0.661663949490 0.000000000000
vt 0.160707429051 0.890812456608 0.000000000000
vt 0.162152960896 0.890846073627 0.000000000000
vt 0.557060897350 0.663186073303 0.000000000000
vt 0.557104289532 0.661664426327 0.000000000000
vt 0.160707429051 0.913502633572 0.000000000000
vt 0.162154868245 0.913484632969 0.000000000000
vt 0.533111810684 0.661953687668 0.000000000000
vt 0.533238649368 0.660436153412 0.000000000000
vt 0.161369755864 0.935763180256 0.000000000000
vt 0.162883237004 0.935702979565 0.000000000000
vt 0.502016723156 0.658487558365 0.000000000000
vt 0.502186954021 0.656974434853 0.000000000000
vt 0.161604598165 0.941679298878 0.000000000000
vt 0.163433745503 0.941532790661 0.000000000000
vt 0.134553372860 0.921978533268 0.000000000000
vt 0.133262455463 0.940483987331 0.000000000000
vt 0.131517529488 0.940229594707 0.000000000000
vt 0.133050739765 0.921867549419 0.000000000000
vt 0.434827864170 0.167437225580 0.000000000000
vt 0.477383077145 0.162324458361 0.000000000000
vt 0.477517783642 0.163841038942 0.000000000000
vt 0.435019075871 0.168947368860 0.000000000000
vt 0.501684963703 0.161165386438 0.000000000000
vt 0.501718580723 0.162687450647 0.000000000000
vt 0.135536134243 0.899609625340 0.000000000000
vt 0.134103298187 0.899576246738 0.000000000000
vt 0.525857269764 0.161165505648 0.000000000000
vt 0.525816023350 0.162687450647 0.000000000000
vt 0.135536074638 0.877119004726 0.000000000000
vt 0.134101033211 0.877137124538 0.000000000000
vt 0.549812138081 0.162398725748 0.000000000000
vt 0.549687325954 0.163916140795 0.000000000000
vt 0.134886145592 0.855062901974 0.000000000000
vt 0.133369386196 0.855127036572 0.000000000000
vt 0.580915749073 0.165866047144 0.000000000000
vt 0.580747663975 0.167379289865 0.000000000000
vt 0.134582698345 0.849823653698 0.000000000000
vt 0.133002758026 0.849949896336 0.000000000000
vt 0.189259424806 0.852402091026 0.000000000000
vt 0.190559640527 0.870767354965 0.000000000000
vt 0.189064636827 0.870876431465 0.000000000000
vt 0.187514558434 0.852575540543 0.000000000000
vt 0.549499094486 0.642390370369 0.000000000000
vt 0.506923079491 0.637294411659 0.000000000000
vt 0.507111608982 0.635783076286 0.000000000000
vt 0.549631297588 0.640873312950 0.000000000000
vt 0.191534891725 0.893012881279 0.000000000000
vt 0.190110102296 0.893045902252 0.000000000000
vt 0.573804616928 0.643543839455 0.000000000000
vt 0.573836028576 0.642021656036 0.000000000000
vt 0.191534891725 0.915376424789 0.000000000000
vt 0.190108433366 0.915358543396 0.000000000000
vt 0.597974061966 0.643543243408 0.000000000000
vt 0.597930848598 0.642021656036 0.000000000000
vt 0.190877094865 0.937312245369 0.000000000000
vt 0.189386263490 0.937248706818 0.000000000000
vt 0.621922373772 0.642315149307 0.000000000000
vt 0.621795773506 0.640798091888 0.000000000000
vt 0.190666809678 0.943173885345 0.000000000000
vt 0.188866630197 0.942965745926 0.000000000000
vt 0.653009891510 0.638860344887 0.000000000000
vt 0.652840256691 0.637347579002 0.000000000000
vt 0.548482060432 0.525139927864 0.000000000000
vt 0.569398403168 0.550205051899 0.000000000000
vt 0.529774188995 0.505664229393 0.000000000000
vt 0.510453462601 0.487769633532 0.000000000000
vt 0.489739269018 0.471441656351 0.000000000000
vt 0.467430740595 0.455648928881 0.000000000000
vt 0.569122910500 0.360606312752 0.000000000000
vt 0.548416376114 0.385598450899 0.000000000000
vt 0.529756426811 0.404978156090 0.000000000000
vt 0.510466933250 0.422803074121 0.000000000000
vt 0.489759951830 0.439084798098 0.000000000000
vt 0.467420130968 0.454983085394 0.000000000000
vt 0.570094227791 0.550190865993 0.000000000000
vt 0.590823888779 0.525172352791 0.000000000000
vt 0.609496116638 0.505763590336 0.000000000000
vt 0.628790736198 0.487905174494 0.000000000000
vt 0.649496197701 0.471587091684 0.000000000000
vt 0.671824693680 0.455648809671 0.000000000000
vt 0.590718865395 0.385625034571 0.000000000000
vt 0.569816946983 0.360591679811 0.000000000000
vt 0.609424114227 0.405067652464 0.000000000000
vt 0.628749251366 0.422929465771 0.000000000000
vt 0.649474501610 0.439224332571 0.000000000000
vt 0.671803951263 0.454982906580 0.000000000000
vt 0.427411258221 0.448957175016 0.000000000000
vt 0.406550288200 0.473854988813 0.000000000000
vt 0.388087958097 0.493323892355 0.000000000000
vt 0.369081735611 0.511183500290 0.000000000000
vt 0.348570495844 0.527593255043 0.000000000000
vt 0.326475977898 0.543535649776 0.000000000000
vt 0.406633198261 0.613785982132 0.000000000000
vt 0.427695780993 0.638715684414 0.000000000000
vt 0.388128489256 0.594257593155 0.000000000000
vt 0.369093358517 0.576364278793 0.000000000000
vt 0.348571658134 0.559942960739 0.000000000000
vt 0.326493173838 0.544140934944 0.000000000000
vt 0.449107259512 0.473875373602 0.000000000000
vt 0.428044110537 0.448940813541 0.000000000000
vt 0.467611730099 0.493408262730 0.000000000000
vt 0.486646085978 0.511305570602 0.000000000000
vt 0.507165610790 0.527731060982 0.000000000000
vt 0.529240071774 0.543535232544 0.000000000000
vt 0.428328365088 0.638699352741 0.000000000000
vt 0.449185192585 0.613803029060 0.000000000000
vt 0.467645198107 0.594337582588 0.000000000000
vt 0.486650317907 0.576482653618 0.000000000000
vt 0.507161259651 0.560077965260 0.000000000000
vt 0.529256045818 0.544140756130 0.000000000000
vt 0.133143842220 0.940799772739 0.000000000000
vt 0.131543278694 0.940592110157 0.000000000000
vt 0.434746325016 0.168982356787 0.000000000000
vt 0.434555113316 0.167471915483 0.000000000000
vt 0.163386538625 0.941855967045 0.000000000000
vt 0.161707118154 0.942017018795 0.000000000000
vt 0.106490463018 0.721653103828 0.000000000000
vt 0.104977965355 0.721822619438 0.000000000000
vt 0.187553539872 0.852241277695 0.000000000000
vt 0.189148083329 0.852058529854 0.000000000000
vt 0.648373425007 0.656878411770 0.000000000000
vt 0.648183524609 0.655367493629 0.000000000000
vt 0.653091251850 0.637319684029 0.000000000000
vt 0.653261005878 0.638832330704 0.000000000000
vt 0.190560951829 0.943479776382 0.000000000000
vt 0.188903227448 0.943310976028 0.000000000000
vt 0.634403467178 0.597643673420 0.000000000000
vt 0.617129087448 0.598258674145 0.000000000000
vt 0.594363927841 0.598271548748 0.000000000000
vt 0.571529865265 0.597267746925 0.000000000000
vt 0.549169421196 0.595615208149 0.000000000000
vt 0.543703079224 0.594979345798 0.000000000000
vt 0.161305144429 0.868191897869 0.000000000000
vt 0.162661746144 0.851066172123 0.000000000000
vt 0.160309031606 0.890800416470 0.000000000000
vt 0.160314276814 0.913526952267 0.000000000000
vt 0.160988166928 0.935821235180 0.000000000000
vt 0.161258891225 0.941885650158 0.000000000000
vt 0.134936034679 0.922032773495 0.000000000000
vt 0.133587419987 0.940675079823 0.000000000000
vt 0.135931074619 0.899621546268 0.000000000000
vt 0.135925352573 0.877094805241 0.000000000000
vt 0.135261178017 0.855001747608 0.000000000000
vt 0.134870707989 0.849590003490 0.000000000000
vt 0.189590230584 0.852193951607 0.000000000000
vt 0.190939441323 0.870713233948 0.000000000000
vt 0.191927567124 0.893000841141 0.000000000000
vt 0.191922083497 0.915400624275 0.000000000000
vt 0.191254273057 0.937368988991 0.000000000000
vt 0.191001549363 0.943358778954 0.000000000000
vt 0.617063760757 0.595945179462 0.000000000000
vt 0.634227395058 0.595387101173 0.000000000000
vt 0.594409584999 0.596018373966 0.000000000000
vt 0.571657061577 0.595026433468 0.000000000000
vt 0.549369335175 0.593318939209 0.000000000000
vt 0.543975770473 0.592763483524 0.000000000000
vt 0.164894536138 0.851338326931 0.000000000000
vt 0.163600161672 0.868356645107 0.000000000000
vt 0.162548616529 0.890852749348 0.000000000000
vt 0.162546589971 0.913498461246 0.000000000000
vt 0.163267329335 0.935725867748 0.000000000000
vt 0.163805201650 0.941658675671 0.000000000000
vt 0.131142735481 0.940351545811 0.000000000000
vt 0.132668197155 0.921869456768 0.000000000000
vt 0.133711159229 0.899569928646 0.000000000000
vt 0.133712589741 0.877123415470 0.000000000000
vt 0.132991194725 0.855099737644 0.000000000000
vt 0.132676541805 0.849763095379 0.000000000000
vt 0.188683882356 0.870874166489 0.000000000000
vt 0.187152758241 0.852470040321 0.000000000000
vt 0.189719691873 0.893052577972 0.000000000000
vt 0.189722195268 0.915372133255 0.000000000000
vt 0.189008608460 0.937271237373 0.000000000000
vt 0.188491001725 0.943107247353 0.000000000000
vt 0.161386683583 0.942151963711 0.000000000000
vt 0.189454808831 0.851922988892 0.000000000000
vt 0.133451044559 0.940951645374 0.000000000000
vt 0.190876141191 0.943626642227 0.000000000000
vt 0.163730576634 0.941945731640 0.000000000000
vt 0.187218561769 0.852168679237 0.000000000000
vt 0.131209552288 0.940649688244 0.000000000000
vt 0.188566103578 0.943385124207 0.000000000000
vt 0.380708098412 0.917169630527 0.000000000000
vt 0.378213167191 0.921853244305 0.000000000000
vt 0.365257740021 0.914020657539 0.000000000000
vt 0.367287278175 0.908013582230 0.000000000000
vt 0.704007625580 0.752927064896 0.000000000000
vt 0.700240492821 0.756685853004 0.000000000000
vt 0.689443230629 0.747970104218 0.000000000000
vt 0.693099498749 0.742854356766 0.000000000000
vt 0.680696249008 0.740128278732 0.000000000000
vt 0.684752941132 0.733768939972 0.000000000000
vt 0.353558242321 0.906630039215 0.000000000000
vt 0.355901718140 0.899457514286 0.000000000000
vt 0.406217932701 0.934994161129 0.000000000000
vt 0.392051815987 0.928831040859 0.000000000000
vt 0.394630372524 0.924979627132 0.000000000000
vt 0.408526301384 0.931575000286 0.000000000000
vt 0.727520346642 0.773607730865 0.000000000000
vt 0.713310241699 0.765409111977 0.000000000000
vt 0.716895103455 0.762363433838 0.000000000000
vt 0.730689525604 0.770852446556 0.000000000000
vt 0.432768106461 0.946008086205 0.000000000000
vt 0.420500457287 0.940748155117 0.000000000000
vt 0.422227025032 0.937181532383 0.000000000000
vt 0.435242593288 0.941016316414 0.000000000000
vt 0.755967617035 0.786764621735 0.000000000000
vt 0.741661787033 0.780740380287 0.000000000000
vt 0.744650244713 0.777990341187 0.000000000000
vt 0.759490728378 0.782313108444 0.000000000000
vt 0.446625649929 0.948261737823 0.000000000000
vt 0.448582112789 0.943313777447 0.000000000000
vt 0.462147355080 0.944638371468 0.000000000000
vt 0.461003899574 0.949670255184 0.000000000000
vt 0.770854473114 0.791094660759 0.000000000000
vt 0.773370742798 0.786421537399 0.000000000000
vt 0.787670135498 0.789372086525 0.000000000000
vt 0.786052346230 0.794231295586 0.000000000000
vt 0.802022576332 0.791687726974 0.000000000000
vt 0.801112890244 0.796466350555 0.000000000000
vt 0.475980162621 0.945906877518 0.000000000000
vt 0.475496172905 0.950761318207 0.000000000000
vt 0.243712842464 0.738522648811 0.000000000000
vt 0.259056866169 0.740750193596 0.000000000000
vt 0.258449852467 0.745919466019 0.000000000000
vt 0.244056403637 0.744458496571 0.000000000000
vt 0.231185853481 0.742180585861 0.000000000000
vt 0.230704128742 0.736327052116 0.000000000000
vt 0.290752470493 0.741740822792 0.000000000000
vt 0.289958298206 0.744902670383 0.000000000000
vt 0.274074614048 0.745919466019 0.000000000000
vt 0.275009930134 0.741760015488 0.000000000000
vt 0.305926144123 0.741243600845 0.000000000000
vt 0.309817612171 0.741307616234 0.000000000000
vt 0.305907189846 0.742596507072 0.000000000000
vt 0.488438129425 0.946869432926 0.000000000000
vt 0.488437891006 0.951504051685 0.000000000000
vt 0.815211534500 0.793390870094 0.000000000000
vt 0.814956188202 0.798002719879 0.000000000000
vt 0.602139472961 0.811177551746 0.000000000000
vt 0.591417193413 0.821948409081 0.000000000000
vt 0.585827469826 0.815768718719 0.000000000000
vt 0.596428930759 0.803846359253 0.000000000000
vt 0.377963513136 0.144218355417 0.000000000000
vt 0.389189094305 0.136079996824 0.000000000000
vt 0.394476622343 0.142521232367 0.000000000000
vt 0.383316397667 0.151815682650 0.000000000000
vt 0.373269826174 0.161809116602 0.000000000000
vt 0.367870241404 0.152449697256 0.000000000000
vt 0.606509804726 0.791159689426 0.000000000000
vt 0.612351655960 0.800248026848 0.000000000000
vt 0.574155151844 0.826195240021 0.000000000000
vt 0.579332232475 0.831842005253 0.000000000000
vt 0.566599428654 0.840656518936 0.000000000000
vt 0.562018632889 0.835192620754 0.000000000000
vt 0.407598912716 0.133995682001 0.000000000000
vt 0.402698606253 0.128106325865 0.000000000000
vt 0.417295396328 0.120740212500 0.000000000000
vt 0.421609550714 0.126417428255 0.000000000000
vt 0.431789457798 0.114428199828 0.000000000000
vt 0.435600042343 0.120234943926 0.000000000000
vt 0.554123461246 0.848427295685 0.000000000000
vt 0.550039052963 0.842809081078 0.000000000000
vt 0.512216269970 0.854857385159 0.000000000000
vt 0.525283932686 0.852350592613 0.000000000000
vt 0.528408288956 0.860032021999 0.000000000000
vt 0.514262795448 0.862754464149 0.000000000000
vt 0.478701829910 0.111794330180 0.000000000000
vt 0.464443296194 0.113839127123 0.000000000000
vt 0.461688935757 0.106019765139 0.000000000000
vt 0.477034419775 0.103809267282 0.000000000000
vt 0.450454056263 0.117089368403 0.000000000000
vt 0.446488648653 0.109431780875 0.000000000000
vt 0.537901639938 0.848656177521 0.000000000000
vt 0.542227745056 0.856117844582 0.000000000000
vt 0.492174386978 0.102425247431 0.000000000000
vt 0.493061661720 0.110287226737 0.000000000000
vt 0.499990463257 0.864944815636 0.000000000000
vt 0.498729944229 0.857133626938 0.000000000000
vt 0.261926114559 0.809431910515 0.000000000000
vt 0.262856066227 0.817593038082 0.000000000000
vt 0.247863233089 0.820068299770 0.000000000000
vt 0.247506201267 0.811146378517 0.000000000000
vt 0.233192265034 0.822970807552 0.000000000000
vt 0.233642280102 0.814053952694 0.000000000000
vt 0.277576744556 0.809431910515 0.000000000000
vt 0.293458759785 0.810710906982 0.000000000000
vt 0.293931066990 0.816914081573 0.000000000000
vt 0.278445184231 0.816626548767 0.000000000000
vt 0.308565914631 0.813150227070 0.000000000000
vt 0.308599293232 0.817898035049 0.000000000000
vt 0.486706495285 0.859029889107 0.000000000000
vt 0.487071692944 0.866677999496 0.000000000000
vt 0.506047427654 0.109171308577 0.000000000000
vt 0.506046891212 0.101529091597 0.000000000000
vt 0.379074573517 0.957478225231 0.000000000000
vt 0.365116894245 0.949558138847 0.000000000000
vt 0.366123259068 0.947859406471 0.000000000000
vt 0.379980146885 0.955728352070 0.000000000000
vt 0.023109333590 0.960271775723 0.000000000000
vt 0.037057980895 0.960174858570 0.000000000000
vt 0.037080738693 0.962179422379 0.000000000000
vt 0.023120053113 0.962263226509 0.000000000000
vt 0.251706898212 0.666572511196 0.000000000000
vt 0.262514293194 0.666572451591 0.000000000000
vt 0.262511312962 0.668551921844 0.000000000000
vt 0.251707017422 0.668551623821 0.000000000000
vt 0.009999999776 0.960328757763 0.000000000000
vt 0.010012284853 0.962322592735 0.000000000000
vt 0.231977045536 0.666572451591 0.000000000000
vt 0.242783963680 0.666572570801 0.000000000000
vt 0.242781579494 0.668551623821 0.000000000000
vt 0.231977045536 0.668551683426 0.000000000000
vt 0.351396620274 0.941073656082 0.000000000000
vt 0.352428257465 0.939399361610 0.000000000000
vt 0.407506942749 0.969838321209 0.000000000000
vt 0.393366634846 0.964217305183 0.000000000000
vt 0.394151270390 0.962400972843 0.000000000000
vt 0.408188939095 0.967973232269 0.000000000000
vt 0.052822895348 0.959956645966 0.000000000000
vt 0.069139286876 0.959751665592 0.000000000000
vt 0.069158144295 0.961728334427 0.000000000000
vt 0.052853465080 0.961943686008 0.000000000000
vt 0.434374272823 0.977942228317 0.000000000000
vt 0.421372890472 0.974522173405 0.000000000000
vt 0.421653091908 0.972532808781 0.000000000000
vt 0.434795796871 0.975997030735 0.000000000000
vt 0.084831230342 0.959712862968 0.000000000000
vt 0.100184470415 0.959636032581 0.000000000000
vt 0.100215263665 0.961589574814 0.000000000000
vt 0.084845229983 0.961683273315 0.000000000000
vt 0.460674405098 0.981638610363 0.000000000000
vt 0.447509884834 0.980206191540 0.000000000000
vt 0.447782039642 0.978265941143 0.000000000000
vt 0.460856080055 0.979692220688 0.000000000000
vt 0.115597218275 0.959273517132 0.000000000000
vt 0.130995005369 0.958860754967 0.000000000000
vt 0.131038054824 0.960838973522 0.000000000000
vt 0.115641154349 0.961245000362 0.000000000000
vt 0.146121621132 0.958592176437 0.000000000000
vt 0.146151050925 0.960559546947 0.000000000000
vt 0.474159121513 0.982668876648 0.000000000000
vt 0.474294841290 0.980712473392 0.000000000000
vt 0.486371338367 0.983403086662 0.000000000000
vt 0.486372530460 0.981427729130 0.000000000000
vt 0.159963041544 0.958406031132 0.000000000000
vt 0.159977480769 0.960377871990 0.000000000000
vt 0.023098368198 0.958107411861 0.000000000000
vt 0.037034027278 0.957993805408 0.000000000000
vt 0.011302588508 0.958138108253 0.000000000000
vt 0.253685295582 0.664422154427 0.000000000000
vt 0.261218369007 0.664415955544 0.000000000000
vt 0.684996008873 0.730846524239 0.000000000000
vt 0.694629669189 0.741326451302 0.000000000000
vt 0.705379486084 0.751256227493 0.000000000000
vt 0.718096375465 0.760567903519 0.000000000000
vt 0.731742143631 0.768969893456 0.000000000000
vt 0.745353221893 0.775898814201 0.000000000000
vt 0.760093212128 0.780246138573 0.000000000000
vt 0.773892402649 0.784325957298 0.000000000000
vt 0.788056850433 0.787253975868 0.000000000000
vt 0.802340507507 0.789559602737 0.000000000000
vt 0.815323948860 0.791364312172 0.000000000000
vt 0.146086692810 0.956450700760 0.000000000000
vt 0.159946873784 0.956220626831 0.000000000000
vt 0.130946129560 0.956717789173 0.000000000000
vt 0.115543179214 0.957133650780 0.000000000000
vt 0.100151836872 0.957484424114 0.000000000000
vt 0.084818907082 0.957572519779 0.000000000000
vt 0.069121532142 0.957610130310 0.000000000000
vt 0.052794709802 0.957794249058 0.000000000000
vt 0.377177238464 0.923731386662 0.000000000000
vt 0.364121258259 0.915864586830 0.000000000000
vt 0.351396620274 0.907827377319 0.000000000000
vt 0.234102189541 0.664421796799 0.000000000000
vt 0.241598188877 0.664416551590 0.000000000000
vt 0.364024758339 0.951396703720 0.000000000000
vt 0.352068424225 0.943991720676 0.000000000000
vt 0.378081023693 0.959396958351 0.000000000000
vt 0.392517924309 0.966190457344 0.000000000000
vt 0.406770944595 0.971843004227 0.000000000000
vt 0.420736253262 0.976581037045 0.000000000000
vt 0.433915972710 0.980073988438 0.000000000000
vt 0.447221755981 0.982321739197 0.000000000000
vt 0.460484206676 0.983747303486 0.000000000000
vt 0.474013447762 0.984774827957 0.000000000000
vt 0.486369907856 0.985412359238 0.000000000000
vt 0.488438129425 0.953717947006 0.000000000000
vt 0.475351810455 0.952927589417 0.000000000000
vt 0.460818529129 0.951840043068 0.000000000000
vt 0.446346044540 0.950414538383 0.000000000000
vt 0.432163000107 0.948081076145 0.000000000000
vt 0.419368386269 0.942607581615 0.000000000000
vt 0.405385971069 0.936991751194 0.000000000000
vt 0.391136884689 0.930784404278 0.000000000000
vt 0.244047939777 0.736376345158 0.000000000000
vt 0.259279549122 0.738589644432 0.000000000000
vt 0.275073349476 0.739593029022 0.000000000000
vt 0.290711939335 0.739586651325 0.000000000000
vt 0.305756628513 0.739083766937 0.000000000000
vt 0.318778812885 0.740053832531 0.000000000000
vt 0.305314123631 0.745004415512 0.000000000000
vt 0.290176570415 0.747048854828 0.000000000000
vt 0.274148523808 0.748098671436 0.000000000000
vt 0.258343875408 0.748076677322 0.000000000000
vt 0.243759214878 0.746616959572 0.000000000000
vt 0.229644238949 0.744119346142 0.000000000000
vt 0.244739711285 0.664421856403 0.000000000000
vt 0.250535309315 0.664416253567 0.000000000000
vt 0.229113876820 0.733853816986 0.000000000000
vt 0.322748601437 0.818607151508 0.000000000000
vt 0.595809042454 0.917197525501 0.000000000000
vt 0.609130620956 0.908056735992 0.000000000000
vt 0.611165106297 0.914024472237 0.000000000000
vt 0.598302304745 0.921849787235 0.000000000000
vt 0.929998040199 0.765485405922 0.000000000000
vt 0.941901206970 0.756697773933 0.000000000000
vt 0.944965004921 0.762163519859 0.000000000000
vt 0.933320045471 0.769619822502 0.000000000000
vt 0.954482793808 0.755349755287 0.000000000000
vt 0.951157927513 0.748609066010 0.000000000000
vt 0.622777462006 0.906642913818 0.000000000000
vt 0.620427429676 0.899517655373 0.000000000000
vt 0.570464432240 0.934990584850 0.000000000000
vt 0.568159997463 0.931589961052 0.000000000000
vt 0.581978559494 0.924999773502 0.000000000000
vt 0.584553182125 0.928826570511 0.000000000000
vt 0.904439210892 0.783409833908 0.000000000000
vt 0.901598930359 0.780331373215 0.000000000000
vt 0.916199803352 0.773427009583 0.000000000000
vt 0.919419169426 0.776836633682 0.000000000000
vt 0.544019520283 0.945999324322 0.000000000000
vt 0.541548907757 0.941023349762 0.000000000000
vt 0.554520964622 0.937191367149 0.000000000000
vt 0.556244969368 0.940743267536 0.000000000000
vt 0.874776959419 0.793340921402 0.000000000000
vt 0.871770262718 0.788535594940 0.000000000000
vt 0.886971354485 0.785878300667 0.000000000000
vt 0.889634132385 0.788934111595 0.000000000000
vt 0.530198454857 0.948255896568 0.000000000000
vt 0.515848577023 0.949667632580 0.000000000000
vt 0.514705955982 0.944643676281 0.000000000000
vt 0.528244554996 0.943320155144 0.000000000000
vt 0.859524011612 0.796001791954 0.000000000000
vt 0.844087839127 0.797442436218 0.000000000000
vt 0.843016624451 0.792438149452 0.000000000000
vt 0.857540249825 0.791085124016 0.000000000000
vt 0.828504920006 0.793154835701 0.000000000000
vt 0.828881621361 0.798002719879 0.000000000000
vt 0.500890612602 0.945909976959 0.000000000000
vt 0.501374125481 0.950760304928 0.000000000000
vt 0.302212178707 0.762886524200 0.000000000000
vt 0.301860034466 0.768821954727 0.000000000000
vt 0.287464797497 0.770262718201 0.000000000000
vt 0.286864817142 0.765092730522 0.000000000000
vt 0.315223395824 0.760709285736 0.000000000000
vt 0.314733445644 0.766562283039 0.000000000000
vt 0.255168378353 0.766038894653 0.000000000000
vt 0.270910799503 0.766080200672 0.000000000000
vt 0.271840274334 0.770240902901 0.000000000000
vt 0.255958139896 0.769201874733 0.000000000000
vt 0.239995419979 0.765520632267 0.000000000000
vt 0.240012466908 0.766873359680 0.000000000000
vt 0.236103475094 0.765578985214 0.000000000000
vt 0.367199242115 0.822386026382 0.000000000000
vt 0.372186303139 0.814538836479 0.000000000000
vt 0.383884370327 0.825400471687 0.000000000000
vt 0.378907322884 0.832089066505 0.000000000000
vt 0.634171962738 0.144215494394 0.000000000000
vt 0.628817498684 0.151816576719 0.000000000000
vt 0.617652177811 0.142519205809 0.000000000000
vt 0.622941017151 0.136074572802 0.000000000000
vt 0.644269943237 0.152449697256 0.000000000000
vt 0.638868510723 0.161813169718 0.000000000000
vt 0.355983734131 0.812476158142 0.000000000000
vt 0.360934019089 0.802865982056 0.000000000000
vt 0.396504938602 0.834670066833 0.000000000000
vt 0.409449696541 0.842472314835 0.000000000000
vt 0.405409693718 0.848350405693 0.000000000000
vt 0.391888260841 0.840788066387 0.000000000000
vt 0.604523241520 0.133991092443 0.000000000000
vt 0.590506076813 0.126411288977 0.000000000000
vt 0.594820976257 0.120731629431 0.000000000000
vt 0.609424710274 0.128098815680 0.000000000000
vt 0.580320656300 0.114419080317 0.000000000000
vt 0.576509416103 0.120228625834 0.000000000000
vt 0.418574571609 0.854897975922 0.000000000000
vt 0.422105848789 0.848914027214 0.000000000000
vt 0.460913419724 0.857305645943 0.000000000000
vt 0.459628522396 0.865362942219 0.000000000000
vt 0.445285439491 0.864000678062 0.000000000000
vt 0.447664141655 0.856054961681 0.000000000000
vt 0.533395588398 0.111791171134 0.000000000000
vt 0.535062134266 0.103804558516 0.000000000000
vt 0.550410866737 0.106012910604 0.000000000000
vt 0.547656834126 0.113834477961 0.000000000000
vt 0.565615832806 0.109423495829 0.000000000000
vt 0.561650454998 0.117083586752 0.000000000000
vt 0.431152522564 0.861421108246 0.000000000000
vt 0.434748768806 0.853578984737 0.000000000000
vt 0.519034266472 0.110285498202 0.000000000000
vt 0.519920229912 0.102422922850 0.000000000000
vt 0.474557101727 0.858287215233 0.000000000000
vt 0.474046111107 0.866183459759 0.000000000000
vt 0.281198322773 0.892845869064 0.000000000000
vt 0.295617997646 0.894560396671 0.000000000000
vt 0.295261442661 0.903482317924 0.000000000000
vt 0.280268251896 0.901007294655 0.000000000000
vt 0.309932053089 0.906384587288 0.000000000000
vt 0.309482157230 0.897467732430 0.000000000000
vt 0.265547692776 0.892845869064 0.000000000000
vt 0.264679372311 0.900040686131 0.000000000000
vt 0.249193251133 0.900328159332 0.000000000000
vt 0.249665558338 0.894125223160 0.000000000000
vt 0.234525144100 0.901312530041 0.000000000000
vt 0.234558641911 0.896564662457 0.000000000000
vt 0.594196677208 0.957515120506 0.000000000000
vt 0.593288242817 0.955749213696 0.000000000000
vt 0.607281506062 0.947852551937 0.000000000000
vt 0.608291566372 0.949568390846 0.000000000000
vt 0.297596722841 0.960081517696 0.000000000000
vt 0.297558009624 0.962093174458 0.000000000000
vt 0.283460885286 0.961816847324 0.000000000000
vt 0.283508390188 0.959793448448 0.000000000000
vt 0.303226053715 0.668214678764 0.000000000000
vt 0.303223788738 0.666234731674 0.000000000000
vt 0.314025223255 0.666234910488 0.000000000000
vt 0.314030349255 0.668214678764 0.000000000000
vt 0.310845404863 0.960328757763 0.000000000000
vt 0.310804069042 0.962343394756 0.000000000000
vt 0.283501684666 0.668214201927 0.000000000000
vt 0.283499300480 0.666234612465 0.000000000000
vt 0.294300973415 0.666234731674 0.000000000000
vt 0.294305622578 0.668214440346 0.000000000000
vt 0.621119737625 0.939358294010 0.000000000000
vt 0.622155427933 0.941050589085 0.000000000000
vt 0.565527021885 0.969898343086 0.000000000000
vt 0.564844608307 0.968019783497 0.000000000000
vt 0.578991889954 0.962438583374 0.000000000000
vt 0.579778194427 0.964270055294 0.000000000000
vt 0.267600208521 0.959403276443 0.000000000000
vt 0.267552137375 0.961406767368 0.000000000000
vt 0.251127481461 0.961080551147 0.000000000000
vt 0.251154422760 0.959090054035 0.000000000000
vt 0.538494944572 0.977998673916 0.000000000000
vt 0.538074910641 0.976043879986 0.000000000000
vt 0.551289677620 0.972582399845 0.000000000000
vt 0.551567614079 0.974583268166 0.000000000000
vt 0.235355764627 0.959028601646 0.000000000000
vt 0.235342606902 0.961010634899 0.000000000000
vt 0.219893351197 0.960951209068 0.000000000000
vt 0.219916254282 0.958987712860 0.000000000000
vt 0.512100338936 0.981669604778 0.000000000000
vt 0.511920571327 0.979718863964 0.000000000000
vt 0.525033950806 0.978304147720 0.000000000000
vt 0.525304257870 0.980251371861 0.000000000000
vt 0.204430893064 0.958719730377 0.000000000000
vt 0.204402446747 0.960699081421 0.000000000000
vt 0.188957229257 0.960441708565 0.000000000000
vt 0.188977912068 0.958457887173 0.000000000000
vt 0.173813790083 0.960358083248 0.000000000000
vt 0.173816174269 0.958387911320 0.000000000000
vt 0.498591005802 0.982684075832 0.000000000000
vt 0.498457729816 0.980725705624 0.000000000000
vt 0.297637939453 0.957894384861 0.000000000000
vt 0.283558815718 0.957591235638 0.000000000000
vt 0.309560388327 0.958095431328 0.000000000000
vt 0.305206596851 0.670365571976 0.000000000000
vt 0.312737643719 0.670371651649 0.000000000000
vt 0.940551877022 0.755017638206 0.000000000000
vt 0.951236009598 0.745688080788 0.000000000000
vt 0.928822040558 0.763680577278 0.000000000000
vt 0.915205717087 0.771516323090 0.000000000000
vt 0.900761723518 0.778349637985 0.000000000000
vt 0.886503577232 0.783726334572 0.000000000000
vt 0.871399641037 0.786417841911 0.000000000000
vt 0.857253432274 0.788947224617 0.000000000000
vt 0.842866659164 0.790292143822 0.000000000000
vt 0.828423857689 0.791005373001 0.000000000000
vt 0.173821225762 0.956242799759 0.000000000000
vt 0.189001992345 0.956308186054 0.000000000000
vt 0.204467967153 0.956570088863 0.000000000000
vt 0.219939678907 0.956824839115 0.000000000000
vt 0.235367059708 0.956874132156 0.000000000000
vt 0.251180708408 0.956931710243 0.000000000000
vt 0.267647117376 0.957222044468 0.000000000000
vt 0.612300574780 0.915854811668 0.000000000000
vt 0.599337756634 0.923715054989 0.000000000000
vt 0.624930441380 0.907827377319 0.000000000000
vt 0.285628497601 0.670365452766 0.000000000000
vt 0.293122708797 0.670370995998 0.000000000000
vt 0.609387576580 0.951425671577 0.000000000000
vt 0.621469140053 0.943991720676 0.000000000000
vt 0.595193088055 0.959452033043 0.000000000000
vt 0.580628216267 0.966259360313 0.000000000000
vt 0.566263496876 0.971917390823 0.000000000000
vt 0.552204072475 0.976655066013 0.000000000000
vt 0.538951933384 0.980140626431 0.000000000000
vt 0.525590062141 0.982374370098 0.000000000000
vt 0.512288093567 0.983783483505 0.000000000000
vt 0.498734533787 0.984792709351 0.000000000000
vt 0.501518785954 0.952924489975 0.000000000000
vt 0.516034543514 0.951833844185 0.000000000000
vt 0.530478894711 0.950403869152 0.000000000000
vt 0.544625043869 0.948066174984 0.000000000000
vt 0.557375669479 0.942595422268 0.000000000000
vt 0.571296572685 0.936978101730 0.000000000000
vt 0.585467576981 0.930767953396 0.000000000000
vt 0.286645472050 0.762931764126 0.000000000000
vt 0.301879584789 0.760739982128 0.000000000000
vt 0.270850241184 0.763912856579 0.000000000000
vt 0.255211770535 0.763884782791 0.000000000000
vt 0.240168035030 0.763360738754 0.000000000000
vt 0.227143824100 0.764312267303 0.000000000000
vt 0.240602314472 0.769282400608 0.000000000000
vt 0.255736649036 0.771347820759 0.000000000000
vt 0.271763145924 0.772420048714 0.000000000000
vt 0.287567675114 0.772420048714 0.000000000000
vt 0.302154242992 0.770980834961 0.000000000000
vt 0.316272318363 0.768503129482 0.000000000000
vt 0.296263277531 0.670365571976 0.000000000000
vt 0.302057445049 0.670371294022 0.000000000000
vt 0.316817104816 0.758238554001 0.000000000000
vt 0.220376431942 0.902021408081 0.000000000000
vt 0.405746221542 0.371142923832 0.000000000000
vt 0.392378330231 0.380334496498 0.000000000000
vt 0.390329599380 0.374343633652 0.000000000000
vt 0.403238654137 0.366474270821 0.000000000000
vt 0.388021975756 0.059732511640 0.000000000000
vt 0.376568794250 0.069308951497 0.000000000000
vt 0.373148828745 0.063990123570 0.000000000000
vt 0.384426325560 0.055770553648 0.000000000000
vt 0.363976359367 0.071436852217 0.000000000000
vt 0.367738425732 0.078023865819 0.000000000000
vt 0.378674507141 0.381767272949 0.000000000000
vt 0.381041646004 0.388920545578 0.000000000000
vt 0.431169509888 0.353259027004 0.000000000000
vt 0.433484554291 0.356668889523 0.000000000000
vt 0.419623613358 0.363296270370 0.000000000000
vt 0.417036056519 0.359457612038 0.000000000000
vt 0.412666201591 0.040166281164 0.000000000000
vt 0.415702730417 0.043093234301 0.000000000000
vt 0.401431739330 0.050905786455 0.000000000000
vt 0.397988021374 0.047667533159 0.000000000000
vt 0.457682013512 0.342199862003 0.000000000000
vt 0.460161685944 0.347185969353 0.000000000000
vt 0.447160243988 0.351037681103 0.000000000000
vt 0.445428133011 0.347476959229 0.000000000000
vt 0.441881477833 0.028482625261 0.000000000000
vt 0.445169359446 0.033132188022 0.000000000000
vt 0.430071115494 0.036666452885 0.000000000000
vt 0.427221357822 0.033751875162 0.000000000000
vt 0.471532583237 0.339931190014 0.000000000000
vt 0.485907316208 0.338512361050 0.000000000000
vt 0.487053155899 0.343543350697 0.000000000000
vt 0.473492622375 0.344875872135 0.000000000000
vt 0.457027018070 0.024959133938 0.000000000000
vt 0.472412019968 0.022665692493 0.000000000000
vt 0.473758012056 0.027617165819 0.000000000000
vt 0.459288924932 0.029775710776 0.000000000000
vt 0.488238245249 0.026112521067 0.000000000000
vt 0.487601757050 0.021284008399 0.000000000000
vt 0.500884532928 0.342271804810 0.000000000000
vt 0.500400304794 0.337416827679 0.000000000000
vt 0.246022522449 0.846182346344 0.000000000000
vt 0.246740520000 0.840280294418 0.000000000000
vt 0.261197268963 0.839731097221 0.000000000000
vt 0.261476695538 0.844928383827 0.000000000000
vt 0.232901275158 0.847551703453 0.000000000000
vt 0.233751952648 0.841740250587 0.000000000000
vt 0.293171107769 0.845942139626 0.000000000000
vt 0.277461230755 0.844928383827 0.000000000000
vt 0.276790559292 0.840718150139 0.000000000000
vt 0.292577922344 0.842736244202 0.000000000000
vt 0.308283030987 0.847396612167 0.000000000000
vt 0.308349549770 0.846045613289 0.000000000000
vt 0.312170684338 0.847578644753 0.000000000000
vt 0.513345479965 0.336675167084 0.000000000000
vt 0.513344287872 0.341311275959 0.000000000000
vt 0.501523733139 0.020547261462 0.000000000000
vt 0.501510739326 0.025167414919 0.000000000000
vt 0.367332458496 0.874109387398 0.000000000000
vt 0.372015655041 0.866072177887 0.000000000000
vt 0.384128630161 0.876479148865 0.000000000000
vt 0.379411220551 0.883357405663 0.000000000000
vt 0.693544268608 0.791890680790 0.000000000000
vt 0.699037671089 0.784379661083 0.000000000000
vt 0.710044801235 0.793881833553 0.000000000000
vt 0.704638123512 0.800236761570 0.000000000000
vt 0.683585643768 0.783471405506 0.000000000000
vt 0.689157247543 0.774197041988 0.000000000000
vt 0.355737805367 0.864635229111 0.000000000000
vt 0.360315561295 0.854837179184 0.000000000000
vt 0.397101402283 0.885259270668 0.000000000000
vt 0.410340726376 0.892560482025 0.000000000000
vt 0.406528294086 0.898590803146 0.000000000000
vt 0.392722129822 0.891552686691 0.000000000000
vt 0.723029613495 0.802648842335 0.000000000000
vt 0.736919283867 0.810482263565 0.000000000000
vt 0.732501506805 0.816087841988 0.000000000000
vt 0.718020737171 0.808457374573 0.000000000000
vt 0.746895372868 0.822660446167 0.000000000000
vt 0.750811159611 0.816917121410 0.000000000000
vt 0.419936776161 0.904629111290 0.000000000000
vt 0.423236548901 0.898513674736 0.000000000000
vt 0.462334990501 0.905419588089 0.000000000000
vt 0.461357831955 0.913518548012 0.000000000000
vt 0.446975588799 0.912703990936 0.000000000000
vt 0.449049592018 0.904674053192 0.000000000000
vt 0.793779730797 0.826122701168 0.000000000000
vt 0.791971743107 0.834079682827 0.000000000000
vt 0.776661276817 0.831599056721 0.000000000000
vt 0.779554665089 0.823826014996 0.000000000000
vt 0.761514902115 0.827918231487 0.000000000000
vt 0.765617251396 0.820327341557 0.000000000000
vt 0.432755589485 0.910665988922 0.000000000000
vt 0.436049282551 0.902692437172 0.000000000000
vt 0.808112919331 0.827882885933 0.000000000000
vt 0.807088375092 0.835728585720 0.000000000000
vt 0.476004183292 0.905882120132 0.000000000000
vt 0.475793242455 0.913790225983 0.000000000000
vt 0.258222281933 0.933177232742 0.000000000000
vt 0.243802607059 0.931462407112 0.000000000000
vt 0.244159281254 0.922540307045 0.000000000000
vt 0.259152233601 0.925015687943 0.000000000000
vt 0.229488551617 0.919637680054 0.000000000000
vt 0.229938328266 0.928554534912 0.000000000000
vt 0.273872554302 0.933177232742 0.000000000000
vt 0.274741351604 0.925982713699 0.000000000000
vt 0.290227115154 0.925695419312 0.000000000000
vt 0.289754807949 0.931898474693 0.000000000000
vt 0.304895460606 0.924711465836 0.000000000000
vt 0.304861962795 0.929459333420 0.000000000000
vt 0.488170385361 0.906163573265 0.000000000000
vt 0.488824844360 0.913790225983 0.000000000000
vt 0.821077406406 0.829226195812 0.000000000000
vt 0.820943474770 0.836866676807 0.000000000000
vt 0.395030647516 0.095224708319 0.000000000000
vt 0.395947575569 0.096978902817 0.000000000000
vt 0.382056742907 0.104943722486 0.000000000000
vt 0.381038188934 0.103240802884 0.000000000000
vt 0.023148419335 0.986739635468 0.000000000000
vt 0.023153487593 0.984742224216 0.000000000000
vt 0.037154059857 0.984786987305 0.000000000000
vt 0.037137668580 0.986797332764 0.000000000000
vt 0.243915140629 0.641583502293 0.000000000000
vt 0.243917524815 0.643563330173 0.000000000000
vt 0.233116328716 0.643563270569 0.000000000000
vt 0.233110964298 0.641583323479 0.000000000000
vt 0.010000009090 0.986721098423 0.000000000000
vt 0.010006505996 0.984721243382 0.000000000000
vt 0.263639509678 0.641583621502 0.000000000000
vt 0.263641893864 0.643563508987 0.000000000000
vt 0.252840340137 0.643563330173 0.000000000000
vt 0.252835333347 0.641583561897 0.000000000000
vt 0.368326961994 0.113506264985 0.000000000000
vt 0.367282718420 0.111827626824 0.000000000000
vt 0.423528611660 0.082707285881 0.000000000000
vt 0.424219340086 0.084575876594 0.000000000000
vt 0.410152196884 0.090221166611 0.000000000000
vt 0.409357488155 0.088400751352 0.000000000000
vt 0.052948169410 0.986956000328 0.000000000000
vt 0.052969925106 0.984968066216 0.000000000000
vt 0.069384358823 0.985094130039 0.000000000000
vt 0.069376692176 0.987097322941 0.000000000000
vt 0.450435221195 0.074499323964 0.000000000000
vt 0.450862467289 0.076446577907 0.000000000000
vt 0.437705039978 0.079956576228 0.000000000000
vt 0.437417834997 0.077963665128 0.000000000000
vt 0.085239171982 0.987042367458 0.000000000000
vt 0.085241295397 0.985050916672 0.000000000000
vt 0.100769892335 0.985046744347 0.000000000000
vt 0.100752189755 0.987020134926 0.000000000000
vt 0.476750224829 0.070749029517 0.000000000000
vt 0.476933985949 0.072695434093 0.000000000000
vt 0.463857740164 0.074143841863 0.000000000000
vt 0.463581293821 0.072202652693 0.000000000000
vt 0.116319656372 0.987274706364 0.000000000000
vt 0.116349473596 0.985284149647 0.000000000000
vt 0.131888598204 0.985578477383 0.000000000000
vt 0.131860405207 0.987573981285 0.000000000000
vt 0.147125631571 0.985742807388 0.000000000000
vt 0.147111341357 0.987724721432 0.000000000000
vt 0.490232229233 0.069710716605 0.000000000000
vt 0.490368574858 0.071665778756 0.000000000000
vt 0.502436161041 0.068980589509 0.000000000000
vt 0.502435982227 0.070954188704 0.000000000000
vt 0.161044850945 0.985818743706 0.000000000000
vt 0.161044850945 0.987802386284 0.000000000000
vt 0.023143768311 0.988910138607 0.000000000000
vt 0.037120506167 0.988984763622 0.000000000000
vt 0.011312825605 0.988914251328 0.000000000000
vt 0.241934955120 0.639432668686 0.000000000000
vt 0.234403669834 0.639426529408 0.000000000000
vt 0.378030270338 0.070918582380 0.000000000000
vt 0.367838293314 0.080970913172 0.000000000000
vt 0.389315932989 0.061478212476 0.000000000000
vt 0.402546316385 0.052767880261 0.000000000000
vt 0.416661143303 0.045035347342 0.000000000000
vt 0.430665254593 0.038799516857 0.000000000000
vt 0.445661008358 0.035234674811 0.000000000000
vt 0.459695398808 0.031901128590 0.000000000000
vt 0.474025785923 0.029756711796 0.000000000000
vt 0.488434910774 0.028257088736 0.000000000000
vt 0.501505732536 0.027197176591 0.000000000000
vt 0.147093191743 0.989881932735 0.000000000000
vt 0.161045089364 0.989999949932 0.000000000000
vt 0.131827875972 0.989735603333 0.000000000000
vt 0.116280928254 0.989435970783 0.000000000000
vt 0.100733801723 0.989193379879 0.000000000000
vt 0.085239827633 0.989205479622 0.000000000000
vt 0.069368839264 0.989257752895 0.000000000000
vt 0.052928052843 0.989128887653 0.000000000000
vt 0.389187216759 0.372506558895 0.000000000000
vt 0.402197122574 0.364602267742 0.000000000000
vt 0.376511454582 0.380579829216 0.000000000000
vt 0.261512339115 0.639432251453 0.000000000000
vt 0.254018485546 0.639427006245 0.000000000000
vt 0.379933029413 0.101397916675 0.000000000000
vt 0.367945760489 0.108891412616 0.000000000000
vt 0.394025087357 0.093301162124 0.000000000000
vt 0.408497929573 0.086423113942 0.000000000000
vt 0.422783553600 0.080698758364 0.000000000000
vt 0.436773329973 0.075901731849 0.000000000000
vt 0.449970662594 0.072365537286 0.000000000000
vt 0.463289141655 0.070085778832 0.000000000000
vt 0.476557523012 0.068640097976 0.000000000000
vt 0.490086495876 0.067605018616 0.000000000000
vt 0.502436578274 0.066973075271 0.000000000000
vt 0.500255584717 0.335250318050 0.000000000000
vt 0.513346314430 0.334460556507 0.000000000000
vt 0.485720634460 0.336342453957 0.000000000000
vt 0.471250772476 0.337779104710 0.000000000000
vt 0.457074046135 0.340128481388 0.000000000000
vt 0.444293022156 0.345620512962 0.000000000000
vt 0.430333137512 0.351265609264 0.000000000000
vt 0.416115999222 0.357509613037 0.000000000000
vt 0.261562168598 0.847098708153 0.000000000000
vt 0.246221721172 0.848345398903 0.000000000000
vt 0.277387559414 0.847095191479 0.000000000000
vt 0.292994439602 0.848089337349 0.000000000000
vt 0.307977139950 0.849541902542 0.000000000000
vt 0.321035325527 0.849396228790 0.000000000000
vt 0.307909905910 0.843604683876 0.000000000000
vt 0.292931497097 0.840608239174 0.000000000000
vt 0.277001917362 0.838547885418 0.000000000000
vt 0.261227786541 0.837571740150 0.000000000000
vt 0.246580183506 0.838107347488 0.000000000000
vt 0.232335984707 0.839707970619 0.000000000000
vt 0.250877678394 0.639432549477 0.000000000000
vt 0.245083868504 0.639426767826 0.000000000000
vt 0.231158077717 0.849919795990 0.000000000000
vt 0.319044291973 0.924002647400 0.000000000000
vt 0.620744228363 0.371146619320 0.000000000000
vt 0.623248100281 0.366496145725 0.000000000000
vt 0.636103749275 0.374351978302 0.000000000000
vt 0.634056329727 0.380319297314 0.000000000000
vt 0.614019453526 0.059851035476 0.000000000000
vt 0.617573797703 0.055954232812 0.000000000000
vt 0.628666639328 0.064080253243 0.000000000000
vt 0.625284731388 0.069313324988 0.000000000000
vt 0.637687206268 0.071436852217 0.000000000000
vt 0.633966505527 0.077918887138 0.000000000000
vt 0.647708654404 0.381760656834 0.000000000000
vt 0.645343065262 0.388885557652 0.000000000000
vt 0.595412015915 0.353292226791 0.000000000000
vt 0.609501600266 0.359487295151 0.000000000000
vt 0.606917858124 0.363312244415 0.000000000000
vt 0.593099832535 0.356691777706 0.000000000000
vt 0.589756190777 0.040466435254 0.000000000000
vt 0.604224324226 0.047925680876 0.000000000000
vt 0.600816428661 0.051111079752 0.000000000000
vt 0.586743652821 0.043349131942 0.000000000000
vt 0.568960070610 0.342233181000 0.000000000000
vt 0.581189155579 0.347510814667 0.000000000000
vt 0.579458355904 0.351063370705 0.000000000000
vt 0.566480398178 0.347210168839 0.000000000000
vt 0.560871481895 0.028767349198 0.000000000000
vt 0.575382649899 0.034060113132 0.000000000000
vt 0.572547316551 0.036935597658 0.000000000000
vt 0.557587146759 0.033366613090 0.000000000000
vt 0.555129766464 0.339957714081 0.000000000000
vt 0.553168654442 0.344895124435 0.000000000000
vt 0.539622545242 0.343556225300 0.000000000000
vt 0.540770769119 0.338530182838 0.000000000000
vt 0.545848190784 0.025193044916 0.000000000000
vt 0.543576717377 0.029969947413 0.000000000000
vt 0.529189586639 0.027753451839 0.000000000000
vt 0.530555248260 0.022829497233 0.000000000000
vt 0.514762818813 0.026180149987 0.000000000000
vt 0.515424489975 0.021365834400 0.000000000000
vt 0.525800585747 0.342278063297 0.000000000000
vt 0.526287436485 0.337425410748 0.000000000000
vt 0.295004785061 0.870947182178 0.000000000000
vt 0.279514968395 0.870258390903 0.000000000000
vt 0.279604613781 0.865054368973 0.000000000000
vt 0.294071733952 0.865075290203 0.000000000000
vt 0.307105123997 0.866060137749 0.000000000000
vt 0.308167397976 0.871836841106 0.000000000000
vt 0.247878849506 0.872428476810 0.000000000000
vt 0.248354136944 0.869202911854 0.000000000000
vt 0.264057576656 0.866610050201 0.000000000000
vt 0.263540923595 0.870841979980 0.000000000000
vt 0.232829749584 0.874433338642 0.000000000000
vt 0.228951275349 0.874757289886 0.000000000000
vt 0.232714116573 0.873085618019 0.000000000000
vt 0.601703524590 0.854004859924 0.000000000000
vt 0.591392934322 0.865170359612 0.000000000000
vt 0.585575044155 0.859204769135 0.000000000000
vt 0.595721662045 0.846893310547 0.000000000000
vt 0.949687540531 0.796419501305 0.000000000000
vt 0.938333451748 0.804360389709 0.000000000000
vt 0.933160245419 0.797834455967 0.000000000000
vt 0.944468140602 0.788737773895 0.000000000000
vt 0.954675495625 0.778923511505 0.000000000000
vt 0.959911823273 0.788366377354 0.000000000000
vt 0.605319678783 0.833837032318 0.000000000000
vt 0.611498594284 0.842699885368 0.000000000000
vt 0.574303030968 0.870061993599 0.000000000000
vt 0.579688191414 0.875510334969 0.000000000000
vt 0.567296504974 0.884795546532 0.000000000000
vt 0.562514126301 0.879508376122 0.000000000000
vt 0.919903397560 0.806129872799 0.000000000000
vt 0.924699187279 0.812098324299 0.000000000000
vt 0.909986972809 0.819209277630 0.000000000000
vt 0.905773401260 0.813462078571 0.000000000000
vt 0.895393848419 0.825268328190 0.000000000000
vt 0.891685485840 0.819399237633 0.000000000000
vt 0.555123209953 0.893028497696 0.000000000000
vt 0.550831198692 0.887569189072 0.000000000000
vt 0.513497829437 0.901030898094 0.000000000000
vt 0.526458382607 0.898033857346 0.000000000000
vt 0.529868960381 0.905590176582 0.000000000000
vt 0.515840172768 0.908843278885 0.000000000000
vt 0.848459839821 0.827084779739 0.000000000000
vt 0.862747132778 0.825290262699 0.000000000000
vt 0.865364313126 0.833153843880 0.000000000000
vt 0.849986791611 0.835095942020 0.000000000000
vt 0.876786053181 0.822285294533 0.000000000000
vt 0.880616307259 0.830007672310 0.000000000000
vt 0.538925111294 0.893867731094 0.000000000000
vt 0.543527960777 0.901159524918 0.000000000000
vt 0.834828078747 0.836214363575 0.000000000000
vt 0.834079265594 0.828339397907 0.000000000000
vt 0.501665234566 0.911569952965 0.000000000000
vt 0.500110387802 0.903814315796 0.000000000000
vt 0.288881242275 0.795396447182 0.000000000000
vt 0.287951171398 0.787235200405 0.000000000000
vt 0.302944004536 0.784759998322 0.000000000000
vt 0.303300797939 0.793682157993 0.000000000000
vt 0.317615211010 0.781857728958 0.000000000000
vt 0.317165315151 0.790774703026 0.000000000000
vt 0.273230612278 0.795396447182 0.000000000000
vt 0.257348716259 0.794117391109 0.000000000000
vt 0.256876289845 0.787914276123 0.000000000000
vt 0.272362291813 0.788201808929 0.000000000000
vt 0.242241799831 0.791677832603 0.000000000000
vt 0.242208182812 0.786930143833 0.000000000000
vt 0.609873950481 0.095232605934 0.000000000000
vt 0.623878359795 0.103245705366 0.000000000000
vt 0.622859954834 0.104950204492 0.000000000000
vt 0.608957588673 0.096988052130 0.000000000000
vt 0.297880083323 0.986740827560 0.000000000000
vt 0.284061491489 0.986798882484 0.000000000000
vt 0.284045070410 0.984812974930 0.000000000000
vt 0.297874927521 0.984767913818 0.000000000000
vt 0.295835077763 0.643167495728 0.000000000000
vt 0.285030663013 0.643167555332 0.000000000000
vt 0.285036146641 0.641187489033 0.000000000000
vt 0.295836985111 0.641187608242 0.000000000000
vt 0.310866326094 0.986721098423 0.000000000000
vt 0.310859769583 0.984745681286 0.000000000000
vt 0.315559446812 0.643167316914 0.000000000000
vt 0.304755270481 0.643167495728 0.000000000000
vt 0.304760038853 0.641187608242 0.000000000000
vt 0.315561830997 0.641187429428 0.000000000000
vt 0.637646377087 0.111828818917 0.000000000000
vt 0.636602878571 0.113509096205 0.000000000000
vt 0.581360876560 0.082716464996 0.000000000000
vt 0.595538616180 0.088409587741 0.000000000000
vt 0.594743907452 0.090231001377 0.000000000000
vt 0.580670356750 0.084585875273 0.000000000000
vt 0.268438756466 0.986956298351 0.000000000000
vt 0.252193182707 0.987096309662 0.000000000000
vt 0.252185881138 0.985114037991 0.000000000000
vt 0.268417567015 0.984991490841 0.000000000000
vt 0.554444968700 0.074508279562 0.000000000000
vt 0.567466497421 0.077972874045 0.000000000000
vt 0.567179322243 0.079966738820 0.000000000000
vt 0.554017782211 0.076456099749 0.000000000000
vt 0.236486464739 0.987040936947 0.000000000000
vt 0.221102237701 0.987018942833 0.000000000000
vt 0.221084550023 0.985060036182 0.000000000000
vt 0.236484810710 0.985067665577 0.000000000000
vt 0.528124153614 0.070755943656 0.000000000000
vt 0.541295707226 0.072211161256 0.000000000000
vt 0.541019380093 0.074152693152 0.000000000000
vt 0.527940034866 0.072702676058 0.000000000000
vt 0.205637708306 0.987272739410 0.000000000000
vt 0.190171509981 0.987571299076 0.000000000000
vt 0.190143495798 0.985583484173 0.000000000000
vt 0.205608189106 0.985293388367 0.000000000000
vt 0.174965083599 0.987722992897 0.000000000000
vt 0.174950867891 0.985745131969 0.000000000000
vt 0.514640390873 0.069714531302 0.000000000000
vt 0.514503836632 0.071669891477 0.000000000000
vt 0.297884792089 0.988885164261 0.000000000000
vt 0.284078508615 0.988959908485 0.000000000000
vt 0.309569984674 0.988887369633 0.000000000000
vt 0.293854653835 0.645318269730 0.000000000000
vt 0.286323845387 0.645324409008 0.000000000000
vt 0.633861660957 0.080822110176 0.000000000000
vt 0.623841345310 0.070896454155 0.000000000000
vt 0.612740039825 0.061569139361 0.000000000000
vt 0.599711179733 0.052945949137 0.000000000000
vt 0.585789978504 0.045266196132 0.000000000000
vt 0.571950912476 0.039046607912 0.000000000000
vt 0.557090520859 0.035451769829 0.000000000000
vt 0.543162822723 0.032081454992 0.000000000000
vt 0.528912365437 0.029883312061 0.000000000000
vt 0.514555990696 0.028318965808 0.000000000000
vt 0.174983680248 0.989876627922 0.000000000000
vt 0.190204620361 0.989724516869 0.000000000000
vt 0.205676540732 0.989421010017 0.000000000000
vt 0.221120700240 0.989175975323 0.000000000000
vt 0.236486062407 0.989184737206 0.000000000000
vt 0.252201139927 0.989234149456 0.000000000000
vt 0.268458962440 0.989104866982 0.000000000000
vt 0.624288320541 0.364631295204 0.000000000000
vt 0.637243986130 0.372522532940 0.000000000000
vt 0.649865388870 0.380579829216 0.000000000000
vt 0.313432157040 0.645318329334 0.000000000000
vt 0.305938303471 0.645323872566 0.000000000000
vt 0.624983012676 0.101401135325 0.000000000000
vt 0.636981129646 0.108891412616 0.000000000000
vt 0.610879600048 0.093307673931 0.000000000000
vt 0.596397817135 0.086430728436 0.000000000000
vt 0.582106292248 0.080707028508 0.000000000000
vt 0.568111062050 0.075910285115 0.000000000000
vt 0.554909646511 0.072373732924 0.000000000000
vt 0.541588008404 0.070093676448 0.000000000000
vt 0.528317093849 0.068646728992 0.000000000000
vt 0.514786958694 0.067608878016 0.000000000000
vt 0.526433944702 0.335259795189 0.000000000000
vt 0.540958642960 0.336362183094 0.000000000000
vt 0.555412530899 0.337808072567 0.000000000000
vt 0.569568395615 0.340165197849 0.000000000000
vt 0.582323789597 0.345658779144 0.000000000000
vt 0.596248388290 0.351304292679 0.000000000000
vt 0.610420823097 0.357545971870 0.000000000000
vt 0.294884741306 0.873116254807 0.000000000000
vt 0.279509007931 0.872430205345 0.000000000000
vt 0.263693749905 0.873004257679 0.000000000000
vt 0.248133718967 0.874567627907 0.000000000000
vt 0.233213722706 0.876566112041 0.000000000000
vt 0.220158994198 0.876897394657 0.000000000000
vt 0.233064234257 0.870630383492 0.000000000000
vt 0.247923314571 0.867089152336 0.000000000000
vt 0.263767063618 0.864449024200 0.000000000000
vt 0.279495179653 0.862897634506 0.000000000000
vt 0.294152557850 0.862897634506 0.000000000000
vt 0.308445870876 0.863977372646 0.000000000000
vt 0.302797615528 0.645318508148 0.000000000000
vt 0.297003567219 0.645324230194 0.000000000000
vt 0.309995949268 0.874139368534 0.000000000000
vt 0.228059589863 0.786221146584 0.000000000000
vt 0.291824430227 0.125310987234 0.000000000000
vt 0.293204814196 0.122912637889 0.000000000000
vt 0.294392049313 0.124618068337 0.000000000000
vt 0.294171094894 0.126656055450 0.000000000000
vt 0.292533725500 0.127935320139 0.000000000000
vt 0.290443837643 0.127701193094 0.000000000000
vt 0.289203733206 0.126004204154 0.000000000000
vt 0.289529681206 0.123981356621 0.000000000000
vt 0.291115343571 0.122682005167 0.000000000000
vt 0.294195264578 0.121243171394 0.000000000000
vt 0.296364068985 0.124117344618 0.000000000000
vt 0.295842170715 0.127733364701 0.000000000000
vt 0.292954832315 0.129849538207 0.000000000000
vt 0.289485275745 0.129356965423 0.000000000000
vt 0.287315815687 0.126582816243 0.000000000000
vt 0.287754654884 0.122958064079 0.000000000000
vt 0.290670037270 0.120742157102 0.000000000000
vt 0.141116470098 0.073577225208 0.000000000000
vt 0.141347542405 0.071764409542 0.000000000000
vt 0.142928197980 0.071333587170 0.000000000000
vt 0.142537981272 0.074391961098 0.000000000000
vt 0.140230625868 0.070318758488 0.000000000000
vt 0.141044110060 0.068894803524 0.000000000000
vt 0.138420373201 0.070087194443 0.000000000000
vt 0.137989819050 0.068504214287 0.000000000000
vt 0.136976435781 0.071205496788 0.000000000000
vt 0.135554343462 0.070390820503 0.000000000000
vt 0.136745080352 0.073018372059 0.000000000000
vt 0.135164424777 0.073449134827 0.000000000000
vt 0.137861847878 0.074464023113 0.000000000000
vt 0.137048512697 0.075888156891 0.000000000000
vt 0.139672845602 0.074695706367 0.000000000000
vt 0.140102654696 0.076278567314 0.000000000000
vt 0.204089164734 0.168089777231 0.000000000000
vt 0.204382777214 0.170834958553 0.000000000000
vt 0.202381968498 0.170197799802 0.000000000000
vt 0.201453149319 0.168372243643 0.000000000000
vt 0.201967418194 0.166386097670 0.000000000000
vt 0.203790366650 0.165337324142 0.000000000000
vt 0.205754101276 0.166013211012 0.000000000000
vt 0.206776261330 0.167788952589 0.000000000000
vt 0.206208348274 0.169789090753 0.000000000000
vt 0.204585075378 0.172737956047 0.000000000000
vt 0.201198637486 0.171780347824 0.000000000000
vt 0.199416756630 0.168594434857 0.000000000000
vt 0.200464665890 0.165083110332 0.000000000000
vt 0.203606188297 0.163404613733 0.000000000000
vt 0.207050681114 0.164443328977 0.000000000000
vt 0.208760142326 0.167671322823 0.000000000000
vt 0.207676291466 0.171085819602 0.000000000000
vt 0.914052784443 0.197944298387 0.000000000000
vt 0.912443220615 0.198806181550 0.000000000000
vt 0.911176741123 0.197765871882 0.000000000000
vt 0.913891971111 0.196311876178 0.000000000000
vt 0.911913633347 0.200555279851 0.000000000000
vt 0.910283386707 0.200716480613 0.000000000000
vt 0.912774622440 0.202167078853 0.000000000000
vt 0.911735594273 0.203435257077 0.000000000000
vt 0.914521217346 0.202697321773 0.000000000000
vt 0.914682030678 0.204329922795 0.000000000000
vt 0.916130781174 0.201835557818 0.000000000000
vt 0.917397260666 0.202875778079 0.000000000000
vt 0.916660428047 0.200086340308 0.000000000000
vt 0.918290495872 0.199925139546 0.000000000000
vt 0.915799558163 0.198474571109 0.000000000000
vt 0.916838765144 0.197206363082 0.000000000000
vt 0.184185266495 0.168088465929 0.000000000000
vt 0.184461474419 0.170839458704 0.000000000000
vt 0.182461768389 0.170190364122 0.000000000000
vt 0.181545078754 0.168356090784 0.000000000000
vt 0.182077974081 0.166377931833 0.000000000000
vt 0.183903098106 0.165375024080 0.000000000000
vt 0.185926258564 0.165950447321 0.000000000000
vt 0.186823010445 0.167819976807 0.000000000000
vt 0.186285614967 0.169798403978 0.000000000000
vt 0.184658199549 0.172748893499 0.000000000000
vt 0.181265234947 0.171770870686 0.000000000000
vt 0.179498642683 0.168561235070 0.000000000000
vt 0.180587887764 0.165040299296 0.000000000000
vt 0.183799862862 0.163404613733 0.000000000000
vt 0.187168180943 0.164474636316 0.000000000000
vt 0.188834667206 0.167638853192 0.000000000000
vt 0.187765479088 0.171096310019 0.000000000000
vt 0.891947686672 0.221882015467 0.000000000000
vt 0.890338003635 0.222743988037 0.000000000000
vt 0.889071643353 0.221703678370 0.000000000000
vt 0.891786634922 0.220249682665 0.000000000000
vt 0.889808654785 0.224493145943 0.000000000000
vt 0.888178408146 0.224654436111 0.000000000000
vt 0.890669286251 0.226104974747 0.000000000000
vt 0.889630138874 0.227373227477 0.000000000000
vt 0.892416298389 0.226635128260 0.000000000000
vt 0.892576992512 0.228267654777 0.000000000000
vt 0.894025743008 0.225773364305 0.000000000000
vt 0.895292103291 0.226813599467 0.000000000000
vt 0.894555032253 0.224024176598 0.000000000000
vt 0.896185457706 0.223862975836 0.000000000000
vt 0.893694460392 0.222412347794 0.000000000000
vt 0.894733250141 0.221144169569 0.000000000000
vt 0.215929746628 0.232320517302 0.000000000000
vt 0.215514197946 0.229593724012 0.000000000000
vt 0.217538058758 0.230143487453 0.000000000000
vt 0.218553915620 0.231923073530 0.000000000000
vt 0.218152940273 0.233960896730 0.000000000000
vt 0.216334074736 0.235015928745 0.000000000000
vt 0.214358255267 0.234464675188 0.000000000000
vt 0.213252857327 0.232741028070 0.000000000000
vt 0.213734522462 0.230715721846 0.000000000000
vt 0.215232312679 0.227704107761 0.000000000000
vt 0.218643605709 0.228517740965 0.000000000000
vt 0.220549970865 0.231593132019 0.000000000000
vt 0.219729080796 0.235086977482 0.000000000000
vt 0.216708421707 0.236973673105 0.000000000000
vt 0.213134348392 0.236124247313 0.000000000000
vt 0.211265698075 0.232948958874 0.000000000000
vt 0.212210655212 0.229480415583 0.000000000000
vt 0.089220196009 0.249214723706 0.000000000000
vt 0.090788036585 0.248279049993 0.000000000000
vt 0.092101432383 0.249259427190 0.000000000000
vt 0.089456357062 0.250838041306 0.000000000000
vt 0.091235540807 0.246507212520 0.000000000000
vt 0.092856809497 0.246270552278 0.000000000000
vt 0.090301215649 0.244937315583 0.000000000000
vt 0.091280236840 0.243621990085 0.000000000000
vt 0.088531717658 0.244488760829 0.000000000000
vt 0.088295333087 0.242865666747 0.000000000000
vt 0.086963802576 0.245424583554 0.000000000000
vt 0.085650406778 0.244444236159 0.000000000000
vt 0.086515933275 0.247196331620 0.000000000000
vt 0.084895022213 0.247433260083 0.000000000000
vt 0.087450549006 0.248766347766 0.000000000000
vt 0.086471527815 0.250081717968 0.000000000000
vt 0.139786630869 0.243119642138 0.000000000000
vt 0.139387518167 0.240379139781 0.000000000000
vt 0.141411960125 0.240943774581 0.000000000000
vt 0.142405986786 0.242736831307 0.000000000000
vt 0.141965091228 0.244739726186 0.000000000000
vt 0.140185862780 0.245859846473 0.000000000000
vt 0.138161420822 0.245295211673 0.000000000000
vt 0.137167543173 0.243501976132 0.000000000000
vt 0.137608408928 0.241499349475 0.000000000000
vt 0.139110147953 0.238476112485 0.000000000000
vt 0.142541706562 0.239318564534 0.000000000000
vt 0.144429713488 0.242441400886 0.000000000000
vt 0.143511116505 0.245974287391 0.000000000000
vt 0.140463232994 0.247762843966 0.000000000000
vt 0.137031525373 0.246920421720 0.000000000000
vt 0.135143667459 0.243797555566 0.000000000000
vt 0.136062264442 0.240264818072 0.000000000000
vt 0.142392456532 0.270818710327 0.000000000000
vt 0.143960371614 0.269882857800 0.000000000000
vt 0.145273700356 0.270863175392 0.000000000000
vt 0.142629131675 0.272441983223 0.000000000000
vt 0.144407942891 0.268110990524 0.000000000000
vt 0.146029010415 0.267874240875 0.000000000000
vt 0.143473625183 0.266540944576 0.000000000000
vt 0.144452571869 0.265225827694 0.000000000000
vt 0.141704127192 0.266092479229 0.000000000000
vt 0.141467526555 0.264469265938 0.000000000000
vt 0.140136212111 0.267028331757 0.000000000000
vt 0.138822749257 0.266048073769 0.000000000000
vt 0.139688268304 0.268800199032 0.000000000000
vt 0.138067290187 0.269037067890 0.000000000000
vt 0.140622958541 0.270370185375 0.000000000000
vt 0.139643862844 0.271685361862 0.000000000000
vt 0.837059140205 0.182003572583 0.000000000000
vt 0.837065994740 0.179234221578 0.000000000000
vt 0.838985800743 0.180090144277 0.000000000000
vt 0.839706420898 0.182009890676 0.000000000000
vt 0.838976383209 0.183926180005 0.000000000000
vt 0.837052404881 0.184772804379 0.000000000000
vt 0.835132837296 0.183916881680 0.000000000000
vt 0.834412217140 0.181997254491 0.000000000000
vt 0.835141956806 0.180081203580 0.000000000000
vt 0.837070345879 0.177311256528 0.000000000000
vt 0.840341329575 0.178648367524 0.000000000000
vt 0.841751635075 0.182015016675 0.000000000000
vt 0.840325057507 0.185374930501 0.000000000000
vt 0.837047755718 0.186696007848 0.000000000000
vt 0.833777010441 0.185358598828 0.000000000000
vt 0.832367360592 0.181992307305 0.000000000000
vt 0.833793222904 0.178632810712 0.000000000000
vt 0.815522730350 0.158475562930 0.000000000000
vt 0.817210853100 0.157779976726 0.000000000000
vt 0.818366348743 0.158942803741 0.000000000000
vt 0.815518617630 0.160115942359 0.000000000000
vt 0.817913353443 0.156093105674 0.000000000000
vt 0.819551587105 0.156097158790 0.000000000000
vt 0.817219138145 0.154402658343 0.000000000000
vt 0.818379878998 0.153245851398 0.000000000000
vt 0.815534234047 0.153699442744 0.000000000000
vt 0.815538167953 0.152058765292 0.000000000000
vt 0.813845992088 0.154394790530 0.000000000000
vt 0.812690794468 0.153232023120 0.000000000000
vt 0.813143610954 0.156081423163 0.000000000000
vt 0.811505556107 0.156077906489 0.000000000000
vt 0.813838005066 0.157771870494 0.000000000000
vt 0.812676787376 0.158929094672 0.000000000000
vt 0.894614279270 0.063750922680 0.000000000000
vt 0.892214238644 0.062374692410 0.000000000000
vt 0.893907129765 0.061127755791 0.000000000000
vt 0.895929753780 0.061450410634 0.000000000000
vt 0.897231459618 0.063033685088 0.000000000000
vt 0.897014439106 0.065126702189 0.000000000000
vt 0.895321607590 0.066373780370 0.000000000000
vt 0.893299102783 0.066050991416 0.000000000000
vt 0.891996979713 0.064467564225 0.000000000000
vt 0.890547513962 0.061419252306 0.000000000000
vt 0.893326520920 0.059234645218 0.000000000000
vt 0.896945893764 0.059673491865 0.000000000000
vt 0.899156033993 0.062576785684 0.000000000000
vt 0.898681402206 0.066082432866 0.000000000000
vt 0.895902216434 0.068266898394 0.000000000000
vt 0.892282783985 0.067827761173 0.000000000000
vt 0.890072882175 0.064924761653 0.000000000000
vt 0.802334785461 0.270754218102 0.000000000000
vt 0.804142117500 0.271009445190 0.000000000000
vt 0.804551720619 0.272597789764 0.000000000000
vt 0.801502823830 0.272167325020 0.000000000000
vt 0.805600345135 0.269910037518 0.000000000000
vt 0.807011485100 0.270743250847 0.000000000000
vt 0.805855393410 0.268100202084 0.000000000000
vt 0.807441413403 0.267690122128 0.000000000000
vt 0.804757237434 0.266640007496 0.000000000000
vt 0.805589497089 0.265227079391 0.000000000000
vt 0.802949905396 0.266384899616 0.000000000000
vt 0.802540481091 0.264796614647 0.000000000000
vt 0.801491618156 0.267484188080 0.000000000000
vt 0.800080597401 0.266650974751 0.000000000000
vt 0.801236927509 0.269294083118 0.000000000000
vt 0.799650728703 0.269704103470 0.000000000000
vt 0.817092955112 0.182003572583 0.000000000000
vt 0.817086338997 0.179234221578 0.000000000000
vt 0.819010317326 0.180081203580 0.000000000000
vt 0.819740056992 0.181997135282 0.000000000000
vt 0.819019496441 0.183917060494 0.000000000000
vt 0.817099690437 0.184772923589 0.000000000000
vt 0.815175890923 0.183926418424 0.000000000000
vt 0.814445674419 0.182010009885 0.000000000000
vt 0.815166413784 0.180090203881 0.000000000000
vt 0.817081630230 0.177311256528 0.000000000000
vt 0.820359110832 0.178632751107 0.000000000000
vt 0.821785151958 0.181992366910 0.000000000000
vt 0.820375204086 0.185358956456 0.000000000000
vt 0.817104220390 0.186696007848 0.000000000000
vt 0.813826918602 0.185374870896 0.000000000000
vt 0.812400996685 0.182014897466 0.000000000000
vt 0.813811004162 0.178648665547 0.000000000000
vt 0.146929994226 0.137855112553 0.000000000000
vt 0.148614749312 0.137151598930 0.000000000000
vt 0.149775922298 0.138308823109 0.000000000000
vt 0.146934062243 0.139495611191 0.000000000000
vt 0.149309039116 0.135461151600 0.000000000000
vt 0.150947213173 0.135457336903 0.000000000000
vt 0.148606598377 0.133774340153 0.000000000000
vt 0.149762153625 0.132611513138 0.000000000000
vt 0.146918475628 0.133078932762 0.000000000000
vt 0.146914556623 0.131438732147 0.000000000000
vt 0.145233809948 0.133782446384 0.000000000000
vt 0.144072771072 0.132625401020 0.000000000000
vt 0.144539281726 0.135472953320 0.000000000000
vt 0.142901331186 0.135476827621 0.000000000000
vt 0.145242035389 0.137159705162 0.000000000000
vt 0.144086316228 0.138322651386 0.000000000000
vt 0.116404607892 0.230787336826 0.000000000000
vt 0.118821598589 0.229450404644 0.000000000000
vt 0.119003668427 0.231545031071 0.000000000000
vt 0.117684014142 0.233112573624 0.000000000000
vt 0.115638092160 0.233436971903 0.000000000000
vt 0.114015504718 0.232098013163 0.000000000000
vt 0.113801181316 0.230024516582 0.000000000000
vt 0.115122802556 0.228460609913 0.000000000000
vt 0.117150962353 0.228172600269 0.000000000000
vt 0.120501980186 0.228526413441 0.000000000000
vt 0.120911560953 0.232025533915 0.000000000000
vt 0.118679054081 0.234872609377 0.000000000000
vt 0.115132272243 0.235299229622 0.000000000000
vt 0.112337812781 0.233133703470 0.000000000000
vt 0.111854843795 0.229557871819 0.000000000000
vt 0.114127688110 0.226658046246 0.000000000000
vt 0.117768533528 0.226287961006 0.000000000000
vt 0.738571345806 0.116232976317 0.000000000000
vt 0.739688098431 0.114787444472 0.000000000000
vt 0.741268932819 0.115218266845 0.000000000000
vt 0.739384829998 0.117656812072 0.000000000000
vt 0.739456772804 0.112974449992 0.000000000000
vt 0.740878701210 0.112159714103 0.000000000000
vt 0.738013148308 0.111856147647 0.000000000000
vt 0.738443374634 0.110273167491 0.000000000000
vt 0.736202597618 0.112087532878 0.000000000000
vt 0.735388934612 0.110663756728 0.000000000000
vt 0.735085785389 0.113533243537 0.000000000000
vt 0.733505010605 0.113102540374 0.000000000000
vt 0.735316991806 0.115346238017 0.000000000000
vt 0.733895063400 0.116161033511 0.000000000000
vt 0.736760795116 0.116464659572 0.000000000000
vt 0.736330568790 0.118047341704 0.000000000000
vt 0.277767986059 0.231290072203 0.000000000000
vt 0.279105067253 0.233658134937 0.000000000000
vt 0.277039557695 0.233914390206 0.000000000000
vt 0.275407761335 0.232627421618 0.000000000000
vt 0.275203078985 0.230587691069 0.000000000000
vt 0.276400655508 0.228896096349 0.000000000000
vt 0.278486222029 0.228668659925 0.000000000000
vt 0.280122816563 0.229951694608 0.000000000000
vt 0.280380964279 0.232014581561 0.000000000000
vt 0.280191093683 0.235319748521 0.000000000000
vt 0.276627331972 0.235863417387 0.000000000000
vt 0.273720562458 0.233702257276 0.000000000000
vt 0.273237466812 0.230071678758 0.000000000000
vt 0.275425553322 0.227233603597 0.000000000000
vt 0.278910398483 0.226756319404 0.000000000000
vt 0.281773328781 0.228875115514 0.000000000000
vt 0.282316565514 0.232418492436 0.000000000000
vt 0.895050406456 0.258716166019 0.000000000000
vt 0.893592476845 0.257616817951 0.000000000000
vt 0.894001662731 0.256028443575 0.000000000000
vt 0.896461606026 0.257882952690 0.000000000000
vt 0.891784787178 0.257872104645 0.000000000000
vt 0.890952646732 0.256458818913 0.000000000000
vt 0.890686929226 0.259332150221 0.000000000000
vt 0.889100790024 0.258922100067 0.000000000000
vt 0.890941917896 0.261141985655 0.000000000000
vt 0.889530658722 0.261975079775 0.000000000000
vt 0.892399847507 0.262241363525 0.000000000000
vt 0.891990542412 0.263829648495 0.000000000000
vt 0.894207477570 0.261986196041 0.000000000000
vt 0.895039558411 0.263399124146 0.000000000000
vt 0.895305395126 0.260525912046 0.000000000000
vt 0.896891653538 0.260935992002 0.000000000000
vt 0.726900577545 0.217631891370 0.000000000000
vt 0.726871132851 0.220392927527 0.000000000000
vt 0.724953711033 0.219526961446 0.000000000000
vt 0.724197208881 0.217590481043 0.000000000000
vt 0.725044906139 0.215724810958 0.000000000000
vt 0.726934969425 0.214863941073 0.000000000000
vt 0.728849530220 0.215732738376 0.000000000000
vt 0.729551613331 0.217660367489 0.000000000000
vt 0.728801608086 0.219566568732 0.000000000000
vt 0.726851880550 0.222306728363 0.000000000000
vt 0.723616719246 0.220958605409 0.000000000000
vt 0.722210943699 0.217663630843 0.000000000000
vt 0.723603725433 0.214286699891 0.000000000000
vt 0.726933062077 0.212922185659 0.000000000000
vt 0.730220615864 0.214291587472 0.000000000000
vt 0.731599748135 0.217686414719 0.000000000000
vt 0.730131208897 0.221028417349 0.000000000000
vt 0.796906352043 0.153699263930 0.000000000000
vt 0.795218229294 0.154394492507 0.000000000000
vt 0.794062733650 0.153231903911 0.000000000000
vt 0.796910107136 0.152058765292 0.000000000000
vt 0.794515728951 0.156081423163 0.000000000000
vt 0.792877554893 0.156077787280 0.000000000000
vt 0.795210063457 0.157771870494 0.000000000000
vt 0.794049024582 0.158928796649 0.000000000000
vt 0.796894848347 0.158475086093 0.000000000000
vt 0.796890854836 0.160115942359 0.000000000000
vt 0.798582792282 0.157779738307 0.000000000000
vt 0.799738407135 0.158942505717 0.000000000000
vt 0.799285352230 0.156093105674 0.000000000000
vt 0.800923526287 0.156097039580 0.000000000000
vt 0.798590958118 0.154402658343 0.000000000000
vt 0.799752116203 0.153245732188 0.000000000000
vt 0.947901010513 0.190899550915 0.000000000000
vt 0.946608781815 0.193229913712 0.000000000000
vt 0.945297777653 0.191652625799 0.000000000000
vt 0.945524454117 0.189586073160 0.000000000000
vt 0.947151422501 0.188283681870 0.000000000000
vt 0.949240922928 0.188492774963 0.000000000000
vt 0.950453937054 0.190172851086 0.000000000000
vt 0.950273931026 0.192217528820 0.000000000000
vt 0.948657929897 0.193559110165 0.000000000000
vt 0.945596814156 0.195001006126 0.000000000000
vt 0.943350732327 0.192104697227 0.000000000000
vt 0.943851828575 0.188523769379 0.000000000000
vt 0.946708321571 0.186370462179 0.000000000000
vt 0.950201034546 0.186823010445 0.000000000000
vt 0.952404797077 0.189637482166 0.000000000000
vt 0.951965093613 0.193243175745 0.000000000000
vt 0.949168384075 0.195428788662 0.000000000000
vt 0.103834375739 0.078703433275 0.000000000000
vt 0.103603437543 0.080516308546 0.000000000000
vt 0.102022513747 0.080947190523 0.000000000000
vt 0.102412715554 0.077888816595 0.000000000000
vt 0.104719921947 0.081962138414 0.000000000000
vt 0.103906586766 0.083385854959 0.000000000000
vt 0.106530770659 0.082193642855 0.000000000000
vt 0.106961026788 0.083776503801 0.000000000000
vt 0.107974544168 0.081075459719 0.000000000000
vt 0.109396383166 0.081889957190 0.000000000000
vt 0.108205631375 0.079262405634 0.000000000000
vt 0.109786406159 0.078831583261 0.000000000000
vt 0.107088878751 0.077816635370 0.000000000000
vt 0.107902362943 0.076392859221 0.000000000000
vt 0.105278328061 0.077585250139 0.000000000000
vt 0.104848042130 0.076002389193 0.000000000000
vt 0.863726913929 0.055375743657 0.000000000000
vt 0.866131484509 0.056736100465 0.000000000000
vt 0.864442169666 0.057943429798 0.000000000000
vt 0.862402677536 0.057743076235 0.000000000000
vt 0.861113905907 0.056112777442 0.000000000000
vt 0.861358106136 0.054041448981 0.000000000000
vt 0.862991869450 0.052720401436 0.000000000000
vt 0.865033984184 0.053062859923 0.000000000000
vt 0.866340100765 0.054644677788 0.000000000000
vt 0.867806494236 0.057707551867 0.000000000000
vt 0.864964723587 0.059915456921 0.000000000000
vt 0.861334204674 0.059434097260 0.000000000000
vt 0.859178543091 0.056533273309 0.000000000000
vt 0.859700560570 0.052991371602 0.000000000000
vt 0.862503468990 0.050856415182 0.000000000000
vt 0.866046845913 0.051309090108 0.000000000000
vt 0.868263423443 0.054184865206 0.000000000000
vt 0.715215504169 0.131047457457 0.000000000000
vt 0.713407874107 0.130792558193 0.000000000000
vt 0.712998569012 0.129204064608 0.000000000000
vt 0.716047346592 0.129634588957 0.000000000000
vt 0.711949646473 0.131891816854 0.000000000000
vt 0.710538625717 0.131058663130 0.000000000000
vt 0.711694836617 0.133701771498 0.000000000000
vt 0.710108637810 0.134111642838 0.000000000000
vt 0.712792515755 0.135161846876 0.000000000000
vt 0.711960732937 0.136575013399 0.000000000000
vt 0.714600026608 0.135417103767 0.000000000000
vt 0.715009629726 0.137005329132 0.000000000000
vt 0.716058373451 0.134317666292 0.000000000000
vt 0.717469751835 0.135150790215 0.000000000000
vt 0.716313064098 0.132507771254 0.000000000000
vt 0.717899382114 0.132097750902 0.000000000000
vt 0.857025861740 0.182003572583 0.000000000000
vt 0.857032477856 0.184772685170 0.000000000000
vt 0.855108618736 0.183926239610 0.000000000000
vt 0.854378640652 0.182009890676 0.000000000000
vt 0.855099141598 0.180090144277 0.000000000000
vt 0.857019066811 0.179234161973 0.000000000000
vt 0.858943045139 0.180080965161 0.000000000000
vt 0.859672784805 0.181997254491 0.000000000000
vt 0.858952224255 0.183916941285 0.000000000000
vt 0.857037067413 0.186696007848 0.000000000000
vt 0.853759944439 0.185374632478 0.000000000000
vt 0.852333664894 0.182015016675 0.000000000000
vt 0.853743672371 0.178648367524 0.000000000000
vt 0.857014477253 0.177311256528 0.000000000000
vt 0.860291898251 0.178632512689 0.000000000000
vt 0.861717700958 0.181992247701 0.000000000000
vt 0.860307812691 0.185358777642 0.000000000000
vt 0.834151148796 0.153699263930 0.000000000000
vt 0.832466602325 0.154402539134 0.000000000000
vt 0.831305205822 0.153245732188 0.000000000000
vt 0.834147095680 0.152058765292 0.000000000000
vt 0.831772029400 0.156093105674 0.000000000000
vt 0.830133676529 0.156096860766 0.000000000000
vt 0.832474410534 0.157779738307 0.000000000000
vt 0.831319212914 0.158942505717 0.000000000000
vt 0.834162533283 0.158475384116 0.000000000000
vt 0.834166467190 0.160115763545 0.000000000000
vt 0.835847258568 0.157771572471 0.000000000000
vt 0.837008416653 0.158928796649 0.000000000000
vt 0.836541473866 0.156081423163 0.000000000000
vt 0.838179945946 0.156077608466 0.000000000000
vt 0.835839152336 0.154394492507 0.000000000000
vt 0.836994767189 0.153231903911 0.000000000000
vt 0.114679485559 0.260735034943 0.000000000000
vt 0.112279757857 0.262094974518 0.000000000000
vt 0.112069651484 0.260003268719 0.000000000000
vt 0.113373890519 0.258424520493 0.000000000000
vt 0.115398690104 0.258108735085 0.000000000000
vt 0.117083221674 0.259367585182 0.000000000000
vt 0.117243751884 0.261440515518 0.000000000000
vt 0.116021722555 0.263085246086 0.000000000000
vt 0.113963142037 0.263357520103 0.000000000000
vt 0.110615462065 0.263036429882 0.000000000000
vt 0.110148876905 0.259543776512 0.000000000000
vt 0.112361803651 0.256641328335 0.000000000000
vt 0.115996390581 0.256210207939 0.000000000000
vt 0.118781894445 0.258431077003 0.000000000000
vt 0.119197368622 0.262009084225 0.000000000000
vt 0.116917461157 0.264861702919 0.000000000000
vt 0.113357365131 0.265221357346 0.000000000000
vt 0.779753565788 0.062551960349 0.000000000000
vt 0.778636693954 0.063997671008 0.000000000000
vt 0.777056097984 0.063566908240 0.000000000000
vt 0.778940200806 0.061127949506 0.000000000000
vt 0.778867959976 0.065810486674 0.000000000000
vt 0.777446031570 0.066625282168 0.000000000000
vt 0.780311703682 0.066928729415 0.000000000000
vt 0.779881596565 0.068511709571 0.000000000000
vt 0.782122135162 0.066697344184 0.000000000000
vt 0.782935738564 0.068121239543 0.000000000000
vt 0.783239006996 0.065251693130 0.000000000000
vt 0.784819841385 0.065682396293 0.000000000000
vt 0.783007860184 0.063438639045 0.000000000000
vt 0.784429669380 0.062624141574 0.000000000000
vt 0.781564235687 0.062320280820 0.000000000000
vt 0.781994104385 0.060737598687 0.000000000000
vt 0.270538121462 0.091805331409 0.000000000000
vt 0.269102931023 0.089437849820 0.000000000000
vt 0.271187067032 0.089167326689 0.000000000000
vt 0.272800922394 0.090430274606 0.000000000000
vt 0.273174673319 0.092446565628 0.000000000000
vt 0.271973013878 0.094172820449 0.000000000000
vt 0.269889026880 0.094443343580 0.000000000000
vt 0.268275022507 0.093180686235 0.000000000000
vt 0.267901420593 0.091163963079 0.000000000000
vt 0.268106430769 0.087794005871 0.000000000000
vt 0.271594166756 0.087229222059 0.000000000000
vt 0.274548977613 0.089367672801 0.000000000000
vt 0.275079578161 0.092979177833 0.000000000000
vt 0.272969365120 0.095816947520 0.000000000000
vt 0.269481778145 0.096381306648 0.000000000000
vt 0.266526937485 0.094242997468 0.000000000000
vt 0.265996515751 0.090631201863 0.000000000000
vt 0.859597563744 0.265929490328 0.000000000000
vt 0.861055791378 0.267028868198 0.000000000000
vt 0.860646426678 0.268617063761 0.000000000000
vt 0.858186423779 0.266762673855 0.000000000000
vt 0.862863361835 0.266773581505 0.000000000000
vt 0.863695561886 0.268186748028 0.000000000000
vt 0.863961219788 0.265313535929 0.000000000000
vt 0.865547537804 0.265723496675 0.000000000000
vt 0.863706290722 0.263503760099 0.000000000000
vt 0.865117609501 0.262670636177 0.000000000000
vt 0.862248241901 0.262404441833 0.000000000000
vt 0.862657666206 0.260816007853 0.000000000000
vt 0.860440790653 0.262659430504 0.000000000000
vt 0.859608650208 0.261246353388 0.000000000000
vt 0.859342992306 0.264119654894 0.000000000000
vt 0.857756793499 0.263709634542 0.000000000000
vt 0.144262462854 0.168097048998 0.000000000000
vt 0.144225448370 0.170865535736 0.000000000000
vt 0.142315149307 0.169988721609 0.000000000000
vt 0.141615390778 0.168061241508 0.000000000000
vt 0.142366409302 0.166153132915 0.000000000000
vt 0.144299417734 0.165327563882 0.000000000000
vt 0.146209716797 0.166204810143 0.000000000000
vt 0.146909475327 0.168132290244 0.000000000000
vt 0.146158456802 0.170040547848 0.000000000000
vt 0.144199550152 0.172788918018 0.000000000000
vt 0.140943586826 0.171415612102 0.000000000000
vt 0.139570713043 0.168033868074 0.000000000000
vt 0.141033738852 0.164689838886 0.000000000000
vt 0.144325315952 0.163404613733 0.000000000000
vt 0.147581279278 0.164778202772 0.000000000000
vt 0.148953855038 0.168159663677 0.000000000000
vt 0.147491008043 0.171503543854 0.000000000000
vt 0.843620479107 0.127031788230 0.000000000000
vt 0.841924905777 0.127708360553 0.000000000000
vt 0.840782046318 0.126532956958 0.000000000000
vt 0.843642294407 0.125391468406 0.000000000000
vt 0.841203689575 0.129387542605 0.000000000000
vt 0.839565694332 0.129365488887 0.000000000000
vt 0.841879367828 0.131085261703 0.000000000000
vt 0.840705692768 0.132229670882 0.000000000000
vt 0.843556284904 0.131807610393 0.000000000000
vt 0.843534231186 0.133447393775 0.000000000000
vt 0.845251858234 0.131130680442 0.000000000000
vt 0.846394598484 0.132305964828 0.000000000000
vt 0.845972895622 0.129451617599 0.000000000000
vt 0.847611069679 0.129473432899 0.000000000000
vt 0.845297217369 0.127753838897 0.000000000000
vt 0.846470952034 0.126609429717 0.000000000000
vt 0.251107007265 0.256742656231 0.000000000000
vt 0.253503322601 0.258102685213 0.000000000000
vt 0.251822799444 0.259368121624 0.000000000000
vt 0.249760925770 0.259097754955 0.000000000000
vt 0.248546034098 0.257449388504 0.000000000000
vt 0.248735666275 0.255404114723 0.000000000000
vt 0.250367850065 0.254078269005 0.000000000000
vt 0.252412199974 0.254428714514 0.000000000000
vt 0.253711462021 0.256013303995 0.000000000000
vt 0.255166679621 0.259039193392 0.000000000000
vt 0.252432584763 0.261234015226 0.000000000000
vt 0.248859435320 0.260883092880 0.000000000000
vt 0.246561914682 0.258003532887 0.000000000000
vt 0.247041523457 0.254356682301 0.000000000000
vt 0.249878436327 0.252202481031 0.000000000000
vt 0.253431111574 0.252678751945 0.000000000000
vt 0.255622029305 0.255557566881 0.000000000000
vt 0.865568161011 0.235794886947 0.000000000000
vt 0.863758206367 0.235559299588 0.000000000000
vt 0.863331556320 0.233975306153 0.000000000000
vt 0.866384863853 0.234373167157 0.000000000000
vt 0.862311482430 0.236674115062 0.000000000000
vt 0.860891461372 0.235856130719 0.000000000000
vt 0.862076282501 0.238486424088 0.000000000000
vt 0.860494494438 0.238913550973 0.000000000000
vt 0.863189578056 0.239934995770 0.000000000000
vt 0.862372636795 0.241356804967 0.000000000000
vt 0.864999651909 0.240170612931 0.000000000000
vt 0.865426063538 0.241754427552 0.000000000000
vt 0.866446137428 0.239055708051 0.000000000000
vt 0.867865920067 0.239873722196 0.000000000000
vt 0.866681456566 0.237243190408 0.000000000000
vt 0.868263125420 0.236816301942 0.000000000000
vt 0.215351015329 0.269901394844 0.000000000000
vt 0.213904768229 0.272262036800 0.000000000000
vt 0.212711244822 0.270530104637 0.000000000000
vt 0.213094621897 0.268515557051 0.000000000000
vt 0.214714586735 0.267260611057 0.000000000000
vt 0.216797262430 0.267541319132 0.000000000000
vt 0.217990636826 0.269273102283 0.000000000000
vt 0.217607408762 0.271287649870 0.000000000000
vt 0.215987592936 0.272542893887 0.000000000000
vt 0.212900400162 0.273901343346 0.000000000000
vt 0.210804015398 0.271053671837 0.000000000000
vt 0.211351484060 0.267444789410 0.000000000000
vt 0.214316666126 0.265320599079 0.000000000000
vt 0.217801630497 0.265901714563 0.000000000000
vt 0.219898164272 0.268749505281 0.000000000000
vt 0.219350248575 0.272358566523 0.000000000000
vt 0.216385513544 0.274482876062 0.000000000000
vt 0.941684782505 0.103042110801 0.000000000000
vt 0.941421389580 0.104850754142 0.000000000000
vt 0.939833164215 0.105253174901 0.000000000000
vt 0.940277695656 0.102202162147 0.000000000000
vt 0.942512392998 0.106316074729 0.000000000000
vt 0.941673576832 0.107725158334 0.000000000000
vt 0.944318473339 0.106579914689 0.000000000000
vt 0.944720327854 0.108170136809 0.000000000000
vt 0.945781946182 0.105487629771 0.000000000000
vt 0.947189390659 0.106327548623 0.000000000000
vt 0.946045398712 0.103679075837 0.000000000000
vt 0.947633504868 0.103276655078 0.000000000000
vt 0.944954693317 0.102213546634 0.000000000000
vt 0.945793509483 0.100804612041 0.000000000000
vt 0.943148314953 0.101949796081 0.000000000000
vt 0.942746460438 0.100359514356 0.000000000000
vt 0.724147200584 0.187683716416 0.000000000000
vt 0.724173486233 0.190448909998 0.000000000000
vt 0.722284495831 0.189587965608 0.000000000000
vt 0.721437454224 0.187719374895 0.000000000000
vt 0.722202777863 0.185786455870 0.000000000000
vt 0.724116444588 0.184962213039 0.000000000000
vt 0.726075828075 0.185718312860 0.000000000000
vt 0.726801037788 0.187660127878 0.000000000000
vt 0.726086556911 0.189583972096 0.000000000000
vt 0.724170982838 0.192387297750 0.000000000000
vt 0.720840334892 0.191027462482 0.000000000000
vt 0.719440937042 0.187638506293 0.000000000000
vt 0.720871269703 0.184318572283 0.000000000000
vt 0.724195480347 0.182999923825 0.000000000000
vt 0.727443456650 0.184362545609 0.000000000000
vt 0.728823900223 0.187661513686 0.000000000000
vt 0.727446079254 0.191021561623 0.000000000000
vt 0.852791011333 0.153699442744 0.000000000000
vt 0.851102769375 0.154394492507 0.000000000000
vt 0.849947273731 0.153231903911 0.000000000000
vt 0.852794647217 0.152058765292 0.000000000000
vt 0.850400090218 0.156081423163 0.000000000000
vt 0.848762035370 0.156077489257 0.000000000000
vt 0.851094722748 0.157771870494 0.000000000000
vt 0.849933445454 0.158928677440 0.000000000000
vt 0.852779388428 0.158475384116 0.000000000000
vt 0.852775275707 0.160115763545 0.000000000000
vt 0.854467332363 0.157780274749 0.000000000000
vt 0.855622947216 0.158942803741 0.000000000000
vt 0.855169832706 0.156093105674 0.000000000000
vt 0.856808125973 0.156097158790 0.000000000000
vt 0.854475319386 0.154402956367 0.000000000000
vt 0.855636656284 0.153245732188 0.000000000000
vt 0.164206326008 0.168101996183 0.000000000000
vt 0.164238363504 0.170866981149 0.000000000000
vt 0.162309587002 0.170036181808 0.000000000000
vt 0.161555230618 0.168129965663 0.000000000000
vt 0.162238389254 0.166172057390 0.000000000000
vt 0.164184480906 0.165374308825 0.000000000000
vt 0.166109770536 0.166166961193 0.000000000000
vt 0.166859924793 0.168073177338 0.000000000000
vt 0.166153162718 0.169998317957 0.000000000000
vt 0.164255827665 0.172786444426 0.000000000000
vt 0.160983592272 0.171491324902 0.000000000000
vt 0.159536004066 0.168174520135 0.000000000000
vt 0.160839587450 0.164844021201 0.000000000000
vt 0.164067417383 0.163404613733 0.000000000000
vt 0.167441904545 0.164671331644 0.000000000000
vt 0.168916553259 0.168048426509 0.000000000000
vt 0.167518466711 0.171435415745 0.000000000000
vt 0.806301534176 0.127031788230 0.000000000000
vt 0.804624676704 0.127753838897 0.000000000000
vt 0.803450882435 0.126609668136 0.000000000000
vt 0.806279480457 0.125391468406 0.000000000000
vt 0.803948938847 0.129451796412 0.000000000000
vt 0.802311003208 0.129473671317 0.000000000000
vt 0.804669916630 0.131130740047 0.000000000000
vt 0.803527355194 0.132306084037 0.000000000000
vt 0.806365489960 0.131807371974 0.000000000000
vt 0.806387603283 0.133447870612 0.000000000000
vt 0.808042287827 0.131085619330 0.000000000000
vt 0.809216082096 0.132229730487 0.000000000000
vt 0.808718323708 0.129387483001 0.000000000000
vt 0.810356020927 0.129365667701 0.000000000000
vt 0.807997107506 0.127708539367 0.000000000000
vt 0.809139847755 0.126533135772 0.000000000000
vt 0.737003564835 0.081228822470 0.000000000000
vt 0.735614538193 0.078847363591 0.000000000000
vt 0.737703204155 0.078598827124 0.000000000000
vt 0.739349484444 0.079870507121 0.000000000000
vt 0.739572048187 0.081906601787 0.000000000000
vt 0.738381505013 0.083579570055 0.000000000000
vt 0.736304998398 0.083904549479 0.000000000000
vt 0.734713554382 0.082572147250 0.000000000000
vt 0.734386086464 0.080548569560 0.000000000000
vt 0.734646916389 0.077199891210 0.000000000000
vt 0.738112211227 0.076678916812 0.000000000000
vt 0.741025090218 0.078781113029 0.000000000000
vt 0.741565823555 0.082426980138 0.000000000000
vt 0.739320397377 0.085337847471 0.000000000000
vt 0.735786318779 0.085772037506 0.000000000000
vt 0.732954502106 0.083572283387 0.000000000000
vt 0.732505798340 0.079980581999 0.000000000000
vt 0.081236615777 0.100425064564 0.000000000000
vt 0.082683019340 0.101539909840 0.000000000000
vt 0.082256555557 0.103123784065 0.000000000000
vt 0.079816706479 0.101242959499 0.000000000000
vt 0.084493063390 0.101304292679 0.000000000000
vt 0.085310250521 0.102726042271 0.000000000000
vt 0.085606627166 0.099855959415 0.000000000000
vt 0.087188296020 0.100282907486 0.000000000000
vt 0.085371188819 0.098043560982 0.000000000000
vt 0.086791239679 0.097225427628 0.000000000000
vt 0.083924561739 0.096928656101 0.000000000000
vt 0.084351107478 0.095344901085 0.000000000000
vt 0.082114666700 0.097164392471 0.000000000000
vt 0.081297546625 0.095742583275 0.000000000000
vt 0.081001244485 0.098612725735 0.000000000000
vt 0.079419650137 0.098185539246 0.000000000000
vt 0.249636650085 0.072627715766 0.000000000000
vt 0.247288405895 0.073997832835 0.000000000000
vt 0.247017323971 0.071933344007 0.000000000000
vt 0.248293936253 0.070332892239 0.000000000000
vt 0.250316321850 0.069988399744 0.000000000000
vt 0.252016842365 0.071224845946 0.000000000000
vt 0.252206385136 0.073293261230 0.000000000000
vt 0.251012921333 0.074958801270 0.000000000000
vt 0.248943448067 0.075297035277 0.000000000000
vt 0.245645880699 0.075069308281 0.000000000000
vt 0.245061874390 0.071522459388 0.000000000000
vt 0.247247040272 0.068556264043 0.000000000000
vt 0.250889420509 0.068078979850 0.000000000000
vt 0.253700315952 0.070267081261 0.000000000000
vt 0.254157721996 0.073827326298 0.000000000000
vt 0.251946032047 0.076689854264 0.000000000000
vt 0.248468935490 0.077148064971 0.000000000000
vt 0.913250148296 0.242097780108 0.000000000000
vt 0.912159323692 0.243563279510 0.000000000000
vt 0.910571217537 0.243160799146 0.000000000000
vt 0.912411332130 0.240688785911 0.000000000000
vt 0.912422835827 0.245371773839 0.000000000000
vt 0.911015629768 0.246211752295 0.000000000000
vt 0.913886368275 0.246464237571 0.000000000000
vt 0.913484513760 0.248054489493 0.000000000000
vt 0.915692448616 0.246200397611 0.000000000000
vt 0.916531324387 0.247609242797 0.000000000000
vt 0.916783392429 0.244734898210 0.000000000000
vt 0.918371617794 0.245137229562 0.000000000000
vt 0.916519761086 0.242926403880 0.000000000000
vt 0.917927086353 0.242086276412 0.000000000000
vt 0.915056228638 0.241833969951 0.000000000000
vt 0.915458381176 0.240243539214 0.000000000000
vt 0.742845773697 0.245160594583 0.000000000000
vt 0.742875576019 0.247921332717 0.000000000000
vt 0.740944862366 0.247095063329 0.000000000000
vt 0.740194916725 0.245188847184 0.000000000000
vt 0.740896999836 0.243261232972 0.000000000000
vt 0.742811679840 0.242392435670 0.000000000000
vt 0.744701564312 0.243253216147 0.000000000000
vt 0.745549201965 0.245118960738 0.000000000000
vt 0.744792699814 0.247055456042 0.000000000000
vt 0.742894768715 0.249835297465 0.000000000000
vt 0.739615559578 0.248556897044 0.000000000000
vt 0.738146722317 0.245215043426 0.000000000000
vt 0.739525675774 0.241820201278 0.000000000000
vt 0.742813110352 0.240450665355 0.000000000000
vt 0.746142745018 0.241815105081 0.000000000000
vt 0.747535586357 0.245192036033 0.000000000000
vt 0.746129751205 0.248487010598 0.000000000000
vt 0.165546774864 0.133079171181 0.000000000000
vt 0.163862109184 0.133782625198 0.000000000000
vt 0.162700921297 0.132625460625 0.000000000000
vt 0.165542706847 0.131438732147 0.000000000000
vt 0.163167580962 0.135472953320 0.000000000000
vt 0.161529332399 0.135477006435 0.000000000000
vt 0.163870319724 0.137159764767 0.000000000000
vt 0.162714838982 0.138322651386 0.000000000000
vt 0.165558353066 0.137855350971 0.000000000000
vt 0.165562286973 0.139495432377 0.000000000000
vt 0.167243182659 0.137151658535 0.000000000000
vt 0.168404370546 0.138308703899 0.000000000000
vt 0.167937412858 0.135461211205 0.000000000000
vt 0.169575586915 0.135457396507 0.000000000000
vt 0.167234882712 0.133774399757 0.000000000000
vt 0.168390393257 0.132611691952 0.000000000000
vt 0.291393578053 0.196055918932 0.000000000000
vt 0.291481077671 0.193295806646 0.000000000000
vt 0.293382048607 0.194195717573 0.000000000000
vt 0.294098436832 0.196149885654 0.000000000000
vt 0.293210804462 0.197996497154 0.000000000000
vt 0.291305780411 0.198816001415 0.000000000000
vt 0.289404809475 0.197916328907 0.000000000000
vt 0.288688719273 0.195962071419 0.000000000000
vt 0.289576321840 0.194115340710 0.000000000000
vt 0.291515737772 0.191363513470 0.000000000000
vt 0.294752180576 0.192781925201 0.000000000000
vt 0.296088933945 0.196119040251 0.000000000000
vt 0.294618487358 0.199462622404 0.000000000000
vt 0.291271388531 0.200748294592 0.000000000000
vt 0.288034677505 0.199330061674 0.000000000000
vt 0.286698043346 0.195992708206 0.000000000000
vt 0.288168638945 0.192649334669 0.000000000000
vt 0.824929058552 0.131807252765 0.000000000000
vt 0.826624572277 0.131130740047 0.000000000000
vt 0.827767431736 0.132305786014 0.000000000000
vt 0.824907183647 0.133447572589 0.000000000000
vt 0.827345728874 0.129451498389 0.000000000000
vt 0.828983545303 0.129473552108 0.000000000000
vt 0.826669633389 0.127753719687 0.000000000000
vt 0.827843546867 0.126609489322 0.000000000000
vt 0.824992954731 0.127031490207 0.000000000000
vt 0.825015187263 0.125391468406 0.000000000000
vt 0.823297619820 0.127708241343 0.000000000000
vt 0.822154641151 0.126532956958 0.000000000000
vt 0.822576701641 0.129387483001 0.000000000000
vt 0.820938169956 0.129365488887 0.000000000000
vt 0.823252201080 0.131085321307 0.000000000000
vt 0.822078406811 0.132229432464 0.000000000000
vt 0.940967142582 0.134008541703 0.000000000000
vt 0.938617646694 0.132640615106 0.000000000000
vt 0.940273582935 0.131433710456 0.000000000000
vt 0.942311406136 0.131643518806 0.000000000000
vt 0.943584024906 0.133287802339 0.000000000000
vt 0.943319261074 0.135352298617 0.000000000000
vt 0.941681265831 0.136661097407 0.000000000000
vt 0.939608335495 0.136354193091 0.000000000000
vt 0.938342750072 0.134702757001 0.000000000000
vt 0.936826586723 0.131726667285 0.000000000000
vt 0.939733862877 0.129428789020 0.000000000000
vt 0.943400561810 0.129951789975 0.000000000000
vt 0.945521354675 0.132887676358 0.000000000000
vt 0.944957077503 0.136405453086 0.000000000000
vt 0.942174851894 0.138493940234 0.000000000000
vt 0.938721239567 0.138089194894 0.000000000000
vt 0.936467289925 0.135332331061 0.000000000000
vt 0.066555231810 0.220457196236 0.000000000000
vt 0.068365208805 0.220692932606 0.000000000000
vt 0.068791672587 0.222276747227 0.000000000000
vt 0.065738484263 0.221879065037 0.000000000000
vt 0.069811686873 0.219578027725 0.000000000000
vt 0.071231670678 0.220396161079 0.000000000000
vt 0.070047125220 0.217765569687 0.000000000000
vt 0.071629017591 0.217338502407 0.000000000000
vt 0.068933710456 0.216317355633 0.000000000000
vt 0.069750465453 0.214895367622 0.000000000000
vt 0.067123740911 0.216081619263 0.000000000000
vt 0.066697269678 0.214497804642 0.000000000000
vt 0.065677255392 0.217196524143 0.000000000000
vt 0.064257279038 0.216378569603 0.000000000000
vt 0.065441891551 0.219008862972 0.000000000000
vt 0.063860073686 0.219435930252 0.000000000000
vt 0.264532089233 0.199676573277 0.000000000000
vt 0.265978336334 0.197316199541 0.000000000000
vt 0.267171829939 0.199048429728 0.000000000000
vt 0.266788601875 0.201063096523 0.000000000000
vt 0.265168637037 0.202318072319 0.000000000000
vt 0.263085812330 0.202037334442 0.000000000000
vt 0.261892318726 0.200305253267 0.000000000000
vt 0.262275695801 0.198290437460 0.000000000000
vt 0.263895660639 0.197035610676 0.000000000000
vt 0.266982853413 0.195676892996 0.000000000000
vt 0.269079208374 0.198524564505 0.000000000000
vt 0.268531471491 0.202133417130 0.000000000000
vt 0.265566706657 0.204257786274 0.000000000000
vt 0.262081444263 0.203676521778 0.000000000000
vt 0.259984940290 0.200828850269 0.000000000000
vt 0.260532677174 0.197219818830 0.000000000000
vt 0.263497710228 0.195095628500 0.000000000000
vt 0.937296330929 0.221434041858 0.000000000000
vt 0.937559664249 0.219625338912 0.000000000000
vt 0.939147949219 0.219222769141 0.000000000000
vt 0.938703417778 0.222273871303 0.000000000000
vt 0.936469078064 0.218159988523 0.000000000000
vt 0.937307596207 0.216750964522 0.000000000000
vt 0.934662580490 0.217896148562 0.000000000000
vt 0.934260845184 0.216305717826 0.000000000000
vt 0.933199226856 0.218988463283 0.000000000000
vt 0.931791841984 0.218148484826 0.000000000000
vt 0.932935893536 0.220796987414 0.000000000000
vt 0.931347489357 0.221199497581 0.000000000000
vt 0.934026777744 0.222262486815 0.000000000000
vt 0.933188021183 0.223671540618 0.000000000000
vt 0.935832738876 0.222526147962 0.000000000000
vt 0.936234712601 0.224116429687 0.000000000000
vt 0.789880394936 0.231970325112 0.000000000000
vt 0.789832472801 0.229212924838 0.000000000000
vt 0.791725635529 0.230053052306 0.000000000000
vt 0.792591810226 0.231910631061 0.000000000000
vt 0.791847109795 0.233852103353 0.000000000000
vt 0.789941251278 0.234690025449 0.000000000000
vt 0.788005352020 0.233931019902 0.000000000000
vt 0.787173032761 0.232026383281 0.000000000000
vt 0.787924230099 0.230085656047 0.000000000000
vt 0.789821267128 0.227284863591 0.000000000000
vt 0.793151021004 0.228602722287 0.000000000000
vt 0.794590473175 0.231969758868 0.000000000000
vt 0.793197035789 0.235315397382 0.000000000000
vt 0.789856791496 0.236674144864 0.000000000000
vt 0.786548733711 0.235269650817 0.000000000000
vt 0.785205423832 0.231946751475 0.000000000000
vt 0.786582648754 0.228659793735 0.000000000000
vt 0.202803000808 0.137855529785 0.000000000000
vt 0.204491257668 0.137160301208 0.000000000000
vt 0.205646321177 0.138322949409 0.000000000000
vt 0.202799081802 0.139495432377 0.000000000000
vt 0.205193638802 0.135473310947 0.000000000000
vt 0.206832021475 0.135477900505 0.000000000000
vt 0.204499259591 0.133782744408 0.000000000000
vt 0.205660954118 0.132625818253 0.000000000000
vt 0.202814653516 0.133079349995 0.000000000000
vt 0.202818438411 0.131438732147 0.000000000000
vt 0.201126620173 0.133774459362 0.000000000000
vt 0.199970766902 0.132611989975 0.000000000000
vt 0.200424164534 0.135461688042 0.000000000000
vt 0.198786079884 0.135457932949 0.000000000000
vt 0.201118469238 0.137152135372 0.000000000000
vt 0.199957445264 0.138308823109 0.000000000000
vt 0.775777339935 0.259228110313 0.000000000000
vt 0.775689959526 0.256468057632 0.000000000000
vt 0.777594566345 0.257287263870 0.000000000000
vt 0.778482198715 0.259134173393 0.000000000000
vt 0.777766108513 0.261088371277 0.000000000000
vt 0.775864958763 0.261988162994 0.000000000000
vt 0.773960232735 0.261168539524 0.000000000000
vt 0.773072242737 0.259321808815 0.000000000000
vt 0.773788690567 0.257367730141 0.000000000000
vt 0.775655031204 0.254535555840 0.000000000000
vt 0.779002189636 0.255821287632 0.000000000000
vt 0.780472517014 0.259164810181 0.000000000000
vt 0.779135942459 0.262502133846 0.000000000000
vt 0.775899529457 0.263920545578 0.000000000000
vt 0.772552609444 0.262634694576 0.000000000000
vt 0.771081924438 0.259291052818 0.000000000000
vt 0.772418737411 0.255954027176 0.000000000000
vt 0.862247943878 0.131806954741 0.000000000000
vt 0.863924801350 0.131085023284 0.000000000000
vt 0.865098595619 0.132229432464 0.000000000000
vt 0.862269878387 0.133447274566 0.000000000000
vt 0.864600419998 0.129387304187 0.000000000000
vt 0.866238713264 0.129365488887 0.000000000000
vt 0.863879442215 0.127708241343 0.000000000000
vt 0.865022182465 0.126532837749 0.000000000000
vt 0.862183988094 0.127031788230 0.000000000000
vt 0.862161934376 0.125391468406 0.000000000000
vt 0.860507071018 0.127753838897 0.000000000000
vt 0.859333276749 0.126609250903 0.000000000000
vt 0.859831333160 0.129451379180 0.000000000000
vt 0.858193159103 0.129473254085 0.000000000000
vt 0.860552370548 0.131130501628 0.000000000000
vt 0.859409689903 0.132305786014 0.000000000000
vt 0.927849829197 0.075247585773 0.000000000000
vt 0.929231286049 0.077588126063 0.000000000000
vt 0.927154242992 0.077919378877 0.000000000000
vt 0.925508141518 0.076614201069 0.000000000000
vt 0.925284564495 0.074577674270 0.000000000000
vt 0.926467478275 0.072902381420 0.000000000000
vt 0.928542912006 0.072567790747 0.000000000000
vt 0.930141031742 0.073895379901 0.000000000000
vt 0.930469155312 0.075918659568 0.000000000000
vt 0.930145978928 0.079321086407 0.000000000000
vt 0.926670730114 0.079771280289 0.000000000000
vt 0.923842132092 0.077675193548 0.000000000000
vt 0.923301517963 0.074064284563 0.000000000000
vt 0.925522506237 0.071151077747 0.000000000000
vt 0.929053962231 0.070694476366 0.000000000000
vt 0.931908488274 0.072886943817 0.000000000000
vt 0.932366430759 0.076511546969 0.000000000000
vt 0.067417688668 0.127741098404 0.000000000000
vt 0.065971136093 0.126626253128 0.000000000000
vt 0.066397748888 0.125042438507 0.000000000000
vt 0.068837814033 0.126923143864 0.000000000000
vt 0.064161159098 0.126861870289 0.000000000000
vt 0.063344120979 0.125440001488 0.000000000000
vt 0.063047677279 0.128310203552 0.000000000000
vt 0.061466295272 0.127883195877 0.000000000000
vt 0.063283182681 0.130122721195 0.000000000000
vt 0.061863057315 0.130940735340 0.000000000000
vt 0.064729519188 0.131237566471 0.000000000000
vt 0.064303122461 0.132821381092 0.000000000000
vt 0.066539637744 0.131001770496 0.000000000000
vt 0.067356534302 0.132423818111 0.000000000000
vt 0.067652910948 0.129553556442 0.000000000000
vt 0.069234654307 0.129980564117 0.000000000000
vt 0.218265026808 0.059435568750 0.000000000000
vt 0.220658451319 0.058047983795 0.000000000000
vt 0.220885902643 0.060139987618 0.000000000000
vt 0.219591468573 0.061729520559 0.000000000000
vt 0.217570394278 0.062061928213 0.000000000000
vt 0.215871602297 0.060823149979 0.000000000000
vt 0.215644508600 0.058731146157 0.000000000000
vt 0.216938585043 0.057141758502 0.000000000000
vt 0.218959718943 0.056809205562 0.000000000000
vt 0.222320586443 0.057084392756 0.000000000000
vt 0.222812205553 0.060587860644 0.000000000000
vt 0.220615774393 0.063501641154 0.000000000000
vt 0.216998904943 0.063957951963 0.000000000000
vt 0.214209467173 0.061786741018 0.000000000000
vt 0.213717907667 0.058283276856 0.000000000000
vt 0.215913861990 0.055369496346 0.000000000000
vt 0.219531148672 0.054913178086 0.000000000000
vt 0.246703326702 0.228071749210 0.000000000000
vt 0.247794330120 0.226606309414 0.000000000000
vt 0.249382555485 0.227008759975 0.000000000000
vt 0.247542291880 0.229480803013 0.000000000000
vt 0.247530937195 0.224797755480 0.000000000000
vt 0.248938098550 0.223957657814 0.000000000000
vt 0.246067345142 0.223705351353 0.000000000000
vt 0.246469125152 0.222115069628 0.000000000000
vt 0.244260996580 0.223969101906 0.000000000000
vt 0.243422344327 0.222560167313 0.000000000000
vt 0.243170306087 0.225434601307 0.000000000000
vt 0.241582080722 0.225032299757 0.000000000000
vt 0.243433773518 0.227243185043 0.000000000000
vt 0.242026746273 0.228083133698 0.000000000000
vt 0.244897216558 0.228335589170 0.000000000000
vt 0.244495272636 0.229925721884 0.000000000000
vt 0.797171533108 0.182023778558 0.000000000000
vt 0.797126829624 0.179300442338 0.000000000000
vt 0.799056112766 0.180076852441 0.000000000000
vt 0.799876570702 0.181986525655 0.000000000000
vt 0.799133300781 0.183948829770 0.000000000000
vt 0.797190189362 0.184742167592 0.000000000000
vt 0.795266687870 0.183957114816 0.000000000000
vt 0.794510662556 0.182053521276 0.000000000000
vt 0.795217931271 0.180128052831 0.000000000000
vt 0.797226727009 0.177311256528 0.000000000000
vt 0.800516188145 0.178753927350 0.000000000000
vt 0.801818907261 0.182057276368 0.000000000000
vt 0.800492286682 0.185275927186 0.000000000000
vt 0.797305703163 0.186696603894 0.000000000000
vt 0.793941259384 0.185455337167 0.000000000000
vt 0.792441129684 0.182080343366 0.000000000000
vt 0.793848633766 0.178649619222 0.000000000000
vt 0.184186741710 0.137855172157 0.000000000000
vt 0.185871273279 0.137151360512 0.000000000000
vt 0.187032371759 0.138308405876 0.000000000000
vt 0.184190660715 0.139495432377 0.000000000000
vt 0.186565577984 0.135461211205 0.000000000000
vt 0.188203960657 0.135457217693 0.000000000000
vt 0.185863196850 0.133774220943 0.000000000000
vt 0.187018752098 0.132611393929 0.000000000000
vt 0.184174939990 0.133078932762 0.000000000000
vt 0.184171155095 0.131438732147 0.000000000000
vt 0.182490408421 0.133782386780 0.000000000000
vt 0.181329295039 0.132625341415 0.000000000000
vt 0.181796178222 0.135472774506 0.000000000000
vt 0.180157721043 0.135476469994 0.000000000000
vt 0.182498559356 0.137159645557 0.000000000000
vt 0.181343048811 0.138322472572 0.000000000000
# 3183 texture coords

o LOW
g LOW
s off
f -2159/-3183/-3180 -2158/-3182/-3179 -2157/-3181/-3178 
f -2157/-3181/-3178 -2156/-3180/-3177 -2159/-3183/-3180 
f -2158/-3182/-3179 -2159/-3183/-3180 -2155/-3179/-3176 
f -2155/-3179/-3176 -2154/-3178/-3175 -2158/-3182/-3179 
f -2153/-3177/-3174 -2158/-3182/-3179 -2154/-3178/-3175 
f -2154/-3178/-3175 -2152/-3176/-3173 -2153/-3177/-3174 
f -2151/-3175/-3172 -2150/-3174/-3171 -2149/-3173/-3170 
f -2149/-3173/-3170 -2148/-3172/-3169 -2151/-3175/-3172 
f -2147/-3171/-3168 -2151/-3175/-3172 -2148/-3172/-3169 
f -2148/-3172/-3169 -2146/-3170/-3167 -2147/-3171/-3168 
f -2151/-3175/-3172 -2147/-3171/-3168 -2156/-3180/-3177 
f -2156/-3180/-3177 -2157/-3181/-3178 -2151/-3175/-3172 
f -2150/-3174/-3171 -2151/-3175/-3172 -2157/-3181/-3178 
f -2157/-3181/-3178 -2145/-3169/-3166 -2150/-3174/-3171 
f -2144/-3168/-3165 -2153/-3177/-3174 -2152/-3176/-3173 
f -2152/-3176/-3173 -2143/-3167/-3164 -2144/-3168/-3165 
f -2142/-3166/-3163 -2144/-3168/-3165 -2143/-3167/-3164 
f -2143/-3167/-3164 -2141/-3165/-3162 -2142/-3166/-3163 
f -2144/-3168/-3165 -2142/-3166/-3163 -2140/-3164/-3161 
f -2140/-3164/-3161 -2139/-3163/-3160 -2144/-3168/-3165 
f -2153/-3177/-3174 -2144/-3168/-3165 -2139/-3163/-3160 
f -2139/-3163/-3160 -2145/-3169/-3166 -2153/-3177/-3174 
f -2138/-3162/-3159 -2150/-3174/-3171 -2145/-3169/-3166 
f -2145/-3169/-3166 -2139/-3163/-3160 -2138/-3162/-3159 
f -2137/-3161/-3158 -2138/-3162/-3159 -2139/-3163/-3160 
f -2139/-3163/-3160 -2140/-3164/-3161 -2137/-3161/-3158 
f -2138/-3162/-3159 -2137/-3161/-3158 -2136/-3160/-3157 
f -2136/-3160/-3157 -2135/-3159/-3156 -2138/-3162/-3159 
f -2150/-3174/-3171 -2138/-3162/-3159 -2135/-3159/-3156 
f -2135/-3159/-3156 -2149/-3173/-3170 -2150/-3174/-3171 
f -2134/-3158/-3155 -2133/-3157/-3154 -2132/-3156/-3153 
f -2132/-3156/-3153 -2131/-3155/-3152 -2134/-3158/-3155 
f -2130/-3154/-3151 -2134/-3158/-3155 -2131/-3155/-3152 
f -2131/-3155/-3152 -2129/-3153/-3150 -2130/-3154/-3151 
f -2134/-3158/-3155 -2130/-3154/-3151 -2136/-3160/-3157 
f -2136/-3160/-3157 -2137/-3161/-3158 -2134/-3158/-3155 
f -2133/-3157/-3154 -2134/-3158/-3155 -2137/-3161/-3158 
f -2137/-3161/-3158 -2140/-3164/-3161 -2133/-3157/-3154 
f -2128/-3152/-3149 -2130/-3154/-3151 -2129/-3153/-3150 
f -2129/-3153/-3150 -2127/-3151/-3148 -2128/-3152/-3149 
f -2126/-3150/-3147 -2128/-3152/-3149 -2127/-3151/-3148 
f -2127/-3151/-3148 -2125/-3149/-3146 -2126/-3150/-3147 
f -2128/-3152/-3149 -2126/-3150/-3147 -2149/-3173/-3170 
f -2149/-3173/-3170 -2135/-3159/-3156 -2128/-3152/-3149 
f -2130/-3154/-3151 -2128/-3152/-3149 -2135/-3159/-3156 
f -2135/-3159/-3156 -2136/-3160/-3157 -2130/-3154/-3151 
f -2124/-3148/-3145 -2126/-3150/-3147 -2125/-3149/-3146 
f -2125/-3149/-3146 -2123/-3147/-3144 -2124/-3148/-3145 
f -2122/-3146/-3143 -2124/-3148/-3145 -2123/-3147/-3144 
f -2123/-3147/-3144 -2121/-3145/-3142 -2122/-3146/-3143 
f -2124/-3148/-3145 -2122/-3146/-3143 -2146/-3170/-3167 
f -2146/-3170/-3167 -2148/-3172/-3169 -2124/-3148/-3145 
f -2126/-3150/-3147 -2124/-3148/-3145 -2148/-3172/-3169 
f -2148/-3172/-3169 -2149/-3173/-3170 -2126/-3150/-3147 
f -2120/-3144/-3141 -2122/-3146/-3143 -2121/-3145/-3142 
f -2121/-3145/-3142 -2119/-3143/-3140 -2120/-3144/-3141 
f -2118/-3142/-3139 -2120/-3144/-3141 -2119/-3143/-3140 
f -2119/-3143/-3140 -2117/-3141/-3138 -2118/-3142/-3139 
f -2120/-3144/-3141 -2118/-3142/-3139 -2156/-3180/-3177 
f -2156/-3180/-3177 -2147/-3171/-3168 -2120/-3144/-3141 
f -2122/-3146/-3143 -2120/-3144/-3141 -2147/-3171/-3168 
f -2147/-3171/-3168 -2146/-3170/-3167 -2122/-3146/-3143 
f -2116/-3140/-3137 -2118/-3142/-3139 -2117/-3141/-3138 
f -2117/-3141/-3138 -2115/-3139/-3136 -2116/-3140/-3137 
f -2114/-3138/-3135 -2116/-3140/-3137 -2115/-3139/-3136 
f -2115/-3139/-3136 -2113/-3137/-3134 -2114/-3138/-3135 
f -2116/-3140/-3137 -2114/-3138/-3135 -2155/-3179/-3176 
f -2155/-3179/-3176 -2159/-3183/-3180 -2116/-3140/-3137 
f -2118/-3142/-3139 -2116/-3140/-3137 -2159/-3183/-3180 
f -2159/-3183/-3180 -2156/-3180/-3177 -2118/-3142/-3139 
f -2112/-3136/-3133 -2114/-3138/-3135 -2113/-3137/-3134 
f -2113/-3137/-3134 -2111/-3135/-3132 -2112/-3136/-3133 
f -2110/-3134/-3131 -2112/-3136/-3133 -2111/-3135/-3132 
f -2111/-3135/-3132 -2109/-3133/-3130 -2110/-3134/-3131 
f -2112/-3136/-3133 -2110/-3134/-3131 -2152/-3176/-3173 
f -2152/-3176/-3173 -2154/-3178/-3175 -2112/-3136/-3133 
f -2114/-3138/-3135 -2112/-3136/-3133 -2154/-3178/-3175 
f -2154/-3178/-3175 -2155/-3179/-3176 -2114/-3138/-3135 
f -2108/-3132/-3129 -2110/-3134/-3131 -2109/-3133/-3130 
f -2109/-3133/-3130 -2107/-3131/-3128 -2108/-3132/-3129 
f -2106/-3130/-3127 -2108/-3132/-3129 -2107/-3131/-3128 
f -2107/-3131/-3128 -2105/-3129/-3126 -2106/-3130/-3127 
f -2108/-3132/-3129 -2106/-3130/-3127 -2141/-3165/-3162 
f -2141/-3165/-3162 -2143/-3167/-3164 -2108/-3132/-3129 
f -2110/-3134/-3131 -2108/-3132/-3129 -2143/-3167/-3164 
f -2143/-3167/-3164 -2152/-3176/-3173 -2110/-3134/-3131 
f -2133/-3157/-3154 -2104/-3128/-3125 -2103/-3127/-3124 
f -2103/-3127/-3124 -2132/-3156/-3153 -2133/-3157/-3154 
f -2104/-3128/-3125 -2133/-3157/-3154 -2140/-3164/-3161 
f -2140/-3164/-3161 -2142/-3166/-3163 -2104/-3128/-3125 
f -2106/-3130/-3127 -2104/-3128/-3125 -2142/-3166/-3163 
f -2142/-3166/-3163 -2141/-3165/-3162 -2106/-3130/-3127 
f -2104/-3128/-3125 -2106/-3130/-3127 -2105/-3129/-3126 
f -2105/-3129/-3126 -2103/-3127/-3124 -2104/-3128/-3125 
f -2102/-3126/-3123 -2101/-3125/-3122 -2100/-3124/-3121 
f -2100/-3124/-3121 -2099/-3123/-3120 -2102/-3126/-3123 
f -2098/-3122/-3119 -2100/-3124/-3121 -2101/-3125/-3122 
f -2101/-3125/-3122 -2097/-3121/-3118 -2098/-3122/-3119 
f -2097/-3121/-3118 -2101/-3125/-3122 -2096/-3120/-3117 
f -2096/-3120/-3117 -2095/-3119/-3116 -2097/-3121/-3118 
f -2094/-3118/-3115 -2093/-3117/-3114 -2092/-3116/-3113 
f -2092/-3116/-3113 -2091/-3115/-3112 -2094/-3118/-3115 
f -2091/-3115/-3112 -2092/-3116/-3113 -2090/-3114/-3111 
f -2090/-3114/-3111 -2089/-3113/-3110 -2091/-3115/-3112 
f -2099/-3123/-3120 -2090/-3114/-3111 -2092/-3116/-3113 
f -2092/-3116/-3113 -2102/-3126/-3123 -2099/-3123/-3120 
f -2102/-3126/-3123 -2092/-3116/-3113 -2093/-3117/-3114 
f -2093/-3117/-3114 -2088/-3112/-3109 -2102/-3126/-3123 
f -2095/-3119/-3116 -2096/-3120/-3117 -2087/-3111/-3108 
f -2087/-3111/-3108 -2086/-3110/-3107 -2095/-3119/-3116 
f -2086/-3110/-3107 -2087/-3111/-3108 -2085/-3109/-3106 
f -2085/-3109/-3106 -2084/-3108/-3105 -2086/-3110/-3107 
f -2083/-3107/-3104 -2085/-3109/-3106 -2087/-3111/-3108 
f -2087/-3111/-3108 -2082/-3106/-3103 -2083/-3107/-3104 
f -2082/-3106/-3103 -2087/-3111/-3108 -2096/-3120/-3117 
f -2096/-3120/-3117 -2088/-3112/-3109 -2082/-3106/-3103 
f -2088/-3112/-3109 -2093/-3117/-3114 -2081/-3105/-3102 
f -2081/-3105/-3102 -2082/-3106/-3103 -2088/-3112/-3109 
f -2082/-3106/-3103 -2081/-3105/-3102 -2080/-3104/-3101 
f -2080/-3104/-3101 -2083/-3107/-3104 -2082/-3106/-3103 
f -2079/-3103/-3100 -2080/-3104/-3101 -2081/-3105/-3102 
f -2081/-3105/-3102 -2078/-3102/-3099 -2079/-3103/-3100 
f -2078/-3102/-3099 -2081/-3105/-3102 -2093/-3117/-3114 
f -2093/-3117/-3114 -2094/-3118/-3115 -2078/-3102/-3099 
f -2077/-3101/-3098 -2076/-3100/-3097 -2075/-3099/-3096 
f -2075/-3099/-3096 -2074/-3098/-3095 -2077/-3101/-3098 
f -2074/-3098/-3095 -2075/-3099/-3096 -2073/-3097/-3094 
f -2073/-3097/-3094 -2072/-3096/-3093 -2074/-3098/-3095 
f -2079/-3103/-3100 -2073/-3097/-3094 -2075/-3099/-3096 
f -2075/-3099/-3096 -2080/-3104/-3101 -2079/-3103/-3100 
f -2080/-3104/-3101 -2075/-3099/-3096 -2076/-3100/-3097 
f -2076/-3100/-3097 -2083/-3107/-3104 -2080/-3104/-3101 
f -2072/-3096/-3093 -2073/-3097/-3094 -2071/-3095/-3092 
f -2071/-3095/-3092 -2070/-3094/-3091 -2072/-3096/-3093 
f -2070/-3094/-3091 -2071/-3095/-3092 -2069/-3093/-3090 
f -2069/-3093/-3090 -2068/-3092/-3089 -2070/-3094/-3091 
f -2094/-3118/-3115 -2069/-3093/-3090 -2071/-3095/-3092 
f -2071/-3095/-3092 -2078/-3102/-3099 -2094/-3118/-3115 
f -2078/-3102/-3099 -2071/-3095/-3092 -2073/-3097/-3094 
f -2073/-3097/-3094 -2079/-3103/-3100 -2078/-3102/-3099 
f -2068/-3092/-3089 -2069/-3093/-3090 -2067/-3091/-3088 
f -2067/-3091/-3088 -2066/-3090/-3087 -2068/-3092/-3089 
f -2066/-3090/-3087 -2067/-3091/-3088 -2065/-3089/-3086 
f -2065/-3089/-3086 -2064/-3088/-3085 -2066/-3090/-3087 
f -2089/-3113/-3110 -2065/-3089/-3086 -2067/-3091/-3088 
f -2067/-3091/-3088 -2091/-3115/-3112 -2089/-3113/-3110 
f -2091/-3115/-3112 -2067/-3091/-3088 -2069/-3093/-3090 
f -2069/-3093/-3090 -2094/-3118/-3115 -2091/-3115/-3112 
f -2063/-3087/-3084 -2062/-3086/-3083 -2061/-3085/-3082 
f -2061/-3085/-3082 -2060/-3084/-3081 -2063/-3087/-3084 
f -2099/-3123/-3120 -2061/-3085/-3082 -2062/-3086/-3083 
f -2062/-3086/-3083 -2090/-3114/-3111 -2099/-3123/-3120 
f -2090/-3114/-3111 -2062/-3086/-3083 -2065/-3089/-3086 
f -2065/-3089/-3086 -2089/-3113/-3110 -2090/-3114/-3111 
f -2060/-3084/-3081 -2061/-3085/-3082 -2059/-3083/-3080 
f -2059/-3083/-3080 -2058/-3082/-3079 -2060/-3084/-3081 
f -2058/-3082/-3079 -2059/-3083/-3080 -2057/-3081/-3078 
f -2057/-3081/-3078 -2056/-3080/-3077 -2058/-3082/-3079 
f -2098/-3122/-3119 -2057/-3081/-3078 -2059/-3083/-3080 
f -2059/-3083/-3080 -2100/-3124/-3121 -2098/-3122/-3119 
f -2100/-3124/-3121 -2059/-3083/-3080 -2061/-3085/-3082 
f -2061/-3085/-3082 -2099/-3123/-3120 -2100/-3124/-3121 
f -2056/-3080/-3077 -2057/-3081/-3078 -2055/-3079/-3076 
f -2055/-3079/-3076 -2054/-3078/-3075 -2056/-3080/-3077 
f -2054/-3078/-3075 -2055/-3079/-3076 -2053/-3077/-3074 
f -2053/-3077/-3074 -2052/-3076/-3073 -2054/-3078/-3075 
f -2095/-3119/-3116 -2053/-3077/-3074 -2055/-3079/-3076 
f -2055/-3079/-3076 -2097/-3121/-3118 -2095/-3119/-3116 
f -2097/-3121/-3118 -2055/-3079/-3076 -2057/-3081/-3078 
f -2057/-3081/-3078 -2098/-3122/-3119 -2097/-3121/-3118 
f -2052/-3076/-3073 -2053/-3077/-3074 -2051/-3075/-3072 
f -2051/-3075/-3072 -2050/-3074/-3071 -2052/-3076/-3073 
f -2050/-3074/-3071 -2051/-3075/-3072 -2049/-3073/-3070 
f -2049/-3073/-3070 -2048/-3072/-3069 -2050/-3074/-3071 
f -2084/-3108/-3105 -2049/-3073/-3070 -2051/-3075/-3072 
f -2051/-3075/-3072 -2086/-3110/-3107 -2084/-3108/-3105 
f -2086/-3110/-3107 -2051/-3075/-3072 -2053/-3077/-3074 
f -2053/-3077/-3074 -2095/-3119/-3116 -2086/-3110/-3107 
f -2048/-3072/-3069 -2049/-3073/-3070 -2047/-3071/-3068 
f -2047/-3071/-3068 -2046/-3070/-3067 -2048/-3072/-3069 
f -2046/-3070/-3067 -2047/-3071/-3068 -2076/-3100/-3097 
f -2076/-3100/-3097 -2077/-3101/-3098 -2046/-3070/-3067 
f -2083/-3107/-3104 -2076/-3100/-3097 -2047/-3071/-3068 
f -2047/-3071/-3068 -2085/-3109/-3106 -2083/-3107/-3104 
f -2085/-3109/-3106 -2047/-3071/-3068 -2049/-3073/-3070 
f -2049/-3073/-3070 -2084/-3108/-3105 -2085/-3109/-3106 
f -2131/-3069/-3066 -2132/-3068/-3065 -2077/-3067/-3064 
f -2077/-3067/-3064 -2074/-3066/-3063 -2131/-3069/-3066 
f -2129/-3065/-3062 -2131/-3069/-3066 -2074/-3066/-3063 
f -2074/-3066/-3063 -2072/-3064/-3061 -2129/-3065/-3062 
f -2127/-3063/-3060 -2129/-3065/-3062 -2072/-3064/-3061 
f -2072/-3064/-3061 -2070/-3062/-3059 -2127/-3063/-3060 
f -2125/-3061/-3058 -2127/-3063/-3060 -2070/-3062/-3059 
f -2070/-3062/-3059 -2068/-3060/-3057 -2125/-3061/-3058 
f -2123/-3059/-3056 -2125/-3058/-3055 -2068/-3057/-3054 
f -2068/-3057/-3054 -2066/-3056/-3053 -2123/-3059/-3056 
f -2121/-3055/-3052 -2123/-3059/-3056 -2066/-3056/-3053 
f -2066/-3056/-3053 -2064/-3054/-3051 -2121/-3055/-3052 
f -2119/-3053/-3050 -2121/-3055/-3052 -2064/-3054/-3051 
f -2064/-3054/-3051 -2063/-3052/-3049 -2119/-3053/-3050 
f -2117/-3051/-3048 -2119/-3053/-3050 -2063/-3052/-3049 
f -2063/-3052/-3049 -2060/-3050/-3047 -2117/-3051/-3048 
f -2115/-3049/-3046 -2117/-3048/-3045 -2060/-3047/-3044 
f -2060/-3047/-3044 -2058/-3046/-3043 -2115/-3049/-3046 
f -2113/-3045/-3042 -2115/-3049/-3046 -2058/-3046/-3043 
f -2058/-3046/-3043 -2056/-3044/-3041 -2113/-3045/-3042 
f -2111/-3043/-3040 -2113/-3045/-3042 -2056/-3044/-3041 
f -2056/-3044/-3041 -2054/-3042/-3039 -2111/-3043/-3040 
f -2109/-3041/-3038 -2111/-3043/-3040 -2054/-3042/-3039 
f -2054/-3042/-3039 -2052/-3040/-3037 -2109/-3041/-3038 
f -2107/-3039/-3036 -2109/-3038/-3035 -2052/-3037/-3034 
f -2052/-3037/-3034 -2050/-3036/-3033 -2107/-3039/-3036 
f -2105/-3035/-3032 -2107/-3039/-3036 -2050/-3036/-3033 
f -2050/-3036/-3033 -2048/-3034/-3031 -2105/-3035/-3032 
f -2132/-3033/-3030 -2103/-3032/-3029 -2046/-3031/-3028 
f -2046/-3031/-3028 -2077/-3030/-3027 -2132/-3033/-3030 
f -2088/-3112/-3109 -2096/-3120/-3117 -2101/-3125/-3122 
f -2101/-3125/-3122 -2102/-3126/-3123 -2088/-3112/-3109 
f -2158/-3182/-3179 -2153/-3177/-3174 -2145/-3169/-3166 
f -2145/-3169/-3166 -2157/-3181/-3178 -2158/-3182/-3179 
f -2064/-3088/-3085 -2065/-3089/-3086 -2062/-3086/-3083 
f -2062/-3086/-3083 -2063/-3087/-3084 -2064/-3088/-3085 
f -2103/-3032/-3029 -2105/-3035/-3032 -2048/-3034/-3031 
f -2048/-3034/-3031 -2046/-3031/-3028 -2103/-3032/-3029 
f -2045/-3029/-3026 -2044/-3028/-3025 -2043/-3027/-3024 
f -2043/-3027/-3024 -2042/-3026/-3023 -2045/-3029/-3026 
f -2042/-3026/-3023 -2041/-3025/-3022 -2040/-3024/-3021 
f -2040/-3024/-3021 -2045/-3029/-3026 -2042/-3026/-3023 
f -2039/-3023/-3020 -2038/-3022/-3019 -2037/-3021/-3018 
f -2037/-3021/-3018 -2036/-3020/-3017 -2039/-3023/-3020 
f -2041/-3025/-3022 -2039/-3023/-3020 -2036/-3020/-3017 
f -2036/-3020/-3017 -2040/-3024/-3021 -2041/-3025/-3022 
f -2035/-3019/-3016 -2034/-3018/-3015 -2033/-3017/-3014 
f -2033/-3017/-3014 -2032/-3016/-3013 -2035/-3019/-3016 
f -2033/-3017/-3014 -2034/-3018/-3015 -2031/-3015/-3012 
f -2031/-3015/-3012 -2030/-3014/-3011 -2033/-3017/-3014 
f -2029/-3013/-3010 -2028/-3012/-3009 -2030/-3014/-3011 
f -2030/-3014/-3011 -2027/-3011/-3008 -2029/-3013/-3010 
f -2026/-3010/-3007 -2025/-3009/-3006 -2044/-3028/-3025 
f -2044/-3028/-3025 -2045/-3029/-3026 -2026/-3010/-3007 
f -2026/-3010/-3007 -2035/-3019/-3016 -2032/-3016/-3013 
f -2032/-3016/-3013 -2025/-3009/-3006 -2026/-3010/-3007 
f -2024/-3008/-3005 -2023/-3007/-3004 -2043/-3027/-3024 
f -2043/-3027/-3024 -2044/-3028/-3025 -2024/-3008/-3005 
f -2023/-3007/-3004 -2024/-3008/-3005 -2022/-3006/-3003 
f -2022/-3006/-3003 -2021/-3005/-3002 -2023/-3007/-3004 
f -2020/-3004/-3001 -2019/-3003/-3000 -2018/-3002/-2999 
f -2018/-3002/-2999 -2017/-3001/-2998 -2020/-3004/-3001 
f -2021/-3005/-3002 -2022/-3006/-3003 -2019/-3003/-3000 
f -2019/-3003/-3000 -2020/-3004/-3001 -2021/-3005/-3002 
f -2016/-3000/-2997 -2032/-3016/-3013 -2033/-3017/-3014 
f -2033/-3017/-3014 -2015/-2999/-2996 -2016/-3000/-2997 
f -2033/-3017/-3014 -2030/-3014/-3011 -2028/-3012/-3009 
f -2028/-3012/-3009 -2015/-2999/-2996 -2033/-3017/-3014 
f -2014/-2998/-2995 -2024/-3008/-3005 -2044/-3028/-3025 
f -2044/-3028/-3025 -2025/-3009/-3006 -2014/-2998/-2995 
f -2014/-2998/-2995 -2025/-3009/-3006 -2032/-3016/-3013 
f -2032/-3016/-3013 -2016/-3000/-2997 -2014/-2998/-2995 
f -2013/-2997/-2994 -2029/-3013/-3010 -2027/-3011/-3008 
f -2012/-2996/-2993 -2027/-3011/-3008 -2030/-3014/-3011 
f -2030/-3014/-3011 -2031/-3015/-3012 -2012/-2996/-2993 
f -2027/-3011/-3008 -2012/-2996/-2993 -2013/-2997/-2994 
f -2011/-2995/-2992 -2010/-2994/-2991 -2009/-2993/-2990 
f -2009/-2993/-2990 -2008/-2992/-2989 -2011/-2995/-2992 
f -2007/-2991/-2988 -2006/-2990/-2987 -2008/-2992/-2989 
f -2008/-2992/-2989 -2009/-2993/-2990 -2007/-2991/-2988 
f -2005/-2989/-2986 -2004/-2988/-2985 -2003/-2987/-2984 
f -2003/-2987/-2984 -2002/-2986/-2983 -2005/-2989/-2986 
f -2002/-2986/-2983 -2003/-2987/-2984 -2006/-2990/-2987 
f -2006/-2990/-2987 -2007/-2991/-2988 -2002/-2986/-2983 
f -2001/-2985/-2982 -2000/-2984/-2981 -1999/-2983/-2980 
f -1999/-2983/-2980 -1998/-2982/-2979 -2001/-2985/-2982 
f -1997/-2981/-2978 -2000/-2984/-2981 -2001/-2985/-2982 
f -2001/-2985/-2982 -1996/-2980/-2977 -1997/-2981/-2978 
f -1996/-2980/-2977 -1995/-2979/-2976 -1994/-2978/-2975 
f -1994/-2978/-2975 -1993/-2977/-2974 -1996/-2980/-2977 
f -2010/-2994/-2991 -1992/-2976/-2973 -1991/-2975/-2972 
f -1991/-2975/-2972 -2009/-2993/-2990 -2010/-2994/-2991 
f -1998/-2982/-2979 -1999/-2983/-2980 -1991/-2975/-2972 
f -1991/-2975/-2972 -1992/-2976/-2973 -1998/-2982/-2979 
f -2011/-2995/-2992 -1990/-2974/-2971 -1989/-2973/-2970 
f -1989/-2973/-2970 -2010/-2994/-2991 -2011/-2995/-2992 
f -1988/-2972/-2969 -1989/-2973/-2970 -1990/-2974/-2971 
f -1990/-2974/-2971 -1987/-2971/-2968 -1988/-2972/-2969 
f -1986/-2970/-2967 -1985/-2969/-2966 -1984/-2968/-2965 
f -1984/-2968/-2965 -1983/-2967/-2964 -1986/-2970/-2967 
f -1985/-2969/-2966 -1988/-2972/-2969 -1987/-2971/-2968 
f -1987/-2971/-2968 -1984/-2968/-2965 -1985/-2969/-2966 
f -2001/-2985/-2982 -1998/-2982/-2979 -1982/-2966/-2963 
f -1982/-2966/-2963 -1981/-2965/-2962 -2001/-2985/-2982 
f -1995/-2979/-2976 -1996/-2980/-2977 -2001/-2985/-2982 
f -2001/-2985/-2982 -1981/-2965/-2962 -1995/-2979/-2976 
f -2010/-2994/-2991 -1989/-2973/-2970 -1980/-2964/-2961 
f -1980/-2964/-2961 -1992/-2976/-2973 -2010/-2994/-2991 
f -1998/-2982/-2979 -1992/-2976/-2973 -1980/-2964/-2961 
f -1980/-2964/-2961 -1982/-2966/-2963 -1998/-2982/-2979 
f -1993/-2977/-2974 -1994/-2978/-2975 -1979/-2963/-2960 
f -1996/-2980/-2977 -1993/-2977/-2974 -1978/-2962/-2959 
f -1978/-2962/-2959 -1997/-2981/-2978 -1996/-2980/-2977 
f -1979/-2963/-2960 -1978/-2962/-2959 -1993/-2977/-2974 
f -1977/-2961/-2958 -1976/-2960/-2957 -1975/-2959/-2956 
f -1975/-2959/-2956 -1974/-2958/-2955 -1977/-2961/-2958 
f -1973/-2957/-2954 -1972/-2956/-2953 -1971/-2955/-2952 
f -1971/-2955/-2952 -1970/-2954/-2951 -1973/-2957/-2954 
f -1976/-2960/-2957 -1969/-2953/-2950 -1968/-2952/-2949 
f -1968/-2952/-2949 -1975/-2959/-2956 -1976/-2960/-2957 
f -1967/-2951/-2948 -1966/-2950/-2947 -1965/-2949/-2946 
f -1965/-2949/-2946 -1964/-2948/-2945 -1967/-2951/-2948 
f -1963/-2947/-2944 -1962/-2946/-2943 -1961/-2945/-2942 
f -1961/-2945/-2942 -1960/-2944/-2941 -1963/-2947/-2944 
f -1966/-2950/-2947 -1973/-2957/-2954 -1970/-2954/-2951 
f -1970/-2954/-2951 -1965/-2949/-2946 -1966/-2950/-2947 
f -1969/-2953/-2950 -1963/-2947/-2944 -1960/-2944/-2941 
f -1960/-2944/-2941 -1968/-2952/-2949 -1969/-2953/-2950 
f -1959/-2943/-2940 -1958/-2942/-2939 -1957/-2941/-2938 
f -1957/-2941/-2938 -1956/-2940/-2937 -1959/-2943/-2940 
f -1958/-2942/-2939 -1955/-2939/-2936 -1954/-2938/-2935 
f -1954/-2938/-2935 -1957/-2941/-2938 -1958/-2942/-2939 
f -1953/-2937/-2934 -1952/-2936/-2933 -1951/-2935/-2932 
f -1951/-2935/-2932 -1950/-2934/-2931 -1953/-2937/-2934 
f -1949/-2933/-2930 -1959/-2943/-2940 -1956/-2940/-2937 
f -1956/-2940/-2937 -1948/-2932/-2929 -1949/-2933/-2930 
f -1947/-2931/-2928 -1977/-2930/-2927 -1974/-2929/-2926 
f -1974/-2929/-2926 -1946/-2928/-2925 -1947/-2931/-2928 
f -1945/-2927/-2924 -1947/-2931/-2928 -1946/-2928/-2925 
f -1946/-2928/-2925 -1944/-2926/-2923 -1945/-2927/-2924 
f -1943/-2925/-2922 -1942/-2924/-2921 -1941/-2923/-2920 
f -1941/-2923/-2920 -1940/-2922/-2919 -1943/-2925/-2922 
f -1939/-2921/-2918 -1938/-2920/-2917 -1937/-2919/-2916 
f -1937/-2919/-2916 -1936/-2918/-2915 -1939/-2921/-2918 
f -1935/-2917/-2914 -1934/-2916/-2913 -1933/-2915/-2912 
f -1933/-2915/-2912 -1932/-2914/-2911 -1935/-2917/-2914 
f -1938/-2920/-2917 -1945/-2927/-2924 -1944/-2926/-2923 
f -1944/-2926/-2923 -1937/-2919/-2916 -1938/-2920/-2917 
f -1942/-2924/-2921 -1935/-2917/-2914 -1932/-2914/-2911 
f -1932/-2914/-2911 -1941/-2923/-2920 -1942/-2924/-2921 
f -1931/-2913/-2910 -1930/-2912/-2909 -1929/-2911/-2908 
f -1929/-2911/-2908 -1928/-2910/-2907 -1931/-2913/-2910 
f -1952/-2936/-2933 -1931/-2913/-2910 -1928/-2910/-2907 
f -1928/-2910/-2907 -1951/-2935/-2932 -1952/-2936/-2933 
f -1927/-2909/-2906 -1943/-2925/-2922 -1940/-2922/-2919 
f -1940/-2922/-2919 -1926/-2908/-2905 -1927/-2909/-2906 
f -1930/-2912/-2909 -1927/-2909/-2906 -1926/-2908/-2905 
f -1926/-2908/-2905 -1929/-2911/-2908 -1930/-2912/-2909 
f -1925/-2907/-2904 -1953/-2937/-2934 -1950/-2934/-2931 
f -1950/-2934/-2931 -1924/-2906/-2903 -1925/-2907/-2904 
f -1955/-2939/-2936 -1923/-2905/-2902 -1922/-2904/-2901 
f -1922/-2904/-2901 -1954/-2938/-2935 -1955/-2939/-2936 
f -1923/-2905/-2902 -1925/-2903/-2900 -1924/-2902/-2899 
f -1924/-2902/-2899 -1922/-2904/-2901 -1923/-2905/-2902 
f -1972/-2956/-2953 -1949/-2933/-2930 -1948/-2932/-2929 
f -1948/-2932/-2929 -1971/-2955/-2952 -1972/-2956/-2953 
f -2043/-3027/-3024 -1974/-2901/-2898 -1975/-2900/-2897 
f -1975/-2900/-2897 -2042/-3026/-3023 -2043/-3027/-3024 
f -2040/-3024/-3021 -1970/-2899/-2896 -1971/-2898/-2895 
f -1971/-2898/-2895 -2045/-3029/-3026 -2040/-3024/-3021 
f -2042/-3026/-3023 -1975/-2900/-2897 -1968/-2897/-2894 
f -1968/-2897/-2894 -2041/-3025/-3022 -2042/-3026/-3023 
f -2037/-3021/-3018 -1964/-2896/-2893 -1965/-2895/-2892 
f -1965/-2895/-2892 -2036/-3020/-3017 -2037/-3021/-3018 
f -2039/-3023/-3020 -1960/-2894/-2891 -1961/-2893/-2890 
f -1961/-2893/-2890 -2038/-3022/-3019 -2039/-3023/-3020 
f -2036/-3020/-3017 -1965/-2895/-2892 -1970/-2899/-2896 
f -1970/-2899/-2896 -2040/-3024/-3021 -2036/-3020/-3017 
f -2041/-3025/-3022 -1968/-2897/-2894 -1960/-2894/-2891 
f -1960/-2894/-2891 -2039/-3023/-3020 -2041/-3025/-3022 
f -2035/-3019/-3016 -1956/-2892/-2889 -1957/-2891/-2888 
f -1957/-2891/-2888 -2034/-3018/-3015 -2035/-3019/-3016 
f -2034/-3018/-3015 -1957/-2891/-2888 -1954/-2890/-2887 
f -1954/-2890/-2887 -2031/-3015/-3012 -2034/-3018/-3015 
f -2029/-3013/-3010 -1950/-2889/-2886 -1951/-2888/-2885 
f -1951/-2888/-2885 -2028/-3012/-3009 -2029/-3013/-3010 
f -2045/-3029/-3026 -1971/-2898/-2895 -1948/-2887/-2884 
f -1948/-2887/-2884 -2026/-3010/-3007 -2045/-3029/-3026 
f -2026/-3010/-3007 -1948/-2887/-2884 -1956/-2892/-2889 
f -1956/-2892/-2889 -2035/-3019/-3016 -2026/-3010/-3007 
f -2023/-3007/-3004 -1946/-2886/-2883 -1974/-2901/-2898 
f -1974/-2901/-2898 -2043/-3027/-3024 -2023/-3007/-3004 
f -2021/-3005/-3002 -1944/-2885/-2882 -1946/-2886/-2883 
f -1946/-2886/-2883 -2023/-3007/-3004 -2021/-3005/-3002 
f -2024/-3008/-3005 -1940/-2884/-2881 -1941/-2883/-2880 
f -1941/-2883/-2880 -2022/-3006/-3003 -2024/-3008/-3005 
f -2017/-3001/-2998 -1936/-2882/-2879 -1937/-2881/-2878 
f -1937/-2881/-2878 -2020/-3004/-3001 -2017/-3001/-2998 
f -2019/-3003/-3000 -1932/-2880/-2877 -1933/-2879/-2876 
f -1933/-2879/-2876 -2018/-3002/-2999 -2019/-3003/-3000 
f -2020/-3004/-3001 -1937/-2881/-2878 -1944/-2885/-2882 
f -1944/-2885/-2882 -2021/-3005/-3002 -2020/-3004/-3001 
f -2022/-3006/-3003 -1941/-2883/-2880 -1932/-2880/-2877 
f -1932/-2880/-2877 -2019/-3003/-3000 -2022/-3006/-3003 
f -2015/-2999/-2996 -1928/-2878/-2875 -1929/-2877/-2874 
f -1929/-2877/-2874 -2016/-3000/-2997 -2015/-2999/-2996 
f -2028/-3012/-3009 -1951/-2888/-2885 -1928/-2878/-2875 
f -1928/-2878/-2875 -2015/-2999/-2996 -2028/-3012/-3009 
f -2014/-2998/-2995 -1926/-2876/-2873 -1940/-2884/-2881 
f -1940/-2884/-2881 -2024/-3008/-3005 -2014/-2998/-2995 
f -2016/-3000/-2997 -1929/-2877/-2874 -1926/-2876/-2873 
f -1926/-2876/-2873 -2014/-2998/-2995 -2016/-3000/-2997 
f -2013/-2997/-2994 -1924/-2875/-2872 -1950/-2889/-2886 
f -1950/-2889/-2886 -2029/-3013/-3010 -2013/-2997/-2994 
f -2031/-3015/-3012 -1954/-2890/-2887 -1922/-2874/-2871 
f -1922/-2874/-2871 -2012/-2996/-2993 -2031/-3015/-3012 
f -2012/-2996/-2993 -1922/-2874/-2871 -1924/-2875/-2872 
f -1924/-2875/-2872 -2013/-2997/-2994 -2012/-2996/-2993 
f -2008/-2992/-2989 -1976/-2873/-2870 -1977/-2872/-2869 
f -1977/-2872/-2869 -2011/-2995/-2992 -2008/-2992/-2989 
f -2009/-2993/-2990 -1972/-2871/-2868 -1973/-2870/-2867 
f -1973/-2870/-2867 -2007/-2991/-2988 -2009/-2993/-2990 
f -2006/-2990/-2987 -1969/-2869/-2866 -1976/-2873/-2870 
f -1976/-2873/-2870 -2008/-2992/-2989 -2006/-2990/-2987 
f -2002/-2986/-2983 -1966/-2868/-2865 -1967/-2867/-2864 
f -1967/-2867/-2864 -2005/-2989/-2986 -2002/-2986/-2983 
f -2004/-2988/-2985 -1962/-2866/-2863 -1963/-2865/-2862 
f -1963/-2865/-2862 -2003/-2987/-2984 -2004/-2988/-2985 
f -2007/-2991/-2988 -1973/-2870/-2867 -1966/-2868/-2865 
f -1966/-2868/-2865 -2002/-2986/-2983 -2007/-2991/-2988 
f -2003/-2987/-2984 -1963/-2865/-2862 -1969/-2869/-2866 
f -1969/-2869/-2866 -2006/-2990/-2987 -2003/-2987/-2984 
f -2000/-2984/-2981 -1958/-2864/-2861 -1959/-2863/-2860 
f -1959/-2863/-2860 -1999/-2983/-2980 -2000/-2984/-2981 
f -1997/-2981/-2978 -1955/-2862/-2859 -1958/-2864/-2861 
f -1958/-2864/-2861 -2000/-2984/-2981 -1997/-2981/-2978 
f -1995/-2979/-2976 -1952/-2861/-2858 -1953/-2860/-2857 
f -1953/-2860/-2857 -1994/-2978/-2975 -1995/-2979/-2976 
f -1991/-2975/-2972 -1949/-2859/-2856 -1972/-2871/-2868 
f -1972/-2871/-2868 -2009/-2993/-2990 -1991/-2975/-2972 
f -1999/-2983/-2980 -1959/-2863/-2860 -1949/-2859/-2856 
f -1949/-2859/-2856 -1991/-2975/-2972 -1999/-2983/-2980 
f -2011/-2995/-2992 -1977/-2872/-2869 -1947/-2858/-2855 
f -1947/-2858/-2855 -1990/-2974/-2971 -2011/-2995/-2992 
f -1990/-2974/-2971 -1947/-2858/-2855 -1945/-2857/-2854 
f -1945/-2857/-2854 -1987/-2971/-2968 -1990/-2974/-2971 
f -1988/-2972/-2969 -1942/-2856/-2853 -1943/-2855/-2852 
f -1943/-2855/-2852 -1989/-2973/-2970 -1988/-2972/-2969 
f -1984/-2968/-2965 -1938/-2854/-2851 -1939/-2853/-2850 
f -1939/-2853/-2850 -1983/-2967/-2964 -1984/-2968/-2965 
f -1986/-2970/-2967 -1934/-2852/-2849 -1935/-2851/-2848 
f -1935/-2851/-2848 -1985/-2969/-2966 -1986/-2970/-2967 
f -1987/-2971/-2968 -1945/-2857/-2854 -1938/-2854/-2851 
f -1938/-2854/-2851 -1984/-2968/-2965 -1987/-2971/-2968 
f -1985/-2969/-2966 -1935/-2851/-2848 -1942/-2856/-2853 
f -1942/-2856/-2853 -1988/-2972/-2969 -1985/-2969/-2966 
f -1982/-2966/-2963 -1930/-2850/-2847 -1931/-2849/-2846 
f -1931/-2849/-2846 -1981/-2965/-2962 -1982/-2966/-2963 
f -1981/-2965/-2962 -1931/-2849/-2846 -1952/-2861/-2858 
f -1952/-2861/-2858 -1995/-2979/-2976 -1981/-2965/-2962 
f -1989/-2973/-2970 -1943/-2855/-2852 -1927/-2848/-2845 
f -1927/-2848/-2845 -1980/-2964/-2961 -1989/-2973/-2970 
f -1980/-2964/-2961 -1927/-2848/-2845 -1930/-2850/-2847 
f -1930/-2850/-2847 -1982/-2966/-2963 -1980/-2964/-2961 
f -1994/-2978/-2975 -1953/-2860/-2857 -1925/-2847/-2844 
f -1925/-2847/-2844 -1979/-2963/-2960 -1994/-2978/-2975 
f -1978/-2962/-2959 -1923/-2846/-2843 -1955/-2862/-2859 
f -1955/-2862/-2859 -1997/-2981/-2978 -1978/-2962/-2959 
f -1979/-2963/-2960 -1925/-2847/-2844 -1923/-2846/-2843 
f -1923/-2846/-2843 -1978/-2962/-2959 -1979/-2963/-2960 
f -1921/-2845/-2842 -1920/-2844/-2841 -1919/-2843/-2840 
f -1919/-2843/-2840 -1918/-2842/-2839 -1921/-2845/-2842 
f -1920/-2844/-2841 -1921/-2845/-2842 -1917/-2841/-2838 
f -1917/-2841/-2838 -1916/-2840/-2837 -1920/-2844/-2841 
f -1915/-2839/-2836 -1914/-2838/-2835 -2037/-3021/-3018 
f -2037/-3021/-3018 -2038/-3022/-3019 -1915/-2839/-2836 
f -1916/-2840/-2837 -1917/-2841/-2838 -1914/-2838/-2835 
f -1914/-2838/-2835 -1915/-2839/-2836 -1916/-2840/-2837 
f -1913/-2837/-2834 -1912/-2836/-2833 -1911/-2835/-2832 
f -1911/-2835/-2832 -1910/-2834/-2831 -1913/-2837/-2834 
f -1911/-2835/-2832 -1909/-2833/-2830 -1908/-2832/-2829 
f -1908/-2832/-2829 -1910/-2834/-2831 -1911/-2835/-2832 
f -1907/-2831/-2828 -1906/-2830/-2827 -1909/-2833/-2830 
f -1909/-2833/-2830 -1905/-2829/-2826 -1907/-2831/-2828 
f -1904/-2828/-2825 -1921/-2845/-2842 -1918/-2842/-2839 
f -1918/-2842/-2839 -1903/-2827/-2824 -1904/-2828/-2825 
f -1904/-2828/-2825 -1903/-2827/-2824 -1912/-2836/-2833 
f -1912/-2836/-2833 -1913/-2837/-2834 -1904/-2828/-2825 
f -1902/-2826/-2823 -1918/-2842/-2839 -1919/-2843/-2840 
f -1919/-2843/-2840 -1901/-2825/-2822 -1902/-2826/-2823 
f -1901/-2825/-2822 -1900/-2824/-2821 -1899/-2823/-2820 
f -1899/-2823/-2820 -1902/-2826/-2823 -1901/-2825/-2822 
f -1898/-2822/-2819 -1897/-2821/-2818 -1896/-2820/-2817 
f -1896/-2820/-2817 -1895/-2819/-2816 -1898/-2822/-2819 
f -1900/-2824/-2821 -1898/-2822/-2819 -1895/-2819/-2816 
f -1895/-2819/-2816 -1899/-2823/-2820 -1900/-2824/-2821 
f -1894/-2818/-2815 -1893/-2817/-2814 -1911/-2835/-2832 
f -1911/-2835/-2832 -1912/-2836/-2833 -1894/-2818/-2815 
f -1911/-2835/-2832 -1893/-2817/-2814 -1905/-2829/-2826 
f -1905/-2829/-2826 -1909/-2833/-2830 -1911/-2835/-2832 
f -1892/-2816/-2813 -1903/-2827/-2824 -1918/-2842/-2839 
f -1918/-2842/-2839 -1902/-2826/-2823 -1892/-2816/-2813 
f -1892/-2816/-2813 -1894/-2818/-2815 -1912/-2836/-2833 
f -1912/-2836/-2833 -1903/-2827/-2824 -1892/-2816/-2813 
f -1891/-2815/-2812 -1906/-2830/-2827 -1907/-2831/-2828 
f -1890/-2814/-2811 -1908/-2832/-2829 -1909/-2833/-2830 
f -1909/-2833/-2830 -1906/-2830/-2827 -1890/-2814/-2811 
f -1906/-2830/-2827 -1891/-2815/-2812 -1890/-2814/-2811 
f -1889/-2813/-2810 -1888/-2812/-2809 -1887/-2811/-2808 
f -1887/-2811/-2808 -1886/-2810/-2807 -1889/-2813/-2810 
f -1885/-2809/-2806 -1887/-2811/-2808 -1888/-2812/-2809 
f -1888/-2812/-2809 -1884/-2808/-2805 -1885/-2809/-2806 
f -2005/-2989/-2986 -1883/-2807/-2804 -1882/-2806/-2803 
f -1882/-2806/-2803 -2004/-2988/-2985 -2005/-2989/-2986 
f -1883/-2807/-2804 -1885/-2809/-2806 -1884/-2808/-2805 
f -1884/-2808/-2805 -1882/-2806/-2803 -1883/-2807/-2804 
f -1881/-2805/-2802 -1880/-2804/-2801 -1879/-2803/-2800 
f -1879/-2803/-2800 -1878/-2802/-2799 -1881/-2805/-2802 
f -1877/-2801/-2798 -1876/-2800/-2797 -1881/-2805/-2802 
f -1881/-2805/-2802 -1878/-2802/-2799 -1877/-2801/-2798 
f -1876/-2800/-2797 -1875/-2799/-2796 -1874/-2798/-2795 
f -1874/-2798/-2795 -1873/-2797/-2794 -1876/-2800/-2797 
f -1886/-2810/-2807 -1887/-2811/-2808 -1872/-2796/-2793 
f -1872/-2796/-2793 -1871/-2795/-2792 -1886/-2810/-2807 
f -1880/-2804/-2801 -1871/-2795/-2792 -1872/-2796/-2793 
f -1872/-2796/-2793 -1879/-2803/-2800 -1880/-2804/-2801 
f -1889/-2813/-2810 -1886/-2810/-2807 -1870/-2794/-2791 
f -1870/-2794/-2791 -1869/-2793/-2790 -1889/-2813/-2810 
f -1868/-2792/-2789 -1867/-2791/-2788 -1869/-2793/-2790 
f -1869/-2793/-2790 -1870/-2794/-2791 -1868/-2792/-2789 
f -1866/-2790/-2787 -1865/-2789/-2786 -1864/-2788/-2785 
f -1864/-2788/-2785 -1863/-2787/-2784 -1866/-2790/-2787 
f -1863/-2787/-2784 -1864/-2788/-2785 -1867/-2791/-2788 
f -1867/-2791/-2788 -1868/-2792/-2789 -1863/-2787/-2784 
f -1881/-2805/-2802 -1862/-2786/-2783 -1861/-2785/-2782 
f -1861/-2785/-2782 -1880/-2804/-2801 -1881/-2805/-2802 
f -1873/-2797/-2794 -1862/-2786/-2783 -1881/-2805/-2802 
f -1881/-2805/-2802 -1876/-2800/-2797 -1873/-2797/-2794 
f -1886/-2810/-2807 -1871/-2795/-2792 -1860/-2784/-2781 
f -1860/-2784/-2781 -1870/-2794/-2791 -1886/-2810/-2807 
f -1880/-2804/-2801 -1861/-2785/-2782 -1860/-2784/-2781 
f -1860/-2784/-2781 -1871/-2795/-2792 -1880/-2804/-2801 
f -1875/-2799/-2796 -1859/-2783/-2780 -1874/-2798/-2795 
f -1876/-2800/-2797 -1877/-2801/-2798 -1858/-2782/-2779 
f -1858/-2782/-2779 -1875/-2799/-2796 -1876/-2800/-2797 
f -1859/-2783/-2780 -1875/-2799/-2796 -1858/-2782/-2779 
f -1857/-2781/-2778 -1856/-2780/-2777 -1855/-2779/-2776 
f -1855/-2779/-2776 -1854/-2778/-2775 -1857/-2781/-2778 
f -1853/-2777/-2774 -1852/-2776/-2773 -1851/-2775/-2772 
f -1851/-2775/-2772 -1850/-2774/-2771 -1853/-2777/-2774 
f -1854/-2778/-2775 -1855/-2779/-2776 -1849/-2773/-2770 
f -1849/-2773/-2770 -1848/-2772/-2769 -1854/-2778/-2775 
f -1967/-2951/-2948 -1964/-2948/-2945 -1847/-2771/-2768 
f -1847/-2771/-2768 -1846/-2770/-2767 -1967/-2951/-2948 
f -1845/-2769/-2766 -1844/-2768/-2765 -1961/-2945/-2942 
f -1961/-2945/-2942 -1962/-2946/-2943 -1845/-2769/-2766 
f -1846/-2770/-2767 -1847/-2771/-2768 -1852/-2776/-2773 
f -1852/-2776/-2773 -1853/-2777/-2774 -1846/-2770/-2767 
f -1848/-2772/-2769 -1849/-2773/-2770 -1844/-2768/-2765 
f -1844/-2768/-2765 -1845/-2769/-2766 -1848/-2772/-2769 
f -1843/-2767/-2764 -1842/-2766/-2763 -1841/-2765/-2762 
f -1841/-2765/-2762 -1840/-2764/-2761 -1843/-2767/-2764 
f -1840/-2764/-2761 -1841/-2765/-2762 -1839/-2763/-2760 
f -1839/-2763/-2760 -1838/-2762/-2759 -1840/-2764/-2761 
f -1837/-2761/-2758 -1836/-2760/-2757 -1835/-2759/-2756 
f -1835/-2759/-2756 -1834/-2758/-2755 -1837/-2761/-2758 
f -1833/-2757/-2754 -1832/-2756/-2753 -1842/-2766/-2763 
f -1842/-2766/-2763 -1843/-2767/-2764 -1833/-2757/-2754 
f -1831/-2755/-2752 -1830/-2754/-2751 -1856/-2753/-2750 
f -1856/-2753/-2750 -1857/-2752/-2749 -1831/-2755/-2752 
f -1829/-2751/-2748 -1828/-2750/-2747 -1830/-2754/-2751 
f -1830/-2754/-2751 -1831/-2755/-2752 -1829/-2751/-2748 
f -1827/-2749/-2746 -1826/-2748/-2745 -1825/-2747/-2744 
f -1825/-2747/-2744 -1824/-2746/-2743 -1827/-2749/-2746 
f -1823/-2745/-2742 -1822/-2744/-2741 -1821/-2743/-2740 
f -1821/-2743/-2740 -1820/-2742/-2739 -1823/-2745/-2742 
f -1819/-2741/-2738 -1818/-2740/-2737 -1817/-2739/-2736 
f -1817/-2739/-2736 -1816/-2738/-2735 -1819/-2741/-2738 
f -1820/-2742/-2739 -1821/-2743/-2740 -1828/-2750/-2747 
f -1828/-2750/-2747 -1829/-2751/-2748 -1820/-2742/-2739 
f -1824/-2746/-2743 -1825/-2747/-2744 -1818/-2740/-2737 
f -1818/-2740/-2737 -1819/-2741/-2738 -1824/-2746/-2743 
f -1815/-2737/-2734 -1814/-2736/-2733 -1813/-2735/-2732 
f -1813/-2735/-2732 -1812/-2734/-2731 -1815/-2737/-2734 
f -1834/-2758/-2755 -1835/-2759/-2756 -1814/-2736/-2733 
f -1814/-2736/-2733 -1815/-2737/-2734 -1834/-2758/-2755 
f -1811/-2733/-2730 -1810/-2732/-2729 -1826/-2748/-2745 
f -1826/-2748/-2745 -1827/-2749/-2746 -1811/-2733/-2730 
f -1812/-2734/-2731 -1813/-2735/-2732 -1810/-2732/-2729 
f -1810/-2732/-2729 -1811/-2733/-2730 -1812/-2734/-2731 
f -1809/-2731/-2728 -1808/-2730/-2727 -1836/-2760/-2757 
f -1836/-2760/-2757 -1837/-2761/-2758 -1809/-2731/-2728 
f -1838/-2762/-2759 -1839/-2763/-2760 -1807/-2729/-2726 
f -1807/-2729/-2726 -1806/-2728/-2725 -1838/-2762/-2759 
f -1806/-2728/-2725 -1807/-2729/-2726 -1808/-2727/-2724 
f -1808/-2727/-2724 -1809/-2726/-2723 -1806/-2728/-2725 
f -1850/-2774/-2771 -1851/-2775/-2772 -1832/-2756/-2753 
f -1832/-2756/-2753 -1833/-2757/-2754 -1850/-2774/-2771 
f -1919/-2843/-2840 -1920/-2844/-2841 -1855/-2725/-2722 
f -1855/-2725/-2722 -1856/-2724/-2721 -1919/-2843/-2840 
f -1917/-2841/-2838 -1921/-2845/-2842 -1851/-2723/-2720 
f -1851/-2723/-2720 -1852/-2722/-2719 -1917/-2841/-2838 
f -1920/-2844/-2841 -1916/-2840/-2837 -1849/-2721/-2718 
f -1849/-2721/-2718 -1855/-2725/-2722 -1920/-2844/-2841 
f -2037/-3021/-3018 -1914/-2838/-2835 -1847/-2720/-2717 
f -1847/-2720/-2717 -1964/-2896/-2893 -2037/-3021/-3018 
f -1915/-2839/-2836 -2038/-3022/-3019 -1961/-2893/-2890 
f -1961/-2893/-2890 -1844/-2719/-2716 -1915/-2839/-2836 
f -1914/-2838/-2835 -1917/-2841/-2838 -1852/-2722/-2719 
f -1852/-2722/-2719 -1847/-2720/-2717 -1914/-2838/-2835 
f -1916/-2840/-2837 -1915/-2839/-2836 -1844/-2719/-2716 
f -1844/-2719/-2716 -1849/-2721/-2718 -1916/-2840/-2837 
f -1913/-2837/-2834 -1910/-2834/-2831 -1841/-2718/-2715 
f -1841/-2718/-2715 -1842/-2717/-2714 -1913/-2837/-2834 
f -1910/-2834/-2831 -1908/-2832/-2829 -1839/-2716/-2713 
f -1839/-2716/-2713 -1841/-2718/-2715 -1910/-2834/-2831 
f -1907/-2831/-2828 -1905/-2829/-2826 -1835/-2715/-2712 
f -1835/-2715/-2712 -1836/-2714/-2711 -1907/-2831/-2828 
f -1921/-2845/-2842 -1904/-2828/-2825 -1832/-2713/-2710 
f -1832/-2713/-2710 -1851/-2723/-2720 -1921/-2845/-2842 
f -1904/-2828/-2825 -1913/-2837/-2834 -1842/-2717/-2714 
f -1842/-2717/-2714 -1832/-2713/-2710 -1904/-2828/-2825 
f -1901/-2825/-2822 -1919/-2843/-2840 -1856/-2724/-2721 
f -1856/-2724/-2721 -1830/-2712/-2709 -1901/-2825/-2822 
f -1900/-2824/-2821 -1901/-2825/-2822 -1830/-2712/-2709 
f -1830/-2712/-2709 -1828/-2711/-2708 -1900/-2824/-2821 
f -1902/-2826/-2823 -1899/-2823/-2820 -1825/-2710/-2707 
f -1825/-2710/-2707 -1826/-2709/-2706 -1902/-2826/-2823 
f -1897/-2821/-2818 -1898/-2822/-2819 -1821/-2708/-2705 
f -1821/-2708/-2705 -1822/-2707/-2704 -1897/-2821/-2818 
f -1895/-2819/-2816 -1896/-2820/-2817 -1817/-2706/-2703 
f -1817/-2706/-2703 -1818/-2705/-2702 -1895/-2819/-2816 
f -1898/-2822/-2819 -1900/-2824/-2821 -1828/-2711/-2708 
f -1828/-2711/-2708 -1821/-2708/-2705 -1898/-2822/-2819 
f -1899/-2823/-2820 -1895/-2819/-2816 -1818/-2705/-2702 
f -1818/-2705/-2702 -1825/-2710/-2707 -1899/-2823/-2820 
f -1893/-2817/-2814 -1894/-2818/-2815 -1813/-2704/-2701 
f -1813/-2704/-2701 -1814/-2703/-2700 -1893/-2817/-2814 
f -1905/-2829/-2826 -1893/-2817/-2814 -1814/-2703/-2700 
f -1814/-2703/-2700 -1835/-2715/-2712 -1905/-2829/-2826 
f -1892/-2816/-2813 -1902/-2826/-2823 -1826/-2709/-2706 
f -1826/-2709/-2706 -1810/-2702/-2699 -1892/-2816/-2813 
f -1894/-2818/-2815 -1892/-2816/-2813 -1810/-2702/-2699 
f -1810/-2702/-2699 -1813/-2704/-2701 -1894/-2818/-2815 
f -1891/-2815/-2812 -1907/-2831/-2828 -1836/-2714/-2711 
f -1836/-2714/-2711 -1808/-2701/-2698 -1891/-2815/-2812 
f -1908/-2832/-2829 -1890/-2814/-2811 -1807/-2700/-2697 
f -1807/-2700/-2697 -1839/-2716/-2713 -1908/-2832/-2829 
f -1890/-2814/-2811 -1891/-2815/-2812 -1808/-2701/-2698 
f -1808/-2701/-2698 -1807/-2700/-2697 -1890/-2814/-2811 
f -1888/-2812/-2809 -1889/-2813/-2810 -1857/-2699/-2696 
f -1857/-2699/-2696 -1854/-2698/-2695 -1888/-2812/-2809 
f -1887/-2811/-2808 -1885/-2809/-2806 -1853/-2697/-2694 
f -1853/-2697/-2694 -1850/-2696/-2693 -1887/-2811/-2808 
f -1884/-2808/-2805 -1888/-2812/-2809 -1854/-2698/-2695 
f -1854/-2698/-2695 -1848/-2695/-2692 -1884/-2808/-2805 
f -1883/-2807/-2804 -2005/-2989/-2986 -1967/-2867/-2864 
f -1967/-2867/-2864 -1846/-2694/-2691 -1883/-2807/-2804 
f -2004/-2988/-2985 -1882/-2806/-2803 -1845/-2693/-2690 
f -1845/-2693/-2690 -1962/-2866/-2863 -2004/-2988/-2985 
f -1885/-2809/-2806 -1883/-2807/-2804 -1846/-2694/-2691 
f -1846/-2694/-2691 -1853/-2697/-2694 -1885/-2809/-2806 
f -1882/-2806/-2803 -1884/-2808/-2805 -1848/-2695/-2692 
f -1848/-2695/-2692 -1845/-2693/-2690 -1882/-2806/-2803 
f -1878/-2802/-2799 -1879/-2803/-2800 -1843/-2692/-2689 
f -1843/-2692/-2689 -1840/-2691/-2688 -1878/-2802/-2799 
f -1877/-2801/-2798 -1878/-2802/-2799 -1840/-2691/-2688 
f -1840/-2691/-2688 -1838/-2690/-2687 -1877/-2801/-2798 
f -1873/-2797/-2794 -1874/-2798/-2795 -1837/-2689/-2686 
f -1837/-2689/-2686 -1834/-2688/-2685 -1873/-2797/-2794 
f -1872/-2796/-2793 -1887/-2811/-2808 -1850/-2696/-2693 
f -1850/-2696/-2693 -1833/-2687/-2684 -1872/-2796/-2793 
f -1879/-2803/-2800 -1872/-2796/-2793 -1833/-2687/-2684 
f -1833/-2687/-2684 -1843/-2692/-2689 -1879/-2803/-2800 
f -1889/-2813/-2810 -1869/-2793/-2790 -1831/-2686/-2683 
f -1831/-2686/-2683 -1857/-2699/-2696 -1889/-2813/-2810 
f -1869/-2793/-2790 -1867/-2791/-2788 -1829/-2685/-2682 
f -1829/-2685/-2682 -1831/-2686/-2683 -1869/-2793/-2790 
f -1868/-2792/-2789 -1870/-2794/-2791 -1827/-2684/-2681 
f -1827/-2684/-2681 -1824/-2683/-2680 -1868/-2792/-2789 
f -1864/-2788/-2785 -1865/-2789/-2786 -1823/-2682/-2679 
f -1823/-2682/-2679 -1820/-2681/-2678 -1864/-2788/-2785 
f -1866/-2790/-2787 -1863/-2787/-2784 -1819/-2680/-2677 
f -1819/-2680/-2677 -1816/-2679/-2676 -1866/-2790/-2787 
f -1867/-2791/-2788 -1864/-2788/-2785 -1820/-2681/-2678 
f -1820/-2681/-2678 -1829/-2685/-2682 -1867/-2791/-2788 
f -1863/-2787/-2784 -1868/-2792/-2789 -1824/-2683/-2680 
f -1824/-2683/-2680 -1819/-2680/-2677 -1863/-2787/-2784 
f -1861/-2785/-2782 -1862/-2786/-2783 -1815/-2678/-2675 
f -1815/-2678/-2675 -1812/-2677/-2674 -1861/-2785/-2782 
f -1862/-2786/-2783 -1873/-2797/-2794 -1834/-2688/-2685 
f -1834/-2688/-2685 -1815/-2678/-2675 -1862/-2786/-2783 
f -1870/-2794/-2791 -1860/-2784/-2781 -1811/-2676/-2673 
f -1811/-2676/-2673 -1827/-2684/-2681 -1870/-2794/-2791 
f -1860/-2784/-2781 -1861/-2785/-2782 -1812/-2677/-2674 
f -1812/-2677/-2674 -1811/-2676/-2673 -1860/-2784/-2781 
f -1874/-2798/-2795 -1859/-2783/-2780 -1809/-2675/-2672 
f -1809/-2675/-2672 -1837/-2689/-2686 -1874/-2798/-2795 
f -1858/-2782/-2779 -1877/-2801/-2798 -1838/-2690/-2687 
f -1838/-2690/-2687 -1806/-2674/-2671 -1858/-2782/-2779 
f -1859/-2783/-2780 -1858/-2782/-2779 -1806/-2674/-2671 
f -1806/-2674/-2671 -1809/-2675/-2672 -1859/-2783/-2780 
f -1805/-2673/-2670 -1804/-2672/-2669 -1803/-2671/-2668 
f -1803/-2671/-2668 -1802/-2670/-2667 -1805/-2673/-2670 
f -1804/-2672/-2669 -1805/-2673/-2670 -1801/-2669/-2666 
f -1801/-2669/-2666 -1800/-2668/-2665 -1804/-2672/-2669 
f -1799/-2667/-2664 -1798/-2666/-2663 -1797/-2665/-2662 
f -1797/-2665/-2662 -1796/-2664/-2661 -1799/-2667/-2664 
f -1800/-2668/-2665 -1801/-2669/-2666 -1798/-2666/-2663 
f -1798/-2666/-2663 -1799/-2667/-2664 -1800/-2668/-2665 
f -1795/-2663/-2660 -1794/-2662/-2659 -1793/-2661/-2658 
f -1793/-2661/-2658 -1792/-2660/-2657 -1795/-2663/-2660 
f -1793/-2661/-2658 -1791/-2659/-2656 -1790/-2658/-2655 
f -1790/-2658/-2655 -1792/-2660/-2657 -1793/-2661/-2658 
f -1789/-2657/-2654 -1788/-2656/-2653 -1791/-2659/-2656 
f -1791/-2659/-2656 -1787/-2655/-2652 -1789/-2657/-2654 
f -1786/-2654/-2651 -1805/-2673/-2670 -1802/-2670/-2667 
f -1802/-2670/-2667 -1785/-2653/-2650 -1786/-2654/-2651 
f -1786/-2654/-2651 -1785/-2653/-2650 -1794/-2662/-2659 
f -1794/-2662/-2659 -1795/-2663/-2660 -1786/-2654/-2651 
f -1784/-2652/-2649 -1802/-2670/-2667 -1803/-2671/-2668 
f -1803/-2671/-2668 -1783/-2651/-2648 -1784/-2652/-2649 
f -1783/-2651/-2648 -1782/-2650/-2647 -1781/-2649/-2646 
f -1781/-2649/-2646 -1784/-2652/-2649 -1783/-2651/-2648 
f -1780/-2648/-2645 -2017/-3001/-2998 -2018/-3002/-2999 
f -2018/-3002/-2999 -1779/-2647/-2644 -1780/-2648/-2645 
f -1782/-2650/-2647 -1780/-2648/-2645 -1779/-2647/-2644 
f -1779/-2647/-2644 -1781/-2649/-2646 -1782/-2650/-2647 
f -1778/-2646/-2643 -1777/-2645/-2642 -1793/-2661/-2658 
f -1793/-2661/-2658 -1794/-2662/-2659 -1778/-2646/-2643 
f -1793/-2661/-2658 -1777/-2645/-2642 -1787/-2655/-2652 
f -1787/-2655/-2652 -1791/-2659/-2656 -1793/-2661/-2658 
f -1776/-2644/-2641 -1785/-2653/-2650 -1802/-2670/-2667 
f -1802/-2670/-2667 -1784/-2652/-2649 -1776/-2644/-2641 
f -1776/-2644/-2641 -1778/-2646/-2643 -1794/-2662/-2659 
f -1794/-2662/-2659 -1785/-2653/-2650 -1776/-2644/-2641 
f -1775/-2643/-2640 -1788/-2656/-2653 -1789/-2657/-2654 
f -1774/-2642/-2639 -1790/-2658/-2655 -1791/-2659/-2656 
f -1791/-2659/-2656 -1788/-2656/-2653 -1774/-2642/-2639 
f -1788/-2656/-2653 -1775/-2643/-2640 -1774/-2642/-2639 
f -1773/-2641/-2638 -1772/-2640/-2637 -1771/-2639/-2636 
f -1771/-2639/-2636 -1770/-2638/-2635 -1773/-2641/-2638 
f -1769/-2637/-2634 -1771/-2639/-2636 -1772/-2640/-2637 
f -1772/-2640/-2637 -1768/-2636/-2633 -1769/-2637/-2634 
f -1767/-2635/-2632 -1766/-2634/-2631 -1765/-2633/-2630 
f -1765/-2633/-2630 -1764/-2632/-2629 -1767/-2635/-2632 
f -1766/-2634/-2631 -1769/-2637/-2634 -1768/-2636/-2633 
f -1768/-2636/-2633 -1765/-2633/-2630 -1766/-2634/-2631 
f -1763/-2631/-2628 -1762/-2630/-2627 -1761/-2629/-2626 
f -1761/-2629/-2626 -1760/-2628/-2625 -1763/-2631/-2628 
f -1759/-2627/-2624 -1758/-2626/-2623 -1763/-2631/-2628 
f -1763/-2631/-2628 -1760/-2628/-2625 -1759/-2627/-2624 
f -1758/-2626/-2623 -1757/-2625/-2622 -1756/-2624/-2621 
f -1756/-2624/-2621 -1755/-2623/-2620 -1758/-2626/-2623 
f -1770/-2638/-2635 -1771/-2639/-2636 -1754/-2622/-2619 
f -1754/-2622/-2619 -1753/-2621/-2618 -1770/-2638/-2635 
f -1762/-2630/-2627 -1753/-2621/-2618 -1754/-2622/-2619 
f -1754/-2622/-2619 -1761/-2629/-2626 -1762/-2630/-2627 
f -1773/-2641/-2638 -1770/-2638/-2635 -1752/-2620/-2617 
f -1752/-2620/-2617 -1751/-2619/-2616 -1773/-2641/-2638 
f -1750/-2618/-2615 -1749/-2617/-2614 -1751/-2619/-2616 
f -1751/-2619/-2616 -1752/-2620/-2617 -1750/-2618/-2615 
f -1986/-2970/-2967 -1983/-2967/-2964 -1748/-2616/-2613 
f -1748/-2616/-2613 -1747/-2615/-2612 -1986/-2970/-2967 
f -1747/-2615/-2612 -1748/-2616/-2613 -1749/-2617/-2614 
f -1749/-2617/-2614 -1750/-2618/-2615 -1747/-2615/-2612 
f -1763/-2631/-2628 -1746/-2614/-2611 -1745/-2613/-2610 
f -1745/-2613/-2610 -1762/-2630/-2627 -1763/-2631/-2628 
f -1755/-2623/-2620 -1746/-2614/-2611 -1763/-2631/-2628 
f -1763/-2631/-2628 -1758/-2626/-2623 -1755/-2623/-2620 
f -1770/-2638/-2635 -1753/-2621/-2618 -1744/-2612/-2609 
f -1744/-2612/-2609 -1752/-2620/-2617 -1770/-2638/-2635 
f -1762/-2630/-2627 -1745/-2613/-2610 -1744/-2612/-2609 
f -1744/-2612/-2609 -1753/-2621/-2618 -1762/-2630/-2627 
f -1757/-2625/-2622 -1743/-2611/-2608 -1756/-2624/-2621 
f -1758/-2626/-2623 -1759/-2627/-2624 -1742/-2610/-2607 
f -1742/-2610/-2607 -1757/-2625/-2622 -1758/-2626/-2623 
f -1743/-2611/-2608 -1757/-2625/-2622 -1742/-2610/-2607 
f -1741/-2609/-2606 -1740/-2608/-2605 -1739/-2607/-2604 
f -1739/-2607/-2604 -1738/-2606/-2603 -1741/-2609/-2606 
f -1737/-2605/-2602 -1736/-2604/-2601 -1735/-2603/-2600 
f -1735/-2603/-2600 -1734/-2602/-2599 -1737/-2605/-2602 
f -1738/-2606/-2603 -1739/-2607/-2604 -1733/-2601/-2598 
f -1733/-2601/-2598 -1732/-2600/-2597 -1738/-2606/-2603 
f -1731/-2599/-2596 -1730/-2598/-2595 -1729/-2597/-2594 
f -1729/-2597/-2594 -1728/-2596/-2593 -1731/-2599/-2596 
f -1727/-2595/-2592 -1726/-2594/-2591 -1725/-2593/-2590 
f -1725/-2593/-2590 -1724/-2592/-2589 -1727/-2595/-2592 
f -1728/-2596/-2593 -1729/-2597/-2594 -1736/-2604/-2601 
f -1736/-2604/-2601 -1737/-2605/-2602 -1728/-2596/-2593 
f -1732/-2600/-2597 -1733/-2601/-2598 -1726/-2594/-2591 
f -1726/-2594/-2591 -1727/-2595/-2592 -1732/-2600/-2597 
f -1723/-2591/-2588 -1722/-2590/-2587 -1721/-2589/-2586 
f -1721/-2589/-2586 -1720/-2588/-2585 -1723/-2591/-2588 
f -1720/-2588/-2585 -1721/-2589/-2586 -1719/-2587/-2584 
f -1719/-2587/-2584 -1718/-2586/-2583 -1720/-2588/-2585 
f -1717/-2585/-2582 -1716/-2584/-2581 -1715/-2583/-2580 
f -1715/-2583/-2580 -1714/-2582/-2579 -1717/-2585/-2582 
f -1713/-2581/-2578 -1712/-2580/-2577 -1722/-2590/-2587 
f -1722/-2590/-2587 -1723/-2591/-2588 -1713/-2581/-2578 
f -1711/-2579/-2576 -1710/-2578/-2575 -1740/-2577/-2574 
f -1740/-2577/-2574 -1741/-2576/-2573 -1711/-2579/-2576 
f -1709/-2575/-2572 -1708/-2574/-2571 -1710/-2578/-2575 
f -1710/-2578/-2575 -1711/-2579/-2576 -1709/-2575/-2572 
f -1707/-2573/-2570 -1706/-2572/-2569 -1705/-2571/-2568 
f -1705/-2571/-2568 -1704/-2570/-2567 -1707/-2573/-2570 
f -1939/-2921/-2918 -1936/-2918/-2915 -1703/-2569/-2566 
f -1703/-2569/-2566 -1702/-2568/-2565 -1939/-2921/-2918 
f -1701/-2567/-2564 -1700/-2566/-2563 -1933/-2915/-2912 
f -1933/-2915/-2912 -1934/-2916/-2913 -1701/-2567/-2564 
f -1702/-2568/-2565 -1703/-2569/-2566 -1708/-2574/-2571 
f -1708/-2574/-2571 -1709/-2575/-2572 -1702/-2568/-2565 
f -1704/-2570/-2567 -1705/-2571/-2568 -1700/-2566/-2563 
f -1700/-2566/-2563 -1701/-2567/-2564 -1704/-2570/-2567 
f -1699/-2565/-2562 -1698/-2564/-2561 -1697/-2563/-2560 
f -1697/-2563/-2560 -1696/-2562/-2559 -1699/-2565/-2562 
f -1714/-2582/-2579 -1715/-2583/-2580 -1698/-2564/-2561 
f -1698/-2564/-2561 -1699/-2565/-2562 -1714/-2582/-2579 
f -1695/-2561/-2558 -1694/-2560/-2557 -1706/-2572/-2569 
f -1706/-2572/-2569 -1707/-2573/-2570 -1695/-2561/-2558 
f -1696/-2562/-2559 -1697/-2563/-2560 -1694/-2560/-2557 
f -1694/-2560/-2557 -1695/-2561/-2558 -1696/-2562/-2559 
f -1693/-2559/-2556 -1692/-2558/-2555 -1716/-2584/-2581 
f -1716/-2584/-2581 -1717/-2585/-2582 -1693/-2559/-2556 
f -1718/-2586/-2583 -1719/-2587/-2584 -1691/-2557/-2554 
f -1691/-2557/-2554 -1690/-2556/-2553 -1718/-2586/-2583 
f -1690/-2556/-2553 -1691/-2557/-2554 -1692/-2555/-2552 
f -1692/-2555/-2552 -1693/-2554/-2551 -1690/-2556/-2553 
f -1734/-2602/-2599 -1735/-2603/-2600 -1712/-2580/-2577 
f -1712/-2580/-2577 -1713/-2581/-2578 -1734/-2602/-2599 
f -1803/-2671/-2668 -1804/-2672/-2669 -1739/-2553/-2550 
f -1739/-2553/-2550 -1740/-2552/-2549 -1803/-2671/-2668 
f -1801/-2669/-2666 -1805/-2673/-2670 -1735/-2551/-2548 
f -1735/-2551/-2548 -1736/-2550/-2547 -1801/-2669/-2666 
f -1804/-2672/-2669 -1800/-2668/-2665 -1733/-2549/-2546 
f -1733/-2549/-2546 -1739/-2553/-2550 -1804/-2672/-2669 
f -1797/-2665/-2662 -1798/-2666/-2663 -1729/-2548/-2545 
f -1729/-2548/-2545 -1730/-2547/-2544 -1797/-2665/-2662 
f -1799/-2667/-2664 -1796/-2664/-2661 -1725/-2546/-2543 
f -1725/-2546/-2543 -1726/-2545/-2542 -1799/-2667/-2664 
f -1798/-2666/-2663 -1801/-2669/-2666 -1736/-2550/-2547 
f -1736/-2550/-2547 -1729/-2548/-2545 -1798/-2666/-2663 
f -1800/-2668/-2665 -1799/-2667/-2664 -1726/-2545/-2542 
f -1726/-2545/-2542 -1733/-2549/-2546 -1800/-2668/-2665 
f -1795/-2663/-2660 -1792/-2660/-2657 -1721/-2544/-2541 
f -1721/-2544/-2541 -1722/-2543/-2540 -1795/-2663/-2660 
f -1792/-2660/-2657 -1790/-2658/-2655 -1719/-2542/-2539 
f -1719/-2542/-2539 -1721/-2544/-2541 -1792/-2660/-2657 
f -1789/-2657/-2654 -1787/-2655/-2652 -1715/-2541/-2538 
f -1715/-2541/-2538 -1716/-2540/-2537 -1789/-2657/-2654 
f -1805/-2673/-2670 -1786/-2654/-2651 -1712/-2539/-2536 
f -1712/-2539/-2536 -1735/-2551/-2548 -1805/-2673/-2670 
f -1786/-2654/-2651 -1795/-2663/-2660 -1722/-2543/-2540 
f -1722/-2543/-2540 -1712/-2539/-2536 -1786/-2654/-2651 
f -1783/-2651/-2648 -1803/-2671/-2668 -1740/-2552/-2549 
f -1740/-2552/-2549 -1710/-2538/-2535 -1783/-2651/-2648 
f -1782/-2650/-2647 -1783/-2651/-2648 -1710/-2538/-2535 
f -1710/-2538/-2535 -1708/-2537/-2534 -1782/-2650/-2647 
f -1784/-2652/-2649 -1781/-2649/-2646 -1705/-2536/-2533 
f -1705/-2536/-2533 -1706/-2535/-2532 -1784/-2652/-2649 
f -2017/-3001/-2998 -1780/-2648/-2645 -1703/-2534/-2531 
f -1703/-2534/-2531 -1936/-2882/-2879 -2017/-3001/-2998 
f -1779/-2647/-2644 -2018/-3002/-2999 -1933/-2879/-2876 
f -1933/-2879/-2876 -1700/-2533/-2530 -1779/-2647/-2644 
f -1780/-2648/-2645 -1782/-2650/-2647 -1708/-2537/-2534 
f -1708/-2537/-2534 -1703/-2534/-2531 -1780/-2648/-2645 
f -1781/-2649/-2646 -1779/-2647/-2644 -1700/-2533/-2530 
f -1700/-2533/-2530 -1705/-2536/-2533 -1781/-2649/-2646 
f -1777/-2645/-2642 -1778/-2646/-2643 -1697/-2532/-2529 
f -1697/-2532/-2529 -1698/-2531/-2528 -1777/-2645/-2642 
f -1787/-2655/-2652 -1777/-2645/-2642 -1698/-2531/-2528 
f -1698/-2531/-2528 -1715/-2541/-2538 -1787/-2655/-2652 
f -1776/-2644/-2641 -1784/-2652/-2649 -1706/-2535/-2532 
f -1706/-2535/-2532 -1694/-2530/-2527 -1776/-2644/-2641 
f -1778/-2646/-2643 -1776/-2644/-2641 -1694/-2530/-2527 
f -1694/-2530/-2527 -1697/-2532/-2529 -1778/-2646/-2643 
f -1775/-2643/-2640 -1789/-2657/-2654 -1716/-2540/-2537 
f -1716/-2540/-2537 -1692/-2529/-2526 -1775/-2643/-2640 
f -1790/-2658/-2655 -1774/-2642/-2639 -1691/-2528/-2525 
f -1691/-2528/-2525 -1719/-2542/-2539 -1790/-2658/-2655 
f -1774/-2642/-2639 -1775/-2643/-2640 -1692/-2529/-2526 
f -1692/-2529/-2526 -1691/-2528/-2525 -1774/-2642/-2639 
f -1772/-2640/-2637 -1773/-2641/-2638 -1741/-2527/-2524 
f -1741/-2527/-2524 -1738/-2526/-2523 -1772/-2640/-2637 
f -1771/-2639/-2636 -1769/-2637/-2634 -1737/-2525/-2522 
f -1737/-2525/-2522 -1734/-2524/-2521 -1771/-2639/-2636 
f -1768/-2636/-2633 -1772/-2640/-2637 -1738/-2526/-2523 
f -1738/-2526/-2523 -1732/-2523/-2520 -1768/-2636/-2633 
f -1766/-2634/-2631 -1767/-2635/-2632 -1731/-2522/-2519 
f -1731/-2522/-2519 -1728/-2521/-2518 -1766/-2634/-2631 
f -1764/-2632/-2629 -1765/-2633/-2630 -1727/-2520/-2517 
f -1727/-2520/-2517 -1724/-2519/-2516 -1764/-2632/-2629 
f -1769/-2637/-2634 -1766/-2634/-2631 -1728/-2521/-2518 
f -1728/-2521/-2518 -1737/-2525/-2522 -1769/-2637/-2634 
f -1765/-2633/-2630 -1768/-2636/-2633 -1732/-2523/-2520 
f -1732/-2523/-2520 -1727/-2520/-2517 -1765/-2633/-2630 
f -1760/-2628/-2625 -1761/-2629/-2626 -1723/-2518/-2515 
f -1723/-2518/-2515 -1720/-2517/-2514 -1760/-2628/-2625 
f -1759/-2627/-2624 -1760/-2628/-2625 -1720/-2517/-2514 
f -1720/-2517/-2514 -1718/-2516/-2513 -1759/-2627/-2624 
f -1755/-2623/-2620 -1756/-2624/-2621 -1717/-2515/-2512 
f -1717/-2515/-2512 -1714/-2514/-2511 -1755/-2623/-2620 
f -1754/-2622/-2619 -1771/-2639/-2636 -1734/-2524/-2521 
f -1734/-2524/-2521 -1713/-2513/-2510 -1754/-2622/-2619 
f -1761/-2629/-2626 -1754/-2622/-2619 -1713/-2513/-2510 
f -1713/-2513/-2510 -1723/-2518/-2515 -1761/-2629/-2626 
f -1773/-2641/-2638 -1751/-2619/-2616 -1711/-2512/-2509 
f -1711/-2512/-2509 -1741/-2527/-2524 -1773/-2641/-2638 
f -1751/-2619/-2616 -1749/-2617/-2614 -1709/-2511/-2508 
f -1709/-2511/-2508 -1711/-2512/-2509 -1751/-2619/-2616 
f -1750/-2618/-2615 -1752/-2620/-2617 -1707/-2510/-2507 
f -1707/-2510/-2507 -1704/-2509/-2506 -1750/-2618/-2615 
f -1748/-2616/-2613 -1983/-2967/-2964 -1939/-2853/-2850 
f -1939/-2853/-2850 -1702/-2508/-2505 -1748/-2616/-2613 
f -1986/-2970/-2967 -1747/-2615/-2612 -1701/-2507/-2504 
f -1701/-2507/-2504 -1934/-2852/-2849 -1986/-2970/-2967 
f -1749/-2617/-2614 -1748/-2616/-2613 -1702/-2508/-2505 
f -1702/-2508/-2505 -1709/-2511/-2508 -1749/-2617/-2614 
f -1747/-2615/-2612 -1750/-2618/-2615 -1704/-2509/-2506 
f -1704/-2509/-2506 -1701/-2507/-2504 -1747/-2615/-2612 
f -1745/-2613/-2610 -1746/-2614/-2611 -1699/-2506/-2503 
f -1699/-2506/-2503 -1696/-2505/-2502 -1745/-2613/-2610 
f -1746/-2614/-2611 -1755/-2623/-2620 -1714/-2514/-2511 
f -1714/-2514/-2511 -1699/-2506/-2503 -1746/-2614/-2611 
f -1752/-2620/-2617 -1744/-2612/-2609 -1695/-2504/-2501 
f -1695/-2504/-2501 -1707/-2510/-2507 -1752/-2620/-2617 
f -1744/-2612/-2609 -1745/-2613/-2610 -1696/-2505/-2502 
f -1696/-2505/-2502 -1695/-2504/-2501 -1744/-2612/-2609 
f -1756/-2624/-2621 -1743/-2611/-2608 -1693/-2503/-2500 
f -1693/-2503/-2500 -1717/-2515/-2512 -1756/-2624/-2621 
f -1742/-2610/-2607 -1759/-2627/-2624 -1718/-2516/-2513 
f -1718/-2516/-2513 -1690/-2502/-2499 -1742/-2610/-2607 
f -1743/-2611/-2608 -1742/-2610/-2607 -1690/-2502/-2499 
f -1690/-2502/-2499 -1693/-2503/-2500 -1743/-2611/-2608 
f -1689/-2501/-2498 -1688/-2500/-2497 -1687/-2499/-2496 
f -1687/-2499/-2496 -1686/-2498/-2495 -1689/-2501/-2498 
f -1686/-2498/-2495 -1685/-2497/-2494 -1684/-2496/-2493 
f -1684/-2496/-2493 -1689/-2501/-2498 -1686/-2498/-2495 
f -1683/-2495/-2492 -1796/-2664/-2661 -1797/-2665/-2662 
f -1797/-2665/-2662 -1682/-2494/-2491 -1683/-2495/-2492 
f -1685/-2497/-2494 -1683/-2495/-2492 -1682/-2494/-2491 
f -1682/-2494/-2491 -1684/-2496/-2493 -1685/-2497/-2494 
f -1681/-2493/-2490 -1680/-2492/-2489 -1679/-2491/-2488 
f -1679/-2491/-2488 -1678/-2490/-2487 -1681/-2493/-2490 
f -1679/-2491/-2488 -1680/-2492/-2489 -1677/-2489/-2486 
f -1677/-2489/-2486 -1676/-2488/-2485 -1679/-2491/-2488 
f -1675/-2487/-2484 -1674/-2486/-2483 -1676/-2488/-2485 
f -1676/-2488/-2485 -1673/-2485/-2482 -1675/-2487/-2484 
f -1672/-2484/-2481 -1671/-2483/-2480 -1688/-2500/-2497 
f -1688/-2500/-2497 -1689/-2501/-2498 -1672/-2484/-2481 
f -1672/-2484/-2481 -1681/-2493/-2490 -1678/-2490/-2487 
f -1678/-2490/-2487 -1671/-2483/-2480 -1672/-2484/-2481 
f -1670/-2482/-2479 -1669/-2481/-2478 -1687/-2499/-2496 
f -1687/-2499/-2496 -1688/-2500/-2497 -1670/-2482/-2479 
f -1669/-2481/-2478 -1670/-2482/-2479 -1668/-2480/-2477 
f -1668/-2480/-2477 -1667/-2479/-2476 -1669/-2481/-2478 
f -1666/-2478/-2475 -1665/-2477/-2474 -1896/-2820/-2817 
f -1896/-2820/-2817 -1897/-2821/-2818 -1666/-2478/-2475 
f -1667/-2479/-2476 -1668/-2480/-2477 -1665/-2477/-2474 
f -1665/-2477/-2474 -1666/-2478/-2475 -1667/-2479/-2476 
f -1664/-2476/-2473 -1678/-2490/-2487 -1679/-2491/-2488 
f -1679/-2491/-2488 -1663/-2475/-2472 -1664/-2476/-2473 
f -1679/-2491/-2488 -1676/-2488/-2485 -1674/-2486/-2483 
f -1674/-2486/-2483 -1663/-2475/-2472 -1679/-2491/-2488 
f -1662/-2474/-2471 -1670/-2482/-2479 -1688/-2500/-2497 
f -1688/-2500/-2497 -1671/-2483/-2480 -1662/-2474/-2471 
f -1662/-2474/-2471 -1671/-2483/-2480 -1678/-2490/-2487 
f -1678/-2490/-2487 -1664/-2476/-2473 -1662/-2474/-2471 
f -1661/-2473/-2470 -1675/-2487/-2484 -1673/-2485/-2482 
f -1660/-2472/-2469 -1673/-2485/-2482 -1676/-2488/-2485 
f -1676/-2488/-2485 -1677/-2489/-2486 -1660/-2472/-2469 
f -1673/-2485/-2482 -1660/-2472/-2469 -1661/-2473/-2470 
f -1659/-2471/-2468 -1658/-2470/-2467 -1657/-2469/-2466 
f -1657/-2469/-2466 -1656/-2468/-2465 -1659/-2471/-2468 
f -1655/-2467/-2464 -1654/-2466/-2463 -1656/-2468/-2465 
f -1656/-2468/-2465 -1657/-2469/-2466 -1655/-2467/-2464 
f -1767/-2635/-2632 -1764/-2632/-2629 -1653/-2465/-2462 
f -1653/-2465/-2462 -1652/-2464/-2461 -1767/-2635/-2632 
f -1652/-2464/-2461 -1653/-2465/-2462 -1654/-2466/-2463 
f -1654/-2466/-2463 -1655/-2467/-2464 -1652/-2464/-2461 
f -1651/-2463/-2460 -1650/-2462/-2459 -1649/-2461/-2458 
f -1649/-2461/-2458 -1648/-2460/-2457 -1651/-2463/-2460 
f -1647/-2459/-2456 -1650/-2462/-2459 -1651/-2463/-2460 
f -1651/-2463/-2460 -1646/-2458/-2455 -1647/-2459/-2456 
f -1646/-2458/-2455 -1645/-2457/-2454 -1644/-2456/-2453 
f -1644/-2456/-2453 -1643/-2455/-2452 -1646/-2458/-2455 
f -1658/-2470/-2467 -1642/-2454/-2451 -1641/-2453/-2450 
f -1641/-2453/-2450 -1657/-2469/-2466 -1658/-2470/-2467 
f -1648/-2460/-2457 -1649/-2461/-2458 -1641/-2453/-2450 
f -1641/-2453/-2450 -1642/-2454/-2451 -1648/-2460/-2457 
f -1659/-2471/-2468 -1640/-2452/-2449 -1639/-2451/-2448 
f -1639/-2451/-2448 -1658/-2470/-2467 -1659/-2471/-2468 
f -1638/-2450/-2447 -1639/-2451/-2448 -1640/-2452/-2449 
f -1640/-2452/-2449 -1637/-2449/-2446 -1638/-2450/-2447 
f -1866/-2790/-2787 -1636/-2448/-2445 -1635/-2447/-2444 
f -1635/-2447/-2444 -1865/-2789/-2786 -1866/-2790/-2787 
f -1636/-2448/-2445 -1638/-2450/-2447 -1637/-2449/-2446 
f -1637/-2449/-2446 -1635/-2447/-2444 -1636/-2448/-2445 
f -1651/-2463/-2460 -1648/-2460/-2457 -1634/-2446/-2443 
f -1634/-2446/-2443 -1633/-2445/-2442 -1651/-2463/-2460 
f -1645/-2457/-2454 -1646/-2458/-2455 -1651/-2463/-2460 
f -1651/-2463/-2460 -1633/-2445/-2442 -1645/-2457/-2454 
f -1658/-2470/-2467 -1639/-2451/-2448 -1632/-2444/-2441 
f -1632/-2444/-2441 -1642/-2454/-2451 -1658/-2470/-2467 
f -1648/-2460/-2457 -1642/-2454/-2451 -1632/-2444/-2441 
f -1632/-2444/-2441 -1634/-2446/-2443 -1648/-2460/-2457 
f -1643/-2455/-2452 -1644/-2456/-2453 -1631/-2443/-2440 
f -1646/-2458/-2455 -1643/-2455/-2452 -1630/-2442/-2439 
f -1630/-2442/-2439 -1647/-2459/-2456 -1646/-2458/-2455 
f -1631/-2443/-2440 -1630/-2442/-2439 -1643/-2455/-2452 
f -1629/-2441/-2438 -1628/-2440/-2437 -1627/-2439/-2436 
f -1627/-2439/-2436 -1626/-2438/-2435 -1629/-2441/-2438 
f -1625/-2437/-2434 -1624/-2436/-2433 -1623/-2435/-2432 
f -1623/-2435/-2432 -1622/-2434/-2431 -1625/-2437/-2434 
f -1628/-2440/-2437 -1621/-2433/-2430 -1620/-2432/-2429 
f -1620/-2432/-2429 -1627/-2439/-2436 -1628/-2440/-2437 
f -1731/-2599/-2596 -1619/-2431/-2428 -1618/-2430/-2427 
f -1618/-2430/-2427 -1730/-2598/-2595 -1731/-2599/-2596 
f -1617/-2429/-2426 -1724/-2592/-2589 -1725/-2593/-2590 
f -1725/-2593/-2590 -1616/-2428/-2425 -1617/-2429/-2426 
f -1619/-2431/-2428 -1625/-2437/-2434 -1622/-2434/-2431 
f -1622/-2434/-2431 -1618/-2430/-2427 -1619/-2431/-2428 
f -1621/-2433/-2430 -1617/-2429/-2426 -1616/-2428/-2425 
f -1616/-2428/-2425 -1620/-2432/-2429 -1621/-2433/-2430 
f -1615/-2427/-2424 -1614/-2426/-2423 -1613/-2425/-2422 
f -1613/-2425/-2422 -1612/-2424/-2421 -1615/-2427/-2424 
f -1614/-2426/-2423 -1611/-2423/-2420 -1610/-2422/-2419 
f -1610/-2422/-2419 -1613/-2425/-2422 -1614/-2426/-2423 
f -1609/-2421/-2418 -1608/-2420/-2417 -1607/-2419/-2416 
f -1607/-2419/-2416 -1606/-2418/-2415 -1609/-2421/-2418 
f -1605/-2417/-2414 -1615/-2427/-2424 -1612/-2424/-2421 
f -1612/-2424/-2421 -1604/-2416/-2413 -1605/-2417/-2414 
f -1603/-2415/-2412 -1629/-2414/-2411 -1626/-2413/-2410 
f -1626/-2413/-2410 -1602/-2412/-2409 -1603/-2415/-2412 
f -1601/-2411/-2408 -1603/-2415/-2412 -1602/-2412/-2409 
f -1602/-2412/-2409 -1600/-2410/-2407 -1601/-2411/-2408 
f -1599/-2409/-2406 -1598/-2408/-2405 -1597/-2407/-2404 
f -1597/-2407/-2404 -1596/-2406/-2403 -1599/-2409/-2406 
f -1823/-2745/-2742 -1595/-2405/-2402 -1594/-2404/-2401 
f -1594/-2404/-2401 -1822/-2744/-2741 -1823/-2745/-2742 
f -1593/-2403/-2400 -1816/-2738/-2735 -1817/-2739/-2736 
f -1817/-2739/-2736 -1592/-2402/-2399 -1593/-2403/-2400 
f -1595/-2405/-2402 -1601/-2411/-2408 -1600/-2410/-2407 
f -1600/-2410/-2407 -1594/-2404/-2401 -1595/-2405/-2402 
f -1598/-2408/-2405 -1593/-2403/-2400 -1592/-2402/-2399 
f -1592/-2402/-2399 -1597/-2407/-2404 -1598/-2408/-2405 
f -1591/-2401/-2398 -1590/-2400/-2397 -1589/-2399/-2396 
f -1589/-2399/-2396 -1588/-2398/-2395 -1591/-2401/-2398 
f -1608/-2420/-2417 -1591/-2401/-2398 -1588/-2398/-2395 
f -1588/-2398/-2395 -1607/-2419/-2416 -1608/-2420/-2417 
f -1587/-2397/-2394 -1599/-2409/-2406 -1596/-2406/-2403 
f -1596/-2406/-2403 -1586/-2396/-2393 -1587/-2397/-2394 
f -1590/-2400/-2397 -1587/-2397/-2394 -1586/-2396/-2393 
f -1586/-2396/-2393 -1589/-2399/-2396 -1590/-2400/-2397 
f -1585/-2395/-2392 -1609/-2421/-2418 -1606/-2418/-2415 
f -1606/-2418/-2415 -1584/-2394/-2391 -1585/-2395/-2392 
f -1611/-2423/-2420 -1583/-2393/-2390 -1582/-2392/-2389 
f -1582/-2392/-2389 -1610/-2422/-2419 -1611/-2423/-2420 
f -1583/-2393/-2390 -1585/-2391/-2388 -1584/-2390/-2387 
f -1584/-2390/-2387 -1582/-2392/-2389 -1583/-2393/-2390 
f -1624/-2436/-2433 -1605/-2417/-2414 -1604/-2416/-2413 
f -1604/-2416/-2413 -1623/-2435/-2432 -1624/-2436/-2433 
f -1687/-2499/-2496 -1626/-2389/-2386 -1627/-2388/-2385 
f -1627/-2388/-2385 -1686/-2498/-2495 -1687/-2499/-2496 
f -1684/-2496/-2493 -1622/-2387/-2384 -1623/-2386/-2383 
f -1623/-2386/-2383 -1689/-2501/-2498 -1684/-2496/-2493 
f -1686/-2498/-2495 -1627/-2388/-2385 -1620/-2385/-2382 
f -1620/-2385/-2382 -1685/-2497/-2494 -1686/-2498/-2495 
f -1797/-2665/-2662 -1730/-2547/-2544 -1618/-2384/-2381 
f -1618/-2384/-2381 -1682/-2494/-2491 -1797/-2665/-2662 
f -1683/-2495/-2492 -1616/-2383/-2380 -1725/-2546/-2543 
f -1725/-2546/-2543 -1796/-2664/-2661 -1683/-2495/-2492 
f -1682/-2494/-2491 -1618/-2384/-2381 -1622/-2387/-2384 
f -1622/-2387/-2384 -1684/-2496/-2493 -1682/-2494/-2491 
f -1685/-2497/-2494 -1620/-2385/-2382 -1616/-2383/-2380 
f -1616/-2383/-2380 -1683/-2495/-2492 -1685/-2497/-2494 
f -1681/-2493/-2490 -1612/-2382/-2379 -1613/-2381/-2378 
f -1613/-2381/-2378 -1680/-2492/-2489 -1681/-2493/-2490 
f -1680/-2492/-2489 -1613/-2381/-2378 -1610/-2380/-2377 
f -1610/-2380/-2377 -1677/-2489/-2486 -1680/-2492/-2489 
f -1675/-2487/-2484 -1606/-2379/-2376 -1607/-2378/-2375 
f -1607/-2378/-2375 -1674/-2486/-2483 -1675/-2487/-2484 
f -1689/-2501/-2498 -1623/-2386/-2383 -1604/-2377/-2374 
f -1604/-2377/-2374 -1672/-2484/-2481 -1689/-2501/-2498 
f -1672/-2484/-2481 -1604/-2377/-2374 -1612/-2382/-2379 
f -1612/-2382/-2379 -1681/-2493/-2490 -1672/-2484/-2481 
f -1669/-2481/-2478 -1602/-2376/-2373 -1626/-2389/-2386 
f -1626/-2389/-2386 -1687/-2499/-2496 -1669/-2481/-2478 
f -1667/-2479/-2476 -1600/-2375/-2372 -1602/-2376/-2373 
f -1602/-2376/-2373 -1669/-2481/-2478 -1667/-2479/-2476 
f -1670/-2482/-2479 -1596/-2374/-2371 -1597/-2373/-2370 
f -1597/-2373/-2370 -1668/-2480/-2477 -1670/-2482/-2479 
f -1897/-2821/-2818 -1822/-2707/-2704 -1594/-2372/-2369 
f -1594/-2372/-2369 -1666/-2478/-2475 -1897/-2821/-2818 
f -1665/-2477/-2474 -1592/-2371/-2368 -1817/-2706/-2703 
f -1817/-2706/-2703 -1896/-2820/-2817 -1665/-2477/-2474 
f -1666/-2478/-2475 -1594/-2372/-2369 -1600/-2375/-2372 
f -1600/-2375/-2372 -1667/-2479/-2476 -1666/-2478/-2475 
f -1668/-2480/-2477 -1597/-2373/-2370 -1592/-2371/-2368 
f -1592/-2371/-2368 -1665/-2477/-2474 -1668/-2480/-2477 
f -1663/-2475/-2472 -1588/-2370/-2367 -1589/-2369/-2366 
f -1589/-2369/-2366 -1664/-2476/-2473 -1663/-2475/-2472 
f -1674/-2486/-2483 -1607/-2378/-2375 -1588/-2370/-2367 
f -1588/-2370/-2367 -1663/-2475/-2472 -1674/-2486/-2483 
f -1662/-2474/-2471 -1586/-2368/-2365 -1596/-2374/-2371 
f -1596/-2374/-2371 -1670/-2482/-2479 -1662/-2474/-2471 
f -1664/-2476/-2473 -1589/-2369/-2366 -1586/-2368/-2365 
f -1586/-2368/-2365 -1662/-2474/-2471 -1664/-2476/-2473 
f -1661/-2473/-2470 -1584/-2367/-2364 -1606/-2379/-2376 
f -1606/-2379/-2376 -1675/-2487/-2484 -1661/-2473/-2470 
f -1677/-2489/-2486 -1610/-2380/-2377 -1582/-2366/-2363 
f -1582/-2366/-2363 -1660/-2472/-2469 -1677/-2489/-2486 
f -1660/-2472/-2469 -1582/-2366/-2363 -1584/-2367/-2364 
f -1584/-2367/-2364 -1661/-2473/-2470 -1660/-2472/-2469 
f -1656/-2468/-2465 -1628/-2365/-2362 -1629/-2364/-2361 
f -1629/-2364/-2361 -1659/-2471/-2468 -1656/-2468/-2465 
f -1657/-2469/-2466 -1624/-2363/-2360 -1625/-2362/-2359 
f -1625/-2362/-2359 -1655/-2467/-2464 -1657/-2469/-2466 
f -1654/-2466/-2463 -1621/-2361/-2358 -1628/-2365/-2362 
f -1628/-2365/-2362 -1656/-2468/-2465 -1654/-2466/-2463 
f -1652/-2464/-2461 -1619/-2360/-2357 -1731/-2522/-2519 
f -1731/-2522/-2519 -1767/-2635/-2632 -1652/-2464/-2461 
f -1764/-2632/-2629 -1724/-2519/-2516 -1617/-2359/-2356 
f -1617/-2359/-2356 -1653/-2465/-2462 -1764/-2632/-2629 
f -1655/-2467/-2464 -1625/-2362/-2359 -1619/-2360/-2357 
f -1619/-2360/-2357 -1652/-2464/-2461 -1655/-2467/-2464 
f -1653/-2465/-2462 -1617/-2359/-2356 -1621/-2361/-2358 
f -1621/-2361/-2358 -1654/-2466/-2463 -1653/-2465/-2462 
f -1650/-2462/-2459 -1614/-2358/-2355 -1615/-2357/-2354 
f -1615/-2357/-2354 -1649/-2461/-2458 -1650/-2462/-2459 
f -1647/-2459/-2456 -1611/-2356/-2353 -1614/-2358/-2355 
f -1614/-2358/-2355 -1650/-2462/-2459 -1647/-2459/-2456 
f -1645/-2457/-2454 -1608/-2355/-2352 -1609/-2354/-2351 
f -1609/-2354/-2351 -1644/-2456/-2453 -1645/-2457/-2454 
f -1641/-2453/-2450 -1605/-2353/-2350 -1624/-2363/-2360 
f -1624/-2363/-2360 -1657/-2469/-2466 -1641/-2453/-2450 
f -1649/-2461/-2458 -1615/-2357/-2354 -1605/-2353/-2350 
f -1605/-2353/-2350 -1641/-2453/-2450 -1649/-2461/-2458 
f -1659/-2471/-2468 -1629/-2364/-2361 -1603/-2352/-2349 
f -1603/-2352/-2349 -1640/-2452/-2449 -1659/-2471/-2468 
f -1640/-2452/-2449 -1603/-2352/-2349 -1601/-2351/-2348 
f -1601/-2351/-2348 -1637/-2449/-2446 -1640/-2452/-2449 
f -1638/-2450/-2447 -1598/-2350/-2347 -1599/-2349/-2346 
f -1599/-2349/-2346 -1639/-2451/-2448 -1638/-2450/-2447 
f -1635/-2447/-2444 -1595/-2348/-2345 -1823/-2682/-2679 
f -1823/-2682/-2679 -1865/-2789/-2786 -1635/-2447/-2444 
f -1866/-2790/-2787 -1816/-2679/-2676 -1593/-2347/-2344 
f -1593/-2347/-2344 -1636/-2448/-2445 -1866/-2790/-2787 
f -1637/-2449/-2446 -1601/-2351/-2348 -1595/-2348/-2345 
f -1595/-2348/-2345 -1635/-2447/-2444 -1637/-2449/-2446 
f -1636/-2448/-2445 -1593/-2347/-2344 -1598/-2350/-2347 
f -1598/-2350/-2347 -1638/-2450/-2447 -1636/-2448/-2445 
f -1634/-2446/-2443 -1590/-2346/-2343 -1591/-2345/-2342 
f -1591/-2345/-2342 -1633/-2445/-2442 -1634/-2446/-2443 
f -1633/-2445/-2442 -1591/-2345/-2342 -1608/-2355/-2352 
f -1608/-2355/-2352 -1645/-2457/-2454 -1633/-2445/-2442 
f -1639/-2451/-2448 -1599/-2349/-2346 -1587/-2344/-2341 
f -1587/-2344/-2341 -1632/-2444/-2441 -1639/-2451/-2448 
f -1632/-2444/-2441 -1587/-2344/-2341 -1590/-2346/-2343 
f -1590/-2346/-2343 -1634/-2446/-2443 -1632/-2444/-2441 
f -1644/-2456/-2453 -1609/-2354/-2351 -1585/-2343/-2340 
f -1585/-2343/-2340 -1631/-2443/-2440 -1644/-2456/-2453 
f -1630/-2442/-2439 -1583/-2342/-2339 -1611/-2356/-2353 
f -1611/-2356/-2353 -1647/-2459/-2456 -1630/-2442/-2439 
f -1631/-2443/-2440 -1585/-2343/-2340 -1583/-2342/-2339 
f -1583/-2342/-2339 -1630/-2442/-2439 -1631/-2443/-2440 
f -1581/-2341/-2338 -1580/-2340/-2337 -1579/-2339/-2336 
f -1581/-2341/-2338 -1579/-2339/-2336 -1578/-2338/-2335 
f -1577/-2337/-2334 -1581/-2341/-2338 -1578/-2338/-2335 
f -1576/-2336/-2333 -1575/-2335/-2332 -1574/-2334/-2331 
f -1574/-2334/-2331 -1573/-2333/-2330 -1576/-2336/-2333 
f -1572/-2332/-2329 -1571/-2331/-2328 -1570/-2330/-2327 
f -1570/-2330/-2327 -1569/-2329/-2326 -1572/-2332/-2329 
f -1568/-2328/-2325 -1567/-2327/-2324 -1566/-2326/-2323 
f -1568/-2328/-2325 -1566/-2326/-2323 -1565/-2325/-2322 
f -1564/-2324/-2321 -1568/-2328/-2325 -1565/-2325/-2322 
f -1563/-2323/-2320 -1562/-2322/-2319 -1573/-2333/-2330 
f -1573/-2333/-2330 -1574/-2334/-2331 -1563/-2323/-2320 
f -1564/-2324/-2321 -1565/-2325/-2322 -1561/-2321/-2318 
f -1564/-2324/-2321 -1561/-2321/-2318 -1580/-2340/-2337 
f -1581/-2341/-2338 -1564/-2324/-2321 -1580/-2340/-2337 
f -1577/-2337/-2334 -1578/-2338/-2335 -1560/-2320/-2317 
f -1577/-2337/-2334 -1560/-2320/-2317 -1567/-2327/-2324 
f -1568/-2328/-2325 -1577/-2337/-2334 -1567/-2327/-2324 
f -1559/-2319/-2316 -1558/-2318/-2315 -1569/-2329/-2326 
f -1569/-2329/-2326 -1570/-2330/-2327 -1559/-2319/-2316 
f -1557/-2317/-2314 -1556/-2316/-2313 -1562/-2322/-2319 
f -1562/-2322/-2319 -1563/-2323/-2320 -1557/-2317/-2314 
f -1555/-2315/-2312 -1554/-2314/-2311 -1558/-2318/-2315 
f -1558/-2318/-2315 -1559/-2319/-2316 -1555/-2315/-2312 
f -1571/-2331/-2328 -1572/-2332/-2329 -1556/-2316/-2313 
f -1556/-2316/-2313 -1557/-2317/-2314 -1571/-2331/-2328 
f -1575/-2335/-2332 -1576/-2336/-2333 -1554/-2314/-2311 
f -1554/-2314/-2311 -1555/-2315/-2312 -1575/-2335/-2332 
f -1553/-2313/-2310 -1552/-2312/-2309 -1551/-2311/-2308 
f -1551/-2311/-2308 -1550/-2310/-2307 -1553/-2313/-2310 
f -1549/-2309/-2306 -1548/-2308/-2305 -1547/-2307/-2304 
f -1547/-2307/-2304 -1550/-2310/-2307 -1549/-2309/-2306 
f -1546/-2306/-2303 -1545/-2305/-2302 -1544/-2304/-2301 
f -1544/-2304/-2301 -1543/-2303/-2300 -1546/-2306/-2303 
f -1553/-2313/-2310 -1542/-2302/-2299 -1541/-2301/-2298 
f -1541/-2301/-2298 -1543/-2303/-2300 -1553/-2313/-2310 
f -1550/-2310/-2307 -1551/-2311/-2308 -1540/-2300/-2297 
f -1540/-2300/-2297 -1549/-2309/-2306 -1550/-2310/-2307 
f -1553/-2313/-2310 -1550/-2310/-2307 -1547/-2307/-2304 
f -1547/-2307/-2304 -1542/-2302/-2299 -1553/-2313/-2310 
f -1553/-2313/-2310 -1543/-2303/-2300 -1544/-2304/-2301 
f -1544/-2304/-2301 -1552/-2312/-2309 -1553/-2313/-2310 
f -1543/-2303/-2300 -1541/-2301/-2298 -1539/-2299/-2296 
f -1539/-2299/-2296 -1546/-2306/-2303 -1543/-2303/-2300 
f -1551/-2311/-2308 -1552/-2312/-2309 -1538/-2298/-2295 
f -1538/-2298/-2295 -1540/-2300/-2297 -1551/-2311/-2308 
f -1541/-2301/-2298 -1542/-2302/-2299 -1537/-2297/-2294 
f -1537/-2297/-2294 -1539/-2299/-2296 -1541/-2301/-2298 
f -1552/-2312/-2309 -1544/-2304/-2301 -1545/-2305/-2302 
f -1545/-2305/-2302 -1538/-2298/-2295 -1552/-2312/-2309 
f -1542/-2302/-2299 -1547/-2307/-2304 -1548/-2308/-2305 
f -1548/-2308/-2305 -1537/-2297/-2294 -1542/-2302/-2299 
f -1536/-2296/-2293 -1535/-2295/-2292 -1534/-2294/-2291 
f -1534/-2294/-2291 -1533/-2293/-2290 -1536/-2296/-2293 
f -1532/-2292/-2289 -1531/-2291/-2288 -1530/-2290/-2287 
f -1530/-2290/-2287 -1529/-2289/-2286 -1532/-2292/-2289 
f -1535/-2288/-2285 -1528/-2287/-2284 -1527/-2286/-2283 
f -1527/-2286/-2283 -1534/-2285/-2282 -1535/-2288/-2285 
f -1531/-2284/-2281 -1526/-2283/-2280 -1525/-2282/-2279 
f -1525/-2282/-2279 -1530/-2281/-2278 -1531/-2284/-2281 
f -1528/-2287/-2284 -1524/-2280/-2277 -1523/-2279/-2276 
f -1523/-2279/-2276 -1527/-2286/-2283 -1528/-2287/-2284 
f -1526/-2283/-2280 -1522/-2278/-2275 -1521/-2277/-2274 
f -1521/-2277/-2274 -1525/-2282/-2279 -1526/-2283/-2280 
f -1524/-2280/-2277 -1532/-2292/-2289 -1529/-2289/-2286 
f -1529/-2289/-2286 -1523/-2279/-2276 -1524/-2280/-2277 
f -1522/-2278/-2275 -1536/-2296/-2293 -1533/-2293/-2290 
f -1533/-2293/-2290 -1521/-2277/-2274 -1522/-2278/-2275 
f -1573/-2333/-2330 -1562/-2322/-2319 -1520/-2276/-2273 
f -1520/-2276/-2273 -1519/-2275/-2272 -1573/-2333/-2330 
f -1556/-2316/-2313 -1518/-2274/-2271 -1520/-2276/-2273 
f -1520/-2276/-2273 -1562/-2322/-2319 -1556/-2316/-2313 
f -1556/-2316/-2313 -1572/-2332/-2329 -1517/-2273/-2270 
f -1517/-2273/-2270 -1518/-2274/-2271 -1556/-2316/-2313 
f -1569/-2329/-2326 -1516/-2272/-2269 -1517/-2273/-2270 
f -1517/-2273/-2270 -1572/-2332/-2329 -1569/-2329/-2326 
f -1569/-2329/-2326 -1558/-2318/-2315 -1515/-2271/-2268 
f -1515/-2271/-2268 -1516/-2272/-2269 -1569/-2329/-2326 
f -1554/-2314/-2311 -1514/-2270/-2267 -1515/-2271/-2268 
f -1515/-2271/-2268 -1558/-2318/-2315 -1554/-2314/-2311 
f -1554/-2314/-2311 -1576/-2336/-2333 -1513/-2269/-2266 
f -1513/-2269/-2266 -1514/-2270/-2267 -1554/-2314/-2311 
f -1573/-2333/-2330 -1519/-2275/-2272 -1513/-2269/-2266 
f -1513/-2269/-2266 -1576/-2336/-2333 -1573/-2333/-2330 
f -1579/-2339/-2336 -1580/-2340/-2337 -1519/-2275/-2272 
f -1519/-2275/-2272 -1520/-2276/-2273 -1579/-2339/-2336 
f -1518/-2274/-2271 -1578/-2338/-2335 -1579/-2339/-2336 
f -1579/-2339/-2336 -1520/-2276/-2273 -1518/-2274/-2271 
f -1560/-2320/-2317 -1578/-2338/-2335 -1518/-2274/-2271 
f -1518/-2274/-2271 -1517/-2273/-2270 -1560/-2320/-2317 
f -1516/-2272/-2269 -1567/-2327/-2324 -1560/-2320/-2317 
f -1560/-2320/-2317 -1517/-2273/-2270 -1516/-2272/-2269 
f -1566/-2326/-2323 -1567/-2327/-2324 -1516/-2272/-2269 
f -1516/-2272/-2269 -1515/-2271/-2268 -1566/-2326/-2323 
f -1514/-2270/-2267 -1565/-2325/-2322 -1566/-2326/-2323 
f -1566/-2326/-2323 -1515/-2271/-2268 -1514/-2270/-2267 
f -1561/-2321/-2318 -1565/-2325/-2322 -1514/-2270/-2267 
f -1514/-2270/-2267 -1513/-2269/-2266 -1561/-2321/-2318 
f -1519/-2275/-2272 -1580/-2340/-2337 -1561/-2321/-2318 
f -1561/-2321/-2318 -1513/-2269/-2266 -1519/-2275/-2272 
f -1581/-2341/-2338 -1577/-2337/-2334 -1568/-2328/-2325 
f -1568/-2328/-2325 -1564/-2324/-2321 -1581/-2341/-2338 
f -1575/-2335/-2332 -1533/-2268/-2265 -1534/-2267/-2264 
f -1534/-2267/-2264 -1574/-2334/-2331 -1575/-2335/-2332 
f -1571/-2331/-2328 -1529/-2266/-2263 -1530/-2265/-2262 
f -1530/-2265/-2262 -1570/-2330/-2327 -1571/-2331/-2328 
f -1574/-2334/-2331 -1534/-2267/-2264 -1527/-2264/-2261 
f -1527/-2264/-2261 -1563/-2323/-2320 -1574/-2334/-2331 
f -1570/-2330/-2327 -1530/-2265/-2262 -1525/-2263/-2260 
f -1525/-2263/-2260 -1559/-2319/-2316 -1570/-2330/-2327 
f -1563/-2323/-2320 -1527/-2264/-2261 -1523/-2262/-2259 
f -1523/-2262/-2259 -1557/-2317/-2314 -1563/-2323/-2320 
f -1559/-2319/-2316 -1525/-2263/-2260 -1521/-2261/-2258 
f -1521/-2261/-2258 -1555/-2315/-2312 -1559/-2319/-2316 
f -1557/-2317/-2314 -1523/-2262/-2259 -1529/-2266/-2263 
f -1529/-2266/-2263 -1571/-2331/-2328 -1557/-2317/-2314 
f -1555/-2315/-2312 -1521/-2261/-2258 -1533/-2268/-2265 
f -1533/-2268/-2265 -1575/-2335/-2332 -1555/-2315/-2312 
f -1549/-2309/-2306 -1535/-2260/-2257 -1536/-2259/-2256 
f -1536/-2259/-2256 -1548/-2308/-2305 -1549/-2309/-2306 
f -1546/-2306/-2303 -1531/-2258/-2255 -1532/-2257/-2254 
f -1532/-2257/-2254 -1545/-2305/-2302 -1546/-2306/-2303 
f -1540/-2300/-2297 -1528/-2256/-2253 -1535/-2260/-2257 
f -1535/-2260/-2257 -1549/-2309/-2306 -1540/-2300/-2297 
f -1539/-2299/-2296 -1526/-2255/-2252 -1531/-2258/-2255 
f -1531/-2258/-2255 -1546/-2306/-2303 -1539/-2299/-2296 
f -1538/-2298/-2295 -1524/-2254/-2251 -1528/-2256/-2253 
f -1528/-2256/-2253 -1540/-2300/-2297 -1538/-2298/-2295 
f -1537/-2297/-2294 -1522/-2253/-2250 -1526/-2255/-2252 
f -1526/-2255/-2252 -1539/-2299/-2296 -1537/-2297/-2294 
f -1545/-2305/-2302 -1532/-2257/-2254 -1524/-2254/-2251 
f -1524/-2254/-2251 -1538/-2298/-2295 -1545/-2305/-2302 
f -1548/-2308/-2305 -1536/-2259/-2256 -1522/-2253/-2250 
f -1522/-2253/-2250 -1537/-2297/-2294 -1548/-2308/-2305 
f -1512/-2252/-2249 -1511/-2251/-2248 -1510/-2250/-2247 
f -1510/-2250/-2247 -1509/-2249/-2246 -1512/-2252/-2249 
f -1508/-2248/-2245 -1512/-2252/-2249 -1509/-2249/-2246 
f -1509/-2249/-2246 -1507/-2247/-2244 -1508/-2248/-2245 
f -1506/-2246/-2243 -1508/-2248/-2245 -1507/-2247/-2244 
f -1507/-2247/-2244 -1505/-2245/-2242 -1506/-2246/-2243 
f -1504/-2244/-2241 -1503/-2243/-2240 -1506/-2246/-2243 
f -1506/-2246/-2243 -1505/-2245/-2242 -1504/-2244/-2241 
f -1502/-2242/-2239 -1503/-2243/-2240 -1504/-2244/-2241 
f -1504/-2244/-2241 -1501/-2241/-2238 -1502/-2242/-2239 
f -1500/-2240/-2237 -1499/-2239/-2236 -1498/-2238/-2235 
f -1498/-2238/-2235 -1497/-2237/-2234 -1500/-2240/-2237 
f -1496/-2236/-2233 -1495/-2235/-2232 -1497/-2237/-2234 
f -1497/-2237/-2234 -1498/-2238/-2235 -1496/-2236/-2233 
f -1494/-2234/-2231 -1493/-2233/-2230 -1495/-2235/-2232 
f -1495/-2235/-2232 -1496/-2236/-2233 -1494/-2234/-2231 
f -1492/-2232/-2229 -1493/-2233/-2230 -1494/-2234/-2231 
f -1494/-2234/-2231 -1491/-2231/-2228 -1492/-2232/-2229 
f -1490/-2230/-2227 -1489/-2229/-2226 -1492/-2232/-2229 
f -1492/-2232/-2229 -1491/-2231/-2228 -1490/-2230/-2227 
f -1488/-2228/-2225 -1487/-2227/-2224 -1486/-2226/-2223 
f -1486/-2226/-2223 -1485/-2225/-2222 -1488/-2228/-2225 
f -1484/-2224/-2221 -1483/-2223/-2220 -1485/-2225/-2222 
f -1485/-2225/-2222 -1486/-2226/-2223 -1484/-2224/-2221 
f -1482/-2222/-2219 -1481/-2221/-2218 -1483/-2223/-2220 
f -1483/-2223/-2220 -1484/-2224/-2221 -1482/-2222/-2219 
f -1480/-2220/-2217 -1481/-2221/-2218 -1482/-2222/-2219 
f -1482/-2222/-2219 -1479/-2219/-2216 -1480/-2220/-2217 
f -1478/-2218/-2215 -1477/-2217/-2214 -1480/-2220/-2217 
f -1480/-2220/-2217 -1479/-2219/-2216 -1478/-2218/-2215 
f -1476/-2216/-2213 -1475/-2215/-2212 -1474/-2214/-2211 
f -1474/-2214/-2211 -1473/-2213/-2210 -1476/-2216/-2213 
f -1472/-2212/-2209 -1476/-2216/-2213 -1473/-2213/-2210 
f -1473/-2213/-2210 -1471/-2211/-2208 -1472/-2212/-2209 
f -1470/-2210/-2207 -1472/-2212/-2209 -1471/-2211/-2208 
f -1471/-2211/-2208 -1469/-2209/-2206 -1470/-2210/-2207 
f -1468/-2208/-2205 -1467/-2207/-2204 -1470/-2210/-2207 
f -1470/-2210/-2207 -1469/-2209/-2206 -1468/-2208/-2205 
f -1466/-2206/-2203 -1467/-2207/-2204 -1468/-2208/-2205 
f -1468/-2208/-2205 -1465/-2205/-2202 -1466/-2206/-2203 
f -1464/-2204/-2201 -1463/-2203/-2200 -1462/-2202/-2199 
f -1462/-2202/-2199 -1461/-2201/-2198 -1464/-2204/-2201 
f -1461/-2201/-2198 -1462/-2202/-2199 -1460/-2200/-2197 
f -1460/-2200/-2197 -1459/-2199/-2196 -1461/-2201/-2198 
f -1459/-2199/-2196 -1460/-2200/-2197 -1458/-2198/-2195 
f -1458/-2198/-2195 -1457/-2197/-2194 -1459/-2199/-2196 
f -1458/-2198/-2195 -1456/-2196/-2193 -1455/-2195/-2192 
f -1455/-2195/-2192 -1457/-2197/-2194 -1458/-2198/-2195 
f -1455/-2195/-2192 -1456/-2196/-2193 -1454/-2194/-2191 
f -1454/-2194/-2191 -1453/-2193/-2190 -1455/-2195/-2192 
f -1452/-2192/-2189 -1451/-2191/-2188 -1450/-2190/-2187 
f -1450/-2190/-2187 -1449/-2189/-2186 -1452/-2192/-2189 
f -1449/-2189/-2186 -1448/-2188/-2185 -1447/-2187/-2184 
f -1447/-2187/-2184 -1452/-2192/-2189 -1449/-2189/-2186 
f -1448/-2188/-2185 -1446/-2186/-2183 -1445/-2185/-2182 
f -1445/-2185/-2182 -1447/-2187/-2184 -1448/-2188/-2185 
f -1445/-2185/-2182 -1446/-2186/-2183 -1444/-2184/-2181 
f -1444/-2184/-2181 -1443/-2183/-2180 -1445/-2185/-2182 
f -1444/-2184/-2181 -1442/-2182/-2179 -1441/-2181/-2178 
f -1441/-2181/-2178 -1443/-2183/-2180 -1444/-2184/-2181 
f -1440/-2180/-2177 -1439/-2179/-2176 -1438/-2178/-2175 
f -1438/-2178/-2175 -1437/-2177/-2174 -1440/-2180/-2177 
f -1437/-2177/-2174 -1436/-2176/-2173 -1435/-2175/-2172 
f -1435/-2175/-2172 -1440/-2180/-2177 -1437/-2177/-2174 
f -1436/-2176/-2173 -1434/-2174/-2171 -1433/-2173/-2170 
f -1433/-2173/-2170 -1435/-2175/-2172 -1436/-2176/-2173 
f -1433/-2173/-2170 -1434/-2174/-2171 -1432/-2172/-2169 
f -1432/-2172/-2169 -1431/-2171/-2168 -1433/-2173/-2170 
f -1432/-2172/-2169 -1430/-2170/-2167 -1429/-2169/-2166 
f -1429/-2169/-2166 -1431/-2171/-2168 -1432/-2172/-2169 
f -1428/-2168/-2165 -1427/-2167/-2164 -1426/-2166/-2163 
f -1426/-2166/-2163 -1425/-2165/-2162 -1428/-2168/-2165 
f -1425/-2165/-2162 -1426/-2166/-2163 -1424/-2164/-2161 
f -1424/-2164/-2161 -1423/-2163/-2160 -1425/-2165/-2162 
f -1423/-2163/-2160 -1424/-2164/-2161 -1422/-2162/-2159 
f -1422/-2162/-2159 -1421/-2161/-2158 -1423/-2163/-2160 
f -1422/-2162/-2159 -1420/-2160/-2157 -1419/-2159/-2156 
f -1419/-2159/-2156 -1421/-2161/-2158 -1422/-2162/-2159 
f -1419/-2159/-2156 -1420/-2160/-2157 -1418/-2158/-2155 
f -1418/-2158/-2155 -1417/-2157/-2154 -1419/-2159/-2156 
f -1416/-2156/-2153 -1415/-2155/-2152 -1414/-2154/-2151 
f -1414/-2154/-2151 -1413/-2153/-2150 -1416/-2156/-2153 
f -1412/-2152/-2149 -1411/-2151/-2148 -1410/-2150/-2147 
f -1410/-2150/-2147 -1409/-2149/-2146 -1412/-2152/-2149 
f -1415/-2155/-2152 -1408/-2148/-2145 -1407/-2147/-2144 
f -1407/-2147/-2144 -1414/-2154/-2151 -1415/-2155/-2152 
f -1406/-2146/-2143 -1412/-2152/-2149 -1409/-2149/-2146 
f -1409/-2149/-2146 -1405/-2145/-2142 -1406/-2146/-2143 
f -1408/-2148/-2145 -1404/-2144/-2141 -1403/-2143/-2140 
f -1403/-2143/-2140 -1407/-2147/-2144 -1408/-2148/-2145 
f -1402/-2142/-2139 -1406/-2146/-2143 -1405/-2145/-2142 
f -1405/-2145/-2142 -1401/-2141/-2138 -1402/-2142/-2139 
f -1404/-2144/-2141 -1400/-2140/-2137 -1399/-2139/-2136 
f -1399/-2139/-2136 -1403/-2143/-2140 -1404/-2144/-2141 
f -1398/-2138/-2135 -1402/-2142/-2139 -1401/-2141/-2138 
f -1401/-2141/-2138 -1397/-2137/-2134 -1398/-2138/-2135 
f -1400/-2140/-2137 -1396/-2136/-2133 -1395/-2135/-2132 
f -1395/-2135/-2132 -1399/-2139/-2136 -1400/-2140/-2137 
f -1394/-2134/-2131 -1398/-2138/-2135 -1397/-2137/-2134 
f -1397/-2137/-2134 -1393/-2133/-2130 -1394/-2134/-2131 
f -1392/-2132/-2129 -1391/-2131/-2128 -1390/-2130/-2127 
f -1390/-2130/-2127 -1389/-2129/-2126 -1392/-2132/-2129 
f -1388/-2128/-2125 -1387/-2127/-2124 -1386/-2126/-2123 
f -1386/-2126/-2123 -1385/-2125/-2122 -1388/-2128/-2125 
f -1387/-2127/-2124 -1384/-2124/-2121 -1383/-2123/-2120 
f -1383/-2123/-2120 -1386/-2126/-2123 -1387/-2127/-2124 
f -1382/-2122/-2119 -1392/-2132/-2129 -1389/-2129/-2126 
f -1389/-2129/-2126 -1381/-2121/-2118 -1382/-2122/-2119 
f -1384/-2124/-2121 -1380/-2120/-2117 -1379/-2119/-2116 
f -1379/-2119/-2116 -1383/-2123/-2120 -1384/-2124/-2121 
f -1378/-2118/-2115 -1382/-2122/-2119 -1381/-2121/-2118 
f -1381/-2121/-2118 -1377/-2117/-2114 -1378/-2118/-2115 
f -1380/-2120/-2117 -1376/-2116/-2113 -1375/-2115/-2112 
f -1375/-2115/-2112 -1379/-2119/-2116 -1380/-2120/-2117 
f -1374/-2114/-2111 -1378/-2118/-2115 -1377/-2117/-2114 
f -1377/-2117/-2114 -1373/-2113/-2110 -1374/-2114/-2111 
f -1376/-2116/-2113 -1372/-2112/-2109 -1371/-2111/-2108 
f -1371/-2111/-2108 -1375/-2115/-2112 -1376/-2116/-2113 
f -1370/-2110/-2107 -1374/-2114/-2111 -1373/-2113/-2110 
f -1373/-2113/-2110 -1369/-2109/-2106 -1370/-2110/-2107 
f -1368/-2108/-2105 -1367/-2107/-2104 -1366/-2106/-2103 
f -1366/-2106/-2103 -1365/-2105/-2102 -1368/-2108/-2105 
f -1364/-2104/-2101 -1363/-2103/-2100 -1362/-2102/-2099 
f -1362/-2102/-2099 -1361/-2101/-2098 -1364/-2104/-2101 
f -1363/-2103/-2100 -1360/-2100/-2097 -1359/-2099/-2096 
f -1359/-2099/-2096 -1362/-2102/-2099 -1363/-2103/-2100 
f -1358/-2098/-2095 -1368/-2108/-2105 -1365/-2105/-2102 
f -1365/-2105/-2102 -1357/-2097/-2094 -1358/-2098/-2095 
f -1360/-2100/-2097 -1356/-2096/-2093 -1355/-2095/-2092 
f -1355/-2095/-2092 -1359/-2099/-2096 -1360/-2100/-2097 
f -1354/-2094/-2091 -1358/-2098/-2095 -1357/-2097/-2094 
f -1357/-2097/-2094 -1353/-2093/-2090 -1354/-2094/-2091 
f -1356/-2096/-2093 -1352/-2092/-2089 -1351/-2091/-2088 
f -1351/-2091/-2088 -1355/-2095/-2092 -1356/-2096/-2093 
f -1350/-2090/-2087 -1354/-2094/-2091 -1353/-2093/-2090 
f -1353/-2093/-2090 -1349/-2089/-2086 -1350/-2090/-2087 
f -1352/-2092/-2089 -1348/-2088/-2085 -1347/-2087/-2084 
f -1347/-2087/-2084 -1351/-2091/-2088 -1352/-2092/-2089 
f -1346/-2086/-2083 -1350/-2090/-2087 -1349/-2089/-2086 
f -1349/-2089/-2086 -1345/-2085/-2082 -1346/-2086/-2083 
f -1344/-2084/-2081 -1343/-2083/-2080 -1342/-2082/-2079 
f -1342/-2082/-2079 -1341/-2081/-2078 -1344/-2084/-2081 
f -1340/-2080/-2077 -1339/-2079/-2076 -1338/-2078/-2075 
f -1338/-2078/-2075 -1337/-2077/-2074 -1340/-2080/-2077 
f -1343/-2083/-2080 -1336/-2076/-2073 -1335/-2075/-2072 
f -1335/-2075/-2072 -1342/-2082/-2079 -1343/-2083/-2080 
f -1334/-2074/-2071 -1340/-2080/-2077 -1337/-2077/-2074 
f -1337/-2077/-2074 -1333/-2073/-2070 -1334/-2074/-2071 
f -1336/-2076/-2073 -1332/-2072/-2069 -1331/-2071/-2068 
f -1331/-2071/-2068 -1335/-2075/-2072 -1336/-2076/-2073 
f -1330/-2070/-2067 -1334/-2074/-2071 -1333/-2073/-2070 
f -1333/-2073/-2070 -1329/-2069/-2066 -1330/-2070/-2067 
f -1332/-2072/-2069 -1328/-2068/-2065 -1327/-2067/-2064 
f -1327/-2067/-2064 -1331/-2071/-2068 -1332/-2072/-2069 
f -1326/-2066/-2063 -1330/-2070/-2067 -1329/-2069/-2066 
f -1329/-2069/-2066 -1325/-2065/-2062 -1326/-2066/-2063 
f -1328/-2068/-2065 -1324/-2064/-2061 -1323/-2063/-2060 
f -1323/-2063/-2060 -1327/-2067/-2064 -1328/-2068/-2065 
f -1322/-2062/-2059 -1326/-2066/-2063 -1325/-2065/-2062 
f -1325/-2065/-2062 -1321/-2061/-2058 -1322/-2062/-2059 
f -1412/-2060/-2057 -1509/-2249/-2246 -1510/-2250/-2247 
f -1510/-2250/-2247 -1411/-2059/-2056 -1412/-2060/-2057 
f -1406/-2058/-2055 -1507/-2247/-2244 -1509/-2249/-2246 
f -1509/-2249/-2246 -1412/-2060/-2057 -1406/-2058/-2055 
f -1402/-2057/-2054 -1505/-2245/-2242 -1507/-2247/-2244 
f -1507/-2247/-2244 -1406/-2058/-2055 -1402/-2057/-2054 
f -1398/-2056/-2053 -1504/-2244/-2241 -1505/-2245/-2242 
f -1505/-2245/-2242 -1402/-2057/-2054 -1398/-2056/-2053 
f -1394/-2055/-2052 -1501/-2241/-2238 -1504/-2244/-2241 
f -1504/-2244/-2241 -1398/-2056/-2053 -1394/-2055/-2052 
f -1388/-2054/-2051 -1500/-2240/-2237 -1497/-2237/-2234 
f -1497/-2237/-2234 -1387/-2053/-2050 -1388/-2054/-2051 
f -1387/-2053/-2050 -1497/-2237/-2234 -1495/-2235/-2232 
f -1495/-2235/-2232 -1384/-2052/-2049 -1387/-2053/-2050 
f -1384/-2052/-2049 -1495/-2235/-2232 -1493/-2233/-2230 
f -1493/-2233/-2230 -1380/-2051/-2048 -1384/-2052/-2049 
f -1380/-2051/-2048 -1493/-2233/-2230 -1492/-2232/-2229 
f -1492/-2232/-2229 -1376/-2050/-2047 -1380/-2051/-2048 
f -1376/-2050/-2047 -1492/-2232/-2229 -1489/-2229/-2226 
f -1489/-2229/-2226 -1372/-2049/-2046 -1376/-2050/-2047 
f -1364/-2048/-2045 -1488/-2228/-2225 -1485/-2225/-2222 
f -1485/-2225/-2222 -1363/-2047/-2044 -1364/-2048/-2045 
f -1363/-2047/-2044 -1485/-2225/-2222 -1483/-2223/-2220 
f -1483/-2223/-2220 -1360/-2046/-2043 -1363/-2047/-2044 
f -1360/-2046/-2043 -1483/-2223/-2220 -1481/-2221/-2218 
f -1481/-2221/-2218 -1356/-2045/-2042 -1360/-2046/-2043 
f -1356/-2045/-2042 -1481/-2221/-2218 -1480/-2220/-2217 
f -1480/-2220/-2217 -1352/-2044/-2041 -1356/-2045/-2042 
f -1352/-2044/-2041 -1480/-2220/-2217 -1477/-2217/-2214 
f -1477/-2217/-2214 -1348/-2043/-2040 -1352/-2044/-2041 
f -1340/-2042/-2039 -1473/-2213/-2210 -1474/-2214/-2211 
f -1474/-2214/-2211 -1339/-2041/-2038 -1340/-2042/-2039 
f -1334/-2040/-2037 -1471/-2211/-2208 -1473/-2213/-2210 
f -1473/-2213/-2210 -1340/-2042/-2039 -1334/-2040/-2037 
f -1330/-2039/-2036 -1469/-2209/-2206 -1471/-2211/-2208 
f -1471/-2211/-2208 -1334/-2040/-2037 -1330/-2039/-2036 
f -1326/-2038/-2035 -1468/-2208/-2205 -1469/-2209/-2206 
f -1469/-2209/-2206 -1330/-2039/-2036 -1326/-2038/-2035 
f -1322/-2037/-2034 -1465/-2205/-2202 -1468/-2208/-2205 
f -1468/-2208/-2205 -1326/-2038/-2035 -1322/-2037/-2034 
f -1410/-2036/-2033 -1464/-2204/-2201 -1461/-2201/-2198 
f -1461/-2201/-2198 -1409/-2035/-2032 -1410/-2036/-2033 
f -1409/-2035/-2032 -1461/-2201/-2198 -1459/-2199/-2196 
f -1459/-2199/-2196 -1405/-2034/-2031 -1409/-2035/-2032 
f -1405/-2034/-2031 -1459/-2199/-2196 -1457/-2197/-2194 
f -1457/-2197/-2194 -1401/-2033/-2030 -1405/-2034/-2031 
f -1401/-2033/-2030 -1457/-2197/-2194 -1455/-2195/-2192 
f -1455/-2195/-2192 -1397/-2032/-2029 -1401/-2033/-2030 
f -1397/-2032/-2029 -1455/-2195/-2192 -1453/-2193/-2190 
f -1453/-2193/-2190 -1393/-2031/-2028 -1397/-2032/-2029 
f -1386/-2030/-2027 -1449/-2189/-2186 -1450/-2190/-2187 
f -1450/-2190/-2187 -1385/-2029/-2026 -1386/-2030/-2027 
f -1383/-2028/-2025 -1448/-2188/-2185 -1449/-2189/-2186 
f -1449/-2189/-2186 -1386/-2030/-2027 -1383/-2028/-2025 
f -1379/-2027/-2024 -1446/-2186/-2183 -1448/-2188/-2185 
f -1448/-2188/-2185 -1383/-2028/-2025 -1379/-2027/-2024 
f -1375/-2026/-2023 -1444/-2184/-2181 -1446/-2186/-2183 
f -1446/-2186/-2183 -1379/-2027/-2024 -1375/-2026/-2023 
f -1371/-2025/-2022 -1442/-2182/-2179 -1444/-2184/-2181 
f -1444/-2184/-2181 -1375/-2026/-2023 -1371/-2025/-2022 
f -1362/-2024/-2021 -1437/-2177/-2174 -1438/-2178/-2175 
f -1438/-2178/-2175 -1361/-2023/-2020 -1362/-2024/-2021 
f -1359/-2022/-2019 -1436/-2176/-2173 -1437/-2177/-2174 
f -1437/-2177/-2174 -1362/-2024/-2021 -1359/-2022/-2019 
f -1355/-2021/-2018 -1434/-2174/-2171 -1436/-2176/-2173 
f -1436/-2176/-2173 -1359/-2022/-2019 -1355/-2021/-2018 
f -1351/-2020/-2017 -1432/-2172/-2169 -1434/-2174/-2171 
f -1434/-2174/-2171 -1355/-2021/-2018 -1351/-2020/-2017 
f -1347/-2019/-2016 -1430/-2170/-2167 -1432/-2172/-2169 
f -1432/-2172/-2169 -1351/-2020/-2017 -1347/-2019/-2016 
f -1338/-2018/-2015 -1428/-2168/-2165 -1425/-2165/-2162 
f -1425/-2165/-2162 -1337/-2017/-2014 -1338/-2018/-2015 
f -1337/-2017/-2014 -1425/-2165/-2162 -1423/-2163/-2160 
f -1423/-2163/-2160 -1333/-2016/-2013 -1337/-2017/-2014 
f -1333/-2016/-2013 -1423/-2163/-2160 -1421/-2161/-2158 
f -1421/-2161/-2158 -1329/-2015/-2012 -1333/-2016/-2013 
f -1329/-2015/-2012 -1421/-2161/-2158 -1419/-2159/-2156 
f -1419/-2159/-2156 -1325/-2014/-2011 -1329/-2015/-2012 
f -1325/-2014/-2011 -1419/-2159/-2156 -1417/-2157/-2154 
f -1417/-2157/-2154 -1321/-2013/-2010 -1325/-2014/-2011 
f -1488/-2228/-2225 -1510/-2250/-2247 -1511/-2251/-2248 
f -1511/-2251/-2248 -1487/-2227/-2224 -1488/-2228/-2225 
f -1490/-2230/-2227 -1502/-2242/-2239 -1501/-2241/-2238 
f -1501/-2241/-2238 -1489/-2229/-2226 -1490/-2230/-2227 
f -1475/-2215/-2212 -1499/-2239/-2236 -1500/-2240/-2237 
f -1500/-2240/-2237 -1474/-2214/-2211 -1475/-2215/-2212 
f -1465/-2205/-2202 -1477/-2217/-2214 -1478/-2218/-2215 
f -1478/-2218/-2215 -1466/-2206/-2203 -1465/-2205/-2202 
f -1439/-2179/-2176 -1463/-2203/-2200 -1464/-2204/-2201 
f -1464/-2204/-2201 -1438/-2178/-2175 -1439/-2179/-2176 
f -1442/-2182/-2179 -1453/-2193/-2190 -1454/-2194/-2191 
f -1454/-2194/-2191 -1441/-2181/-2178 -1442/-2182/-2179 
f -1428/-2168/-2165 -1450/-2190/-2187 -1451/-2191/-2188 
f -1451/-2191/-2188 -1427/-2167/-2164 -1428/-2168/-2165 
f -1418/-2158/-2155 -1429/-2169/-2166 -1430/-2170/-2167 
f -1430/-2170/-2167 -1417/-2157/-2154 -1418/-2158/-2155 
f -1367/-2107/-2104 -1416/-2012/-2009 -1413/-2011/-2008 
f -1413/-2011/-2008 -1366/-2106/-2103 -1367/-2107/-2104 
f -1361/-2101/-2098 -1410/-2010/-2007 -1411/-2009/-2006 
f -1411/-2009/-2006 -1364/-2104/-2101 -1361/-2101/-2098 
f -1369/-2109/-2106 -1395/-2008/-2005 -1396/-2007/-2004 
f -1396/-2007/-2004 -1370/-2110/-2107 -1369/-2109/-2106 
f -1372/-2006/-2003 -1394/-2134/-2131 -1393/-2133/-2130 
f -1393/-2133/-2130 -1371/-2005/-2003 -1372/-2006/-2003 
f -1341/-2081/-2078 -1390/-2004/-2002 -1391/-2003/-2001 
f -1391/-2003/-2001 -1344/-2084/-2081 -1341/-2081/-2078 
f -1339/-2002/-2000 -1388/-2128/-2125 -1385/-2125/-2122 
f -1385/-2125/-2122 -1338/-2001/-2000 -1339/-2002/-2000 
f -1321/-2061/-2058 -1347/-2000/-1999 -1348/-1999/-1998 
f -1348/-1999/-1998 -1322/-2062/-2059 -1321/-2061/-2058 
f -1324/-2064/-2061 -1346/-1998/-1997 -1345/-1997/-1996 
f -1345/-1997/-1996 -1323/-2063/-2060 -1324/-2064/-2061 
f -1510/-2250/-2247 -1488/-2228/-2225 -1364/-2048/-2045 
f -1364/-2048/-2045 -1411/-2059/-2056 -1510/-2250/-2247 
f -1394/-2055/-2052 -1372/-2049/-2046 -1489/-2229/-2226 
f -1489/-2229/-2226 -1501/-2241/-2238 -1394/-2055/-2052 
f -1388/-2054/-2051 -1339/-2041/-2038 -1474/-2214/-2211 
f -1474/-2214/-2211 -1500/-2240/-2237 -1388/-2054/-2051 
f -1477/-2217/-2214 -1465/-2205/-2202 -1322/-2037/-2034 
f -1322/-2037/-2034 -1348/-2043/-2040 -1477/-2217/-2214 
f -1410/-2036/-2033 -1361/-2023/-2020 -1438/-2178/-2175 
f -1438/-2178/-2175 -1464/-2204/-2201 -1410/-2036/-2033 
f -1371/-2025/-2022 -1393/-2031/-2028 -1453/-2193/-2190 
f -1453/-2193/-2190 -1442/-2182/-2179 -1371/-2025/-2022 
f -1338/-2018/-2015 -1385/-2029/-2026 -1450/-2190/-2187 
f -1450/-2190/-2187 -1428/-2168/-2165 -1338/-2018/-2015 
f -1347/-2019/-2016 -1321/-2013/-2010 -1417/-2157/-2154 
f -1417/-2157/-2154 -1430/-2170/-2167 -1347/-2019/-2016 
f -1416/-2156/-2153 -1511/-1996/-1995 -1512/-1995/-1994 
f -1512/-1995/-1994 -1415/-2155/-2152 -1416/-2156/-2153 
f -1415/-2155/-2152 -1512/-1995/-1994 -1508/-1994/-1993 
f -1508/-1994/-1993 -1408/-2148/-2145 -1415/-2155/-2152 
f -1408/-2148/-2145 -1508/-1994/-1993 -1506/-1993/-1992 
f -1506/-1993/-1992 -1404/-2144/-2141 -1408/-2148/-2145 
f -1404/-2144/-2141 -1506/-1993/-1992 -1503/-1992/-1991 
f -1503/-1992/-1991 -1400/-2140/-2137 -1404/-2144/-2141 
f -1400/-2140/-2137 -1503/-1992/-1991 -1502/-1991/-1990 
f -1502/-1991/-1990 -1396/-2136/-2133 -1400/-2140/-2137 
f -1392/-2132/-2129 -1498/-1990/-1989 -1499/-1989/-1988 
f -1499/-1989/-1988 -1391/-2131/-2128 -1392/-2132/-2129 
f -1382/-2122/-2119 -1496/-1988/-1987 -1498/-1990/-1989 
f -1498/-1990/-1989 -1392/-2132/-2129 -1382/-2122/-2119 
f -1378/-2118/-2115 -1494/-1987/-1986 -1496/-1988/-1987 
f -1496/-1988/-1987 -1382/-2122/-2119 -1378/-2118/-2115 
f -1374/-2114/-2111 -1491/-1986/-1985 -1494/-1987/-1986 
f -1494/-1987/-1986 -1378/-2118/-2115 -1374/-2114/-2111 
f -1370/-2110/-2107 -1490/-1985/-1984 -1491/-1986/-1985 
f -1491/-1986/-1985 -1374/-2114/-2111 -1370/-2110/-2107 
f -1368/-2108/-2105 -1486/-1984/-1983 -1487/-1983/-1982 
f -1487/-1983/-1982 -1367/-2107/-2104 -1368/-2108/-2105 
f -1358/-2098/-2095 -1484/-1982/-1981 -1486/-1984/-1983 
f -1486/-1984/-1983 -1368/-2108/-2105 -1358/-2098/-2095 
f -1354/-2094/-2091 -1482/-1981/-1980 -1484/-1982/-1981 
f -1484/-1982/-1981 -1358/-2098/-2095 -1354/-2094/-2091 
f -1350/-2090/-2087 -1479/-1980/-1979 -1482/-1981/-1980 
f -1482/-1981/-1980 -1354/-2094/-2091 -1350/-2090/-2087 
f -1346/-2086/-2083 -1478/-1979/-1978 -1479/-1980/-1979 
f -1479/-1980/-1979 -1350/-2090/-2087 -1346/-2086/-2083 
f -1344/-2084/-2081 -1475/-1978/-1977 -1476/-1977/-1976 
f -1476/-1977/-1976 -1343/-2083/-2080 -1344/-2084/-2081 
f -1343/-2083/-2080 -1476/-1977/-1976 -1472/-1976/-1975 
f -1472/-1976/-1975 -1336/-2076/-2073 -1343/-2083/-2080 
f -1336/-2076/-2073 -1472/-1976/-1975 -1470/-1975/-1974 
f -1470/-1975/-1974 -1332/-2072/-2069 -1336/-2076/-2073 
f -1332/-2072/-2069 -1470/-1975/-1974 -1467/-1974/-1973 
f -1467/-1974/-1973 -1328/-2068/-2065 -1332/-2072/-2069 
f -1328/-2068/-2065 -1467/-1974/-1973 -1466/-1973/-1972 
f -1466/-1973/-1972 -1324/-2064/-2061 -1328/-2068/-2065 
f -1414/-2154/-2151 -1462/-1972/-1971 -1463/-1971/-1970 
f -1463/-1971/-1970 -1413/-2153/-2150 -1414/-2154/-2151 
f -1407/-2147/-2144 -1460/-1970/-1969 -1462/-1972/-1971 
f -1462/-1972/-1971 -1414/-2154/-2151 -1407/-2147/-2144 
f -1403/-2143/-2140 -1458/-1969/-1968 -1460/-1970/-1969 
f -1460/-1970/-1969 -1407/-2147/-2144 -1403/-2143/-2140 
f -1399/-2139/-2136 -1456/-1968/-1967 -1458/-1969/-1968 
f -1458/-1969/-1968 -1403/-2143/-2140 -1399/-2139/-2136 
f -1395/-2135/-2132 -1454/-1967/-1966 -1456/-1968/-1967 
f -1456/-1968/-1967 -1399/-2139/-2136 -1395/-2135/-2132 
f -1390/-2130/-2127 -1451/-1966/-1965 -1452/-1965/-1964 
f -1452/-1965/-1964 -1389/-2129/-2126 -1390/-2130/-2127 
f -1389/-2129/-2126 -1452/-1965/-1964 -1447/-1964/-1963 
f -1447/-1964/-1963 -1381/-2121/-2118 -1389/-2129/-2126 
f -1381/-2121/-2118 -1447/-1964/-1963 -1445/-1963/-1962 
f -1445/-1963/-1962 -1377/-2117/-2114 -1381/-2121/-2118 
f -1377/-2117/-2114 -1445/-1963/-1962 -1443/-1962/-1961 
f -1443/-1962/-1961 -1373/-2113/-2110 -1377/-2117/-2114 
f -1373/-2113/-2110 -1443/-1962/-1961 -1441/-1961/-1960 
f -1441/-1961/-1960 -1369/-2109/-2106 -1373/-2113/-2110 
f -1366/-2106/-2103 -1439/-1960/-1959 -1440/-1959/-1958 
f -1440/-1959/-1958 -1365/-2105/-2102 -1366/-2106/-2103 
f -1365/-2105/-2102 -1440/-1959/-1958 -1435/-1958/-1957 
f -1435/-1958/-1957 -1357/-2097/-2094 -1365/-2105/-2102 
f -1357/-2097/-2094 -1435/-1958/-1957 -1433/-1957/-1956 
f -1433/-1957/-1956 -1353/-2093/-2090 -1357/-2097/-2094 
f -1353/-2093/-2090 -1433/-1957/-1956 -1431/-1956/-1955 
f -1431/-1956/-1955 -1349/-2089/-2086 -1353/-2093/-2090 
f -1349/-2089/-2086 -1431/-1956/-1955 -1429/-1955/-1954 
f -1429/-1955/-1954 -1345/-2085/-2082 -1349/-2089/-2086 
f -1342/-2082/-2079 -1426/-1954/-1953 -1427/-1953/-1952 
f -1427/-1953/-1952 -1341/-2081/-2078 -1342/-2082/-2079 
f -1335/-2075/-2072 -1424/-1952/-1951 -1426/-1954/-1953 
f -1426/-1954/-1953 -1342/-2082/-2079 -1335/-2075/-2072 
f -1331/-2071/-2068 -1422/-1951/-1950 -1424/-1952/-1951 
f -1424/-1952/-1951 -1335/-2075/-2072 -1331/-2071/-2068 
f -1327/-2067/-2064 -1420/-1950/-1949 -1422/-1951/-1950 
f -1422/-1951/-1950 -1331/-2071/-2068 -1327/-2067/-2064 
f -1323/-2063/-2060 -1418/-1949/-1948 -1420/-1950/-1949 
f -1420/-1950/-1949 -1327/-2067/-2064 -1323/-2063/-2060 
f -1396/-2007/-2004 -1502/-1948/-1947 -1490/-1985/-1984 
f -1490/-1985/-1984 -1370/-2110/-2107 -1396/-2007/-2004 
f -1391/-2003/-2001 -1499/-1947/-1946 -1475/-1978/-1977 
f -1475/-1978/-1977 -1344/-2084/-2081 -1391/-2003/-2001 
f -1511/-1946/-1945 -1416/-2012/-2009 -1367/-2107/-2104 
f -1367/-2107/-2104 -1487/-1983/-1982 -1511/-1946/-1945 
f -1478/-1945/-1944 -1346/-1998/-1997 -1324/-2064/-2061 
f -1324/-2064/-2061 -1466/-1973/-1972 -1478/-1945/-1944 
f -1369/-2109/-2106 -1441/-1961/-1960 -1454/-1944/-1943 
f -1454/-1944/-1943 -1395/-2008/-2005 -1369/-2109/-2106 
f -1341/-2081/-2078 -1427/-1953/-1952 -1451/-1943/-1942 
f -1451/-1943/-1942 -1390/-2004/-2002 -1341/-2081/-2078 
f -1413/-2011/-2008 -1463/-1942/-1941 -1439/-1960/-1959 
f -1439/-1960/-1959 -1366/-2106/-2103 -1413/-2011/-2008 
f -1345/-1997/-1996 -1429/-1941/-1940 -1418/-1949/-1948 
f -1418/-1949/-1948 -1323/-2063/-2060 -1345/-1997/-1996 
f -1320/-1940/-1939 -1319/-1939/-1938 -1318/-1938/-1937 
f -1318/-1938/-1937 -1317/-1937/-1936 -1320/-1940/-1939 
f -1316/-1936/-1935 -1315/-1935/-1934 -1314/-1934/-1933 
f -1314/-1934/-1933 -1313/-1933/-1932 -1316/-1936/-1935 
f -1312/-1932/-1931 -1311/-1931/-1930 -1313/-1933/-1932 
f -1313/-1933/-1932 -1314/-1934/-1933 -1312/-1932/-1931 
f -1310/-1930/-1929 -1309/-1929/-1928 -1317/-1937/-1936 
f -1317/-1937/-1936 -1318/-1938/-1937 -1310/-1930/-1929 
f -1308/-1928/-1927 -1307/-1927/-1926 -1306/-1926/-1925 
f -1306/-1926/-1925 -1305/-1925/-1924 -1308/-1928/-1927 
f -1304/-1924/-1923 -1303/-1923/-1922 -1302/-1922/-1921 
f -1302/-1922/-1921 -1301/-1921/-1920 -1304/-1924/-1923 
f -1316/-1936/-1935 -1302/-1922/-1921 -1303/-1923/-1922 
f -1303/-1923/-1922 -1315/-1935/-1934 -1316/-1936/-1935 
f -1320/-1940/-1939 -1306/-1926/-1925 -1307/-1927/-1926 
f -1307/-1927/-1926 -1319/-1939/-1938 -1320/-1940/-1939 
f -1300/-1920/-1919 -1299/-1919/-1918 -1298/-1918/-1917 
f -1298/-1918/-1917 -1297/-1917/-1916 -1300/-1920/-1919 
f -1296/-1916/-1915 -1295/-1915/-1914 -1294/-1914/-1913 
f -1294/-1914/-1913 -1293/-1913/-1912 -1296/-1916/-1915 
f -1301/-1921/-1920 -1294/-1914/-1913 -1295/-1915/-1914 
f -1295/-1915/-1914 -1304/-1924/-1923 -1301/-1921/-1920 
f -1305/-1925/-1924 -1298/-1918/-1917 -1299/-1919/-1918 
f -1299/-1919/-1918 -1308/-1928/-1927 -1305/-1925/-1924 
f -1292/-1912/-1911 -1291/-1911/-1910 -1290/-1910/-1909 
f -1290/-1910/-1909 -1289/-1909/-1908 -1292/-1912/-1911 
f -1288/-1908/-1907 -1287/-1907/-1906 -1286/-1906/-1905 
f -1286/-1906/-1905 -1285/-1905/-1904 -1288/-1908/-1907 
f -1293/-1913/-1912 -1287/-1907/-1906 -1288/-1908/-1907 
f -1288/-1908/-1907 -1296/-1916/-1915 -1293/-1913/-1912 
f -1300/-1920/-1919 -1297/-1917/-1916 -1291/-1911/-1910 
f -1291/-1911/-1910 -1292/-1912/-1911 -1300/-1920/-1919 
f -1284/-1904/-1903 -1283/-1903/-1902 -1285/-1905/-1904 
f -1285/-1905/-1904 -1286/-1906/-1905 -1284/-1904/-1903 
f -1282/-1902/-1901 -1281/-1901/-1900 -1289/-1909/-1908 
f -1289/-1909/-1908 -1290/-1910/-1909 -1282/-1902/-1901 
f -1280/-1900/-1899 -1279/-1899/-1898 -1278/-1898/-1897 
f -1278/-1898/-1897 -1277/-1897/-1896 -1280/-1900/-1899 
f -1277/-1897/-1896 -1276/-1896/-1895 -1275/-1895/-1894 
f -1275/-1895/-1894 -1280/-1900/-1899 -1277/-1897/-1896 
f -1274/-1894/-1893 -1273/-1893/-1892 -1272/-1892/-1891 
f -1272/-1892/-1891 -1271/-1891/-1890 -1274/-1894/-1893 
f -1272/-1892/-1891 -1278/-1898/-1897 -1279/-1899/-1898 
f -1279/-1899/-1898 -1271/-1891/-1890 -1272/-1892/-1891 
f -1270/-1890/-1889 -1269/-1889/-1888 -1268/-1888/-1887 
f -1268/-1888/-1887 -1273/-1893/-1892 -1274/-1894/-1893 
f -1274/-1894/-1893 -1270/-1890/-1889 -1268/-1888/-1887 
f -1281/-1901/-1900 -1282/-1902/-1901 -1267/-1887/-1886 
f -1267/-1887/-1886 -1266/-1886/-1885 -1281/-1901/-1900 
f -1283/-1903/-1902 -1284/-1904/-1903 -1265/-1885/-1884 
f -1265/-1885/-1884 -1264/-1884/-1883 -1283/-1903/-1902 
f -1263/-1883/-1882 -1262/-1882/-1881 -1261/-1881/-1880 
f -1261/-1881/-1880 -1260/-1880/-1879 -1263/-1883/-1882 
f -1259/-1879/-1878 -1258/-1878/-1877 -1257/-1877/-1876 
f -1257/-1877/-1876 -1256/-1876/-1875 -1259/-1879/-1878 
f -1256/-1876/-1875 -1255/-1875/-1874 -1254/-1874/-1873 
f -1254/-1874/-1873 -1259/-1879/-1878 -1256/-1876/-1875 
f -1260/-1880/-1879 -1253/-1873/-1872 -1252/-1872/-1871 
f -1252/-1872/-1871 -1263/-1883/-1882 -1260/-1880/-1879 
f -1251/-1871/-1870 -1250/-1870/-1869 -1249/-1869/-1868 
f -1249/-1869/-1868 -1248/-1868/-1867 -1251/-1871/-1870 
f -1247/-1867/-1866 -1246/-1866/-1865 -1245/-1865/-1864 
f -1245/-1865/-1864 -1244/-1864/-1863 -1247/-1867/-1866 
f -1246/-1866/-1865 -1247/-1867/-1866 -1257/-1877/-1876 
f -1257/-1877/-1876 -1258/-1878/-1877 -1246/-1866/-1865 
f -1250/-1870/-1869 -1251/-1871/-1870 -1261/-1881/-1880 
f -1261/-1881/-1880 -1262/-1882/-1881 -1250/-1870/-1869 
f -1243/-1863/-1862 -1242/-1862/-1861 -1244/-1864/-1863 
f -1244/-1864/-1863 -1245/-1865/-1864 -1243/-1863/-1862 
f -1241/-1861/-1860 -1240/-1860/-1859 -1248/-1868/-1867 
f -1248/-1868/-1867 -1249/-1869/-1868 -1241/-1861/-1860 
f -1239/-1859/-1858 -1238/-1858/-1857 -1237/-1857/-1856 
f -1237/-1857/-1856 -1236/-1856/-1855 -1239/-1859/-1858 
f -1236/-1855/-1854 -1237/-1854/-1853 -1235/-1853/-1852 
f -1235/-1853/-1852 -1234/-1852/-1851 -1236/-1855/-1854 
f -1235/-1853/-1852 -1237/-1854/-1853 -1233/-1851/-1850 
f -1233/-1851/-1850 -1232/-1850/-1849 -1235/-1853/-1852 
f -1238/-1858/-1857 -1231/-1849/-1848 -1233/-1848/-1847 
f -1233/-1848/-1847 -1237/-1857/-1856 -1238/-1858/-1857 
f -1234/-1852/-1851 -1230/-1847/-1846 -1229/-1846/-1845 
f -1229/-1846/-1845 -1236/-1855/-1854 -1234/-1852/-1851 
f -1236/-1856/-1855 -1229/-1845/-1844 -1228/-1844/-1843 
f -1228/-1844/-1843 -1239/-1859/-1858 -1236/-1856/-1855 
f -1257/-1843/-1842 -1262/-1842/-1841 -1263/-1841/-1840 
f -1263/-1841/-1840 -1256/-1840/-1839 -1257/-1843/-1842 
f -1252/-1839/-1838 -1255/-1838/-1837 -1256/-1840/-1839 
f -1256/-1840/-1839 -1263/-1841/-1840 -1252/-1839/-1838 
f -1247/-1837/-1836 -1244/-1836/-1835 -1249/-1835/-1834 
f -1249/-1835/-1834 -1250/-1834/-1833 -1247/-1837/-1836 
f -1262/-1842/-1841 -1257/-1843/-1842 -1247/-1837/-1836 
f -1247/-1837/-1836 -1250/-1834/-1833 -1262/-1842/-1841 
f -1249/-1835/-1834 -1244/-1836/-1835 -1242/-1833/-1832 
f -1242/-1833/-1832 -1241/-1832/-1831 -1249/-1835/-1834 
f -1227/-1831/-1830 -1228/-1844/-1843 -1229/-1845/-1844 
f -1229/-1845/-1844 -1226/-1830/-1829 -1227/-1831/-1830 
f -1226/-1829/-1828 -1229/-1846/-1845 -1230/-1847/-1846 
f -1230/-1847/-1846 -1225/-1828/-1827 -1226/-1829/-1828 
f -1224/-1827/-1826 -1223/-1826/-1825 -1260/-1825/-1824 
f -1260/-1825/-1824 -1261/-1824/-1823 -1224/-1827/-1826 
f -1222/-1823/-1822 -1221/-1822/-1821 -1258/-1821/-1820 
f -1258/-1821/-1820 -1259/-1820/-1819 -1222/-1823/-1822 
f -1220/-1819/-1818 -1219/-1818/-1817 -1254/-1817/-1816 
f -1254/-1817/-1816 -1255/-1816/-1815 -1220/-1819/-1818 
f -1219/-1815/-1814 -1222/-1823/-1822 -1259/-1820/-1819 
f -1259/-1820/-1819 -1254/-1814/-1813 -1219/-1815/-1814 
f -1218/-1813/-1812 -1217/-1812/-1811 -1252/-1811/-1810 
f -1252/-1811/-1810 -1253/-1810/-1809 -1218/-1813/-1812 
f -1223/-1826/-1825 -1218/-1809/-1808 -1253/-1808/-1807 
f -1253/-1808/-1807 -1260/-1825/-1824 -1223/-1826/-1825 
f -1216/-1807/-1806 -1215/-1806/-1805 -1251/-1805/-1804 
f -1251/-1805/-1804 -1248/-1804/-1803 -1216/-1807/-1806 
f -1214/-1803/-1802 -1213/-1802/-1801 -1245/-1801/-1800 
f -1245/-1801/-1800 -1246/-1800/-1799 -1214/-1803/-1802 
f -1221/-1822/-1821 -1214/-1803/-1802 -1246/-1800/-1799 
f -1246/-1800/-1799 -1258/-1821/-1820 -1221/-1822/-1821 
f -1215/-1806/-1805 -1224/-1827/-1826 -1261/-1824/-1823 
f -1261/-1824/-1823 -1251/-1805/-1804 -1215/-1806/-1805 
f -1212/-1799/-1798 -1211/-1798/-1797 -1240/-1797/-1796 
f -1240/-1797/-1796 -1231/-1796/-1795 -1212/-1799/-1798 
f -1210/-1795/-1794 -1209/-1794/-1793 -1232/-1793/-1792 
f -1232/-1793/-1792 -1243/-1792/-1791 -1210/-1795/-1794 
f -1213/-1802/-1801 -1210/-1795/-1794 -1243/-1792/-1791 
f -1243/-1792/-1791 -1245/-1801/-1800 -1213/-1802/-1801 
f -1211/-1798/-1797 -1216/-1807/-1806 -1248/-1804/-1803 
f -1248/-1804/-1803 -1240/-1797/-1796 -1211/-1798/-1797 
f -1208/-1791/-1790 -1207/-1790/-1789 -1238/-1789/-1788 
f -1238/-1789/-1788 -1239/-1788/-1787 -1208/-1791/-1790 
f -1206/-1787/-1786 -1205/-1786/-1785 -1234/-1785/-1784 
f -1234/-1785/-1784 -1235/-1784/-1783 -1206/-1787/-1786 
f -1209/-1794/-1793 -1206/-1787/-1786 -1235/-1784/-1783 
f -1235/-1784/-1783 -1232/-1793/-1792 -1209/-1794/-1793 
f -1207/-1790/-1789 -1212/-1799/-1798 -1231/-1796/-1795 
f -1231/-1796/-1795 -1238/-1789/-1788 -1207/-1790/-1789 
f -1205/-1786/-1785 -1204/-1783/-1782 -1230/-1782/-1781 
f -1230/-1782/-1781 -1234/-1785/-1784 -1205/-1786/-1785 
f -1203/-1781/-1780 -1208/-1791/-1790 -1239/-1788/-1787 
f -1239/-1788/-1787 -1228/-1780/-1779 -1203/-1781/-1780 
f -1217/-1812/-1811 -1220/-1819/-1818 -1255/-1816/-1815 
f -1255/-1816/-1815 -1252/-1811/-1810 -1217/-1812/-1811 
f -1202/-1779/-1778 -1203/-1781/-1780 -1228/-1780/-1779 
f -1228/-1780/-1779 -1227/-1778/-1777 -1202/-1779/-1778 
f -1204/-1783/-1782 -1201/-1777/-1776 -1225/-1776/-1775 
f -1225/-1776/-1775 -1230/-1782/-1781 -1204/-1783/-1782 
f -1314/-1775/-1774 -1315/-1774/-1773 -1221/-1822/-1821 
f -1221/-1822/-1821 -1222/-1823/-1822 -1314/-1775/-1774 
f -1312/-1773/-1772 -1314/-1775/-1774 -1222/-1823/-1822 
f -1222/-1823/-1822 -1219/-1815/-1814 -1312/-1773/-1772 
f -1311/-1772/-1771 -1312/-1771/-1770 -1219/-1818/-1817 
f -1219/-1818/-1817 -1220/-1819/-1818 -1311/-1772/-1771 
f -1313/-1933/-1932 -1311/-1931/-1930 -1220/-1770/-1769 
f -1220/-1770/-1769 -1200/-1769/-1768 -1313/-1933/-1932 
f -1316/-1936/-1935 -1313/-1933/-1932 -1200/-1769/-1768 
f -1200/-1769/-1768 -1199/-1768/-1767 -1316/-1936/-1935 
f -1302/-1922/-1921 -1316/-1936/-1935 -1199/-1768/-1767 
f -1199/-1768/-1767 -1198/-1767/-1766 -1302/-1922/-1921 
f -1301/-1921/-1920 -1302/-1922/-1921 -1198/-1767/-1766 
f -1198/-1767/-1766 -1197/-1766/-1765 -1301/-1921/-1920 
f -1294/-1914/-1913 -1301/-1921/-1920 -1197/-1766/-1765 
f -1197/-1766/-1765 -1196/-1765/-1764 -1294/-1914/-1913 
f -1293/-1913/-1912 -1294/-1914/-1913 -1196/-1765/-1764 
f -1196/-1765/-1764 -1195/-1764/-1763 -1293/-1913/-1912 
f -1287/-1907/-1906 -1293/-1913/-1912 -1195/-1764/-1763 
f -1195/-1764/-1763 -1194/-1763/-1762 -1287/-1907/-1906 
f -1286/-1906/-1905 -1287/-1907/-1906 -1194/-1763/-1762 
f -1194/-1763/-1762 -1193/-1762/-1761 -1286/-1906/-1905 
f -1284/-1904/-1903 -1286/-1906/-1905 -1193/-1762/-1761 
f -1193/-1762/-1761 -1192/-1761/-1760 -1284/-1904/-1903 
f -1265/-1885/-1884 -1284/-1904/-1903 -1192/-1761/-1760 
f -1192/-1761/-1760 -1191/-1760/-1759 -1265/-1885/-1884 
f -1283/-1759/-1758 -1264/-1758/-1757 -1201/-1777/-1776 
f -1201/-1777/-1776 -1204/-1783/-1782 -1283/-1759/-1758 
f -1285/-1757/-1756 -1283/-1759/-1758 -1204/-1783/-1782 
f -1204/-1783/-1782 -1205/-1786/-1785 -1285/-1757/-1756 
f -1288/-1756/-1755 -1285/-1757/-1756 -1205/-1786/-1785 
f -1205/-1786/-1785 -1206/-1787/-1786 -1288/-1756/-1755 
f -1296/-1755/-1754 -1288/-1756/-1755 -1206/-1787/-1786 
f -1206/-1787/-1786 -1209/-1794/-1793 -1296/-1755/-1754 
f -1295/-1754/-1753 -1296/-1755/-1754 -1209/-1794/-1793 
f -1209/-1794/-1793 -1210/-1795/-1794 -1295/-1754/-1753 
f -1304/-1753/-1752 -1295/-1754/-1753 -1210/-1795/-1794 
f -1210/-1795/-1794 -1213/-1802/-1801 -1304/-1753/-1752 
f -1303/-1752/-1751 -1304/-1753/-1752 -1213/-1802/-1801 
f -1213/-1802/-1801 -1214/-1803/-1802 -1303/-1752/-1751 
f -1315/-1774/-1773 -1303/-1752/-1751 -1214/-1803/-1802 
f -1214/-1803/-1802 -1221/-1822/-1821 -1315/-1774/-1773 
f -1318/-1938/-1937 -1319/-1939/-1938 -1190/-1751/-1750 
f -1190/-1751/-1750 -1189/-1750/-1749 -1318/-1938/-1937 
f -1310/-1930/-1929 -1318/-1938/-1937 -1189/-1750/-1749 
f -1189/-1750/-1749 -1217/-1749/-1748 -1310/-1930/-1929 
f -1309/-1748/-1747 -1310/-1747/-1746 -1217/-1812/-1811 
f -1217/-1812/-1811 -1218/-1813/-1812 -1309/-1748/-1747 
f -1317/-1746/-1745 -1309/-1745/-1744 -1218/-1809/-1808 
f -1218/-1809/-1808 -1223/-1826/-1825 -1317/-1746/-1745 
f -1320/-1744/-1743 -1317/-1746/-1745 -1223/-1826/-1825 
f -1223/-1826/-1825 -1224/-1827/-1826 -1320/-1744/-1743 
f -1306/-1743/-1742 -1320/-1744/-1743 -1224/-1827/-1826 
f -1224/-1827/-1826 -1215/-1806/-1805 -1306/-1743/-1742 
f -1305/-1742/-1741 -1306/-1743/-1742 -1215/-1806/-1805 
f -1215/-1806/-1805 -1216/-1807/-1806 -1305/-1742/-1741 
f -1298/-1741/-1740 -1305/-1742/-1741 -1216/-1807/-1806 
f -1216/-1807/-1806 -1211/-1798/-1797 -1298/-1741/-1740 
f -1297/-1740/-1739 -1298/-1741/-1740 -1211/-1798/-1797 
f -1211/-1798/-1797 -1212/-1799/-1798 -1297/-1740/-1739 
f -1291/-1739/-1738 -1297/-1740/-1739 -1212/-1799/-1798 
f -1212/-1799/-1798 -1207/-1790/-1789 -1291/-1739/-1738 
f -1290/-1738/-1737 -1291/-1739/-1738 -1207/-1790/-1789 
f -1207/-1790/-1789 -1208/-1791/-1790 -1290/-1738/-1737 
f -1282/-1737/-1736 -1290/-1738/-1737 -1208/-1791/-1790 
f -1208/-1791/-1790 -1203/-1781/-1780 -1282/-1737/-1736 
f -1267/-1736/-1735 -1282/-1737/-1736 -1203/-1781/-1780 
f -1203/-1781/-1780 -1202/-1779/-1778 -1267/-1736/-1735 
f -1281/-1901/-1900 -1266/-1886/-1885 -1191/-1735/-1734 
f -1191/-1735/-1734 -1192/-1734/-1733 -1281/-1901/-1900 
f -1289/-1909/-1908 -1281/-1901/-1900 -1192/-1734/-1733 
f -1192/-1734/-1733 -1193/-1733/-1732 -1289/-1909/-1908 
f -1292/-1912/-1911 -1289/-1909/-1908 -1193/-1733/-1732 
f -1193/-1733/-1732 -1194/-1732/-1731 -1292/-1912/-1911 
f -1300/-1920/-1919 -1292/-1912/-1911 -1194/-1732/-1731 
f -1194/-1732/-1731 -1195/-1731/-1730 -1300/-1920/-1919 
f -1299/-1919/-1918 -1300/-1920/-1919 -1195/-1731/-1730 
f -1195/-1731/-1730 -1188/-1730/-1729 -1299/-1919/-1918 
f -1308/-1928/-1927 -1299/-1919/-1918 -1188/-1730/-1729 
f -1188/-1730/-1729 -1187/-1729/-1728 -1308/-1928/-1927 
f -1307/-1927/-1926 -1308/-1928/-1927 -1187/-1729/-1728 
f -1187/-1729/-1728 -1186/-1728/-1727 -1307/-1927/-1926 
f -1319/-1939/-1938 -1307/-1927/-1926 -1186/-1728/-1727 
f -1186/-1728/-1727 -1190/-1751/-1750 -1319/-1939/-1938 
f -1279/-1899/-1898 -1280/-1900/-1899 -1189/-1727/-1726 
f -1189/-1727/-1726 -1190/-1726/-1725 -1279/-1899/-1898 
f -1271/-1891/-1890 -1279/-1899/-1898 -1190/-1726/-1725 
f -1190/-1726/-1725 -1186/-1725/-1724 -1271/-1891/-1890 
f -1274/-1894/-1893 -1271/-1891/-1890 -1186/-1725/-1724 
f -1186/-1725/-1724 -1187/-1724/-1723 -1274/-1894/-1893 
f -1270/-1890/-1889 -1274/-1894/-1893 -1187/-1724/-1723 
f -1187/-1724/-1723 -1188/-1723/-1722 -1270/-1890/-1889 
f -1269/-1889/-1888 -1270/-1890/-1889 -1188/-1723/-1722 
f -1188/-1723/-1722 -1195/-1722/-1721 -1269/-1889/-1888 
f -1268/-1888/-1887 -1269/-1889/-1888 -1195/-1722/-1721 
f -1195/-1722/-1721 -1196/-1721/-1720 -1268/-1888/-1887 
f -1273/-1893/-1892 -1268/-1888/-1887 -1196/-1721/-1720 
f -1196/-1721/-1720 -1197/-1720/-1719 -1273/-1893/-1892 
f -1272/-1892/-1891 -1273/-1893/-1892 -1197/-1720/-1719 
f -1197/-1720/-1719 -1198/-1719/-1718 -1272/-1892/-1891 
f -1278/-1898/-1897 -1272/-1892/-1891 -1198/-1719/-1718 
f -1198/-1719/-1718 -1199/-1718/-1717 -1278/-1898/-1897 
f -1277/-1897/-1896 -1278/-1898/-1897 -1199/-1718/-1717 
f -1199/-1718/-1717 -1200/-1717/-1716 -1277/-1897/-1896 
f -1276/-1896/-1895 -1277/-1897/-1896 -1200/-1717/-1716 
f -1200/-1717/-1716 -1220/-1716/-1715 -1276/-1896/-1895 
f -1275/-1715/-1714 -1276/-1714/-1713 -1220/-1819/-1818 
f -1220/-1819/-1818 -1217/-1812/-1811 -1275/-1715/-1714 
f -1280/-1900/-1899 -1275/-1895/-1894 -1217/-1713/-1712 
f -1217/-1713/-1712 -1189/-1727/-1726 -1280/-1900/-1899 
f -1233/-1848/-1847 -1231/-1849/-1848 -1240/-1860/-1859 
f -1240/-1860/-1859 -1241/-1861/-1860 -1233/-1848/-1847 
f -1232/-1850/-1849 -1233/-1851/-1850 -1242/-1862/-1861 
f -1242/-1862/-1861 -1243/-1863/-1862 -1232/-1850/-1849 
f -1242/-1833/-1832 -1233/-1712/-1711 -1241/-1832/-1831 
f -1185/-1711/-1710 -1184/-1710/-1709 -1183/-1709/-1708 
f -1183/-1709/-1708 -1182/-1708/-1707 -1185/-1711/-1710 
f -1181/-1707/-1706 -1180/-1706/-1705 -1179/-1705/-1704 
f -1179/-1705/-1704 -1178/-1704/-1703 -1181/-1707/-1706 
f -1177/-1703/-1702 -1179/-1705/-1704 -1180/-1706/-1705 
f -1180/-1706/-1705 -1176/-1702/-1701 -1177/-1703/-1702 
f -1175/-1701/-1700 -1183/-1709/-1708 -1184/-1710/-1709 
f -1184/-1710/-1709 -1174/-1700/-1699 -1175/-1701/-1700 
f -1173/-1699/-1698 -1172/-1698/-1697 -1171/-1697/-1696 
f -1171/-1697/-1696 -1170/-1696/-1695 -1173/-1699/-1698 
f -1169/-1695/-1694 -1168/-1694/-1693 -1167/-1693/-1692 
f -1167/-1693/-1692 -1166/-1692/-1691 -1169/-1695/-1694 
f -1181/-1707/-1706 -1178/-1704/-1703 -1166/-1692/-1691 
f -1166/-1692/-1691 -1167/-1693/-1692 -1181/-1707/-1706 
f -1185/-1711/-1710 -1182/-1708/-1707 -1170/-1696/-1695 
f -1170/-1696/-1695 -1171/-1697/-1696 -1185/-1711/-1710 
f -1165/-1691/-1690 -1164/-1690/-1689 -1163/-1689/-1688 
f -1163/-1689/-1688 -1162/-1688/-1687 -1165/-1691/-1690 
f -1161/-1687/-1686 -1160/-1686/-1685 -1159/-1685/-1684 
f -1159/-1685/-1684 -1158/-1684/-1683 -1161/-1687/-1686 
f -1168/-1694/-1693 -1169/-1695/-1694 -1158/-1684/-1683 
f -1158/-1684/-1683 -1159/-1685/-1684 -1168/-1694/-1693 
f -1172/-1698/-1697 -1173/-1699/-1698 -1162/-1688/-1687 
f -1162/-1688/-1687 -1163/-1689/-1688 -1172/-1698/-1697 
f -1157/-1683/-1682 -1156/-1682/-1681 -1155/-1681/-1680 
f -1155/-1681/-1680 -1154/-1680/-1679 -1157/-1683/-1682 
f -1153/-1679/-1678 -1152/-1678/-1677 -1151/-1677/-1676 
f -1151/-1677/-1676 -1150/-1676/-1675 -1153/-1679/-1678 
f -1160/-1686/-1685 -1161/-1687/-1686 -1153/-1679/-1678 
f -1153/-1679/-1678 -1150/-1676/-1675 -1160/-1686/-1685 
f -1165/-1691/-1690 -1157/-1683/-1682 -1154/-1680/-1679 
f -1154/-1680/-1679 -1164/-1690/-1689 -1165/-1691/-1690 
f -1149/-1675/-1674 -1151/-1677/-1676 -1152/-1678/-1677 
f -1152/-1678/-1677 -1148/-1674/-1673 -1149/-1675/-1674 
f -1147/-1673/-1672 -1155/-1681/-1680 -1156/-1682/-1681 
f -1156/-1682/-1681 -1146/-1672/-1671 -1147/-1673/-1672 
f -1145/-1671/-1670 -1144/-1670/-1669 -1143/-1669/-1668 
f -1143/-1669/-1668 -1142/-1668/-1667 -1145/-1671/-1670 
f -1144/-1670/-1669 -1145/-1671/-1670 -1141/-1667/-1666 
f -1141/-1667/-1666 -1140/-1666/-1665 -1144/-1670/-1669 
f -1139/-1665/-1664 -1138/-1664/-1663 -1137/-1663/-1662 
f -1137/-1663/-1662 -1136/-1662/-1661 -1139/-1665/-1664 
f -1137/-1663/-1662 -1138/-1664/-1663 -1142/-1668/-1667 
f -1142/-1668/-1667 -1143/-1669/-1668 -1137/-1663/-1662 
f -1135/-1661/-1660 -1134/-1660/-1659 -1133/-1659/-1658 
f -1134/-1660/-1659 -1135/-1661/-1660 -1139/-1665/-1664 
f -1139/-1665/-1664 -1136/-1662/-1661 -1134/-1660/-1659 
f -1146/-1672/-1671 -1266/-1886/-1885 -1267/-1887/-1886 
f -1267/-1887/-1886 -1147/-1673/-1672 -1146/-1672/-1671 
f -1148/-1674/-1673 -1264/-1884/-1883 -1265/-1885/-1884 
f -1265/-1885/-1884 -1149/-1675/-1674 -1148/-1674/-1673 
f -1132/-1658/-1657 -1131/-1657/-1656 -1130/-1656/-1655 
f -1130/-1656/-1655 -1129/-1655/-1654 -1132/-1658/-1657 
f -1128/-1654/-1653 -1127/-1653/-1652 -1126/-1652/-1651 
f -1126/-1652/-1651 -1125/-1651/-1650 -1128/-1654/-1653 
f -1127/-1653/-1652 -1128/-1654/-1653 -1124/-1650/-1649 
f -1124/-1650/-1649 -1123/-1649/-1648 -1127/-1653/-1652 
f -1131/-1657/-1656 -1132/-1658/-1657 -1122/-1648/-1647 
f -1122/-1648/-1647 -1121/-1647/-1646 -1131/-1657/-1656 
f -1120/-1646/-1645 -1119/-1645/-1644 -1118/-1644/-1643 
f -1118/-1644/-1643 -1117/-1643/-1642 -1120/-1646/-1645 
f -1116/-1642/-1641 -1115/-1641/-1640 -1114/-1640/-1639 
f -1114/-1640/-1639 -1113/-1639/-1638 -1116/-1642/-1641 
f -1113/-1639/-1638 -1125/-1651/-1650 -1126/-1652/-1651 
f -1126/-1652/-1651 -1116/-1642/-1641 -1113/-1639/-1638 
f -1117/-1643/-1642 -1129/-1655/-1654 -1130/-1656/-1655 
f -1130/-1656/-1655 -1120/-1646/-1645 -1117/-1643/-1642 
f -1112/-1638/-1637 -1114/-1640/-1639 -1115/-1641/-1640 
f -1115/-1641/-1640 -1111/-1637/-1636 -1112/-1638/-1637 
f -1110/-1636/-1635 -1118/-1644/-1643 -1119/-1645/-1644 
f -1119/-1645/-1644 -1109/-1635/-1634 -1110/-1636/-1635 
f -1108/-1634/-1633 -1107/-1633/-1632 -1106/-1632/-1631 
f -1106/-1632/-1631 -1105/-1631/-1630 -1108/-1634/-1633 
f -1107/-1630/-1629 -1104/-1629/-1628 -1103/-1628/-1627 
f -1103/-1628/-1627 -1106/-1627/-1626 -1107/-1630/-1629 
f -1103/-1628/-1627 -1102/-1626/-1625 -1101/-1625/-1624 
f -1101/-1625/-1624 -1106/-1627/-1626 -1103/-1628/-1627 
f -1105/-1631/-1630 -1106/-1632/-1631 -1101/-1624/-1623 
f -1101/-1624/-1623 -1100/-1623/-1622 -1105/-1631/-1630 
f -1104/-1629/-1628 -1107/-1630/-1629 -1099/-1622/-1621 
f -1099/-1622/-1621 -1098/-1621/-1620 -1104/-1629/-1628 
f -1107/-1633/-1632 -1108/-1634/-1633 -1097/-1620/-1619 
f -1097/-1620/-1619 -1099/-1619/-1618 -1107/-1633/-1632 
f -1126/-1618/-1617 -1127/-1617/-1616 -1132/-1616/-1615 
f -1132/-1616/-1615 -1129/-1615/-1614 -1126/-1618/-1617 
f -1122/-1614/-1613 -1132/-1616/-1615 -1127/-1617/-1616 
f -1127/-1617/-1616 -1123/-1613/-1612 -1122/-1614/-1613 
f -1116/-1612/-1611 -1117/-1611/-1610 -1118/-1610/-1609 
f -1118/-1610/-1609 -1115/-1609/-1608 -1116/-1612/-1611 
f -1129/-1615/-1614 -1117/-1611/-1610 -1116/-1612/-1611 
f -1116/-1612/-1611 -1126/-1618/-1617 -1129/-1615/-1614 
f -1118/-1610/-1609 -1110/-1608/-1607 -1111/-1607/-1606 
f -1111/-1607/-1606 -1115/-1609/-1608 -1118/-1610/-1609 
f -1227/-1831/-1830 -1226/-1830/-1829 -1099/-1619/-1618 
f -1099/-1619/-1618 -1097/-1620/-1619 -1227/-1831/-1830 
f -1226/-1829/-1828 -1225/-1828/-1827 -1098/-1621/-1620 
f -1098/-1621/-1620 -1099/-1622/-1621 -1226/-1829/-1828 
f -1096/-1606/-1605 -1130/-1605/-1604 -1131/-1604/-1603 
f -1131/-1604/-1603 -1095/-1603/-1602 -1096/-1606/-1605 
f -1094/-1602/-1601 -1128/-1601/-1600 -1125/-1600/-1599 
f -1125/-1600/-1599 -1093/-1599/-1598 -1094/-1602/-1601 
f -1092/-1598/-1597 -1123/-1597/-1596 -1124/-1596/-1595 
f -1124/-1596/-1595 -1091/-1595/-1594 -1092/-1598/-1597 
f -1091/-1594/-1593 -1124/-1593/-1592 -1128/-1601/-1600 
f -1128/-1601/-1600 -1094/-1602/-1601 -1091/-1594/-1593 
f -1090/-1592/-1591 -1121/-1591/-1590 -1122/-1590/-1589 
f -1122/-1590/-1589 -1089/-1589/-1588 -1090/-1592/-1591 
f -1095/-1603/-1602 -1131/-1604/-1603 -1121/-1588/-1587 
f -1121/-1588/-1587 -1090/-1587/-1586 -1095/-1603/-1602 
f -1088/-1586/-1585 -1119/-1585/-1584 -1120/-1584/-1583 
f -1120/-1584/-1583 -1087/-1583/-1582 -1088/-1586/-1585 
f -1086/-1582/-1581 -1113/-1581/-1580 -1114/-1580/-1579 
f -1114/-1580/-1579 -1085/-1579/-1578 -1086/-1582/-1581 
f -1093/-1599/-1598 -1125/-1600/-1599 -1113/-1581/-1580 
f -1113/-1581/-1580 -1086/-1582/-1581 -1093/-1599/-1598 
f -1087/-1583/-1582 -1120/-1584/-1583 -1130/-1605/-1604 
f -1130/-1605/-1604 -1096/-1606/-1605 -1087/-1583/-1582 
f -1084/-1578/-1577 -1100/-1577/-1576 -1109/-1576/-1575 
f -1109/-1576/-1575 -1083/-1575/-1574 -1084/-1578/-1577 
f -1082/-1574/-1573 -1112/-1573/-1572 -1102/-1572/-1571 
f -1102/-1572/-1571 -1081/-1571/-1570 -1082/-1574/-1573 
f -1085/-1579/-1578 -1114/-1580/-1579 -1112/-1573/-1572 
f -1112/-1573/-1572 -1082/-1574/-1573 -1085/-1579/-1578 
f -1083/-1575/-1574 -1109/-1576/-1575 -1119/-1585/-1584 
f -1119/-1585/-1584 -1088/-1586/-1585 -1083/-1575/-1574 
f -1080/-1570/-1569 -1108/-1569/-1568 -1105/-1568/-1567 
f -1105/-1568/-1567 -1079/-1567/-1566 -1080/-1570/-1569 
f -1078/-1566/-1565 -1103/-1565/-1564 -1104/-1564/-1563 
f -1104/-1564/-1563 -1077/-1563/-1562 -1078/-1566/-1565 
f -1081/-1571/-1570 -1102/-1572/-1571 -1103/-1565/-1564 
f -1103/-1565/-1564 -1078/-1566/-1565 -1081/-1571/-1570 
f -1079/-1567/-1566 -1105/-1568/-1567 -1100/-1577/-1576 
f -1100/-1577/-1576 -1084/-1578/-1577 -1079/-1567/-1566 
f -1077/-1563/-1562 -1104/-1564/-1563 -1098/-1562/-1561 
f -1098/-1562/-1561 -1076/-1561/-1560 -1077/-1563/-1562 
f -1075/-1560/-1559 -1097/-1559/-1558 -1108/-1569/-1568 
f -1108/-1569/-1568 -1080/-1570/-1569 -1075/-1560/-1559 
f -1089/-1589/-1588 -1122/-1590/-1589 -1123/-1597/-1596 
f -1123/-1597/-1596 -1092/-1598/-1597 -1089/-1589/-1588 
f -1202/-1779/-1778 -1227/-1778/-1777 -1097/-1559/-1558 
f -1097/-1559/-1558 -1075/-1560/-1559 -1202/-1779/-1778 
f -1076/-1561/-1560 -1098/-1562/-1561 -1225/-1776/-1775 
f -1225/-1776/-1775 -1201/-1777/-1776 -1076/-1561/-1560 
f -1179/-1558/-1557 -1094/-1602/-1601 -1093/-1599/-1598 
f -1093/-1599/-1598 -1178/-1557/-1556 -1179/-1558/-1557 
f -1177/-1556/-1555 -1091/-1594/-1593 -1094/-1602/-1601 
f -1094/-1602/-1601 -1179/-1558/-1557 -1177/-1556/-1555 
f -1176/-1555/-1554 -1092/-1598/-1597 -1091/-1595/-1594 
f -1091/-1595/-1594 -1177/-1554/-1553 -1176/-1555/-1554 
f -1180/-1706/-1705 -1074/-1553/-1552 -1092/-1552/-1551 
f -1092/-1552/-1551 -1176/-1702/-1701 -1180/-1706/-1705 
f -1181/-1707/-1706 -1073/-1551/-1550 -1074/-1553/-1552 
f -1074/-1553/-1552 -1180/-1706/-1705 -1181/-1707/-1706 
f -1167/-1693/-1692 -1072/-1550/-1549 -1073/-1551/-1550 
f -1073/-1551/-1550 -1181/-1707/-1706 -1167/-1693/-1692 
f -1168/-1694/-1693 -1071/-1549/-1548 -1072/-1550/-1549 
f -1072/-1550/-1549 -1167/-1693/-1692 -1168/-1694/-1693 
f -1159/-1685/-1684 -1070/-1548/-1547 -1071/-1549/-1548 
f -1071/-1549/-1548 -1168/-1694/-1693 -1159/-1685/-1684 
f -1160/-1686/-1685 -1069/-1547/-1546 -1070/-1548/-1547 
f -1070/-1548/-1547 -1159/-1685/-1684 -1160/-1686/-1685 
f -1150/-1676/-1675 -1068/-1546/-1545 -1069/-1547/-1546 
f -1069/-1547/-1546 -1160/-1686/-1685 -1150/-1676/-1675 
f -1151/-1677/-1676 -1067/-1545/-1544 -1068/-1546/-1545 
f -1068/-1546/-1545 -1150/-1676/-1675 -1151/-1677/-1676 
f -1149/-1675/-1674 -1066/-1544/-1543 -1067/-1545/-1544 
f -1067/-1545/-1544 -1151/-1677/-1676 -1149/-1675/-1674 
f -1265/-1885/-1884 -1191/-1760/-1759 -1066/-1544/-1543 
f -1066/-1544/-1543 -1149/-1675/-1674 -1265/-1885/-1884 
f -1148/-1543/-1542 -1076/-1561/-1560 -1201/-1777/-1776 
f -1201/-1777/-1776 -1264/-1758/-1757 -1148/-1543/-1542 
f -1152/-1542/-1541 -1077/-1563/-1562 -1076/-1561/-1560 
f -1076/-1561/-1560 -1148/-1543/-1542 -1152/-1542/-1541 
f -1153/-1541/-1540 -1078/-1566/-1565 -1077/-1563/-1562 
f -1077/-1563/-1562 -1152/-1542/-1541 -1153/-1541/-1540 
f -1161/-1540/-1539 -1081/-1571/-1570 -1078/-1566/-1565 
f -1078/-1566/-1565 -1153/-1541/-1540 -1161/-1540/-1539 
f -1158/-1539/-1538 -1082/-1574/-1573 -1081/-1571/-1570 
f -1081/-1571/-1570 -1161/-1540/-1539 -1158/-1539/-1538 
f -1169/-1538/-1537 -1085/-1579/-1578 -1082/-1574/-1573 
f -1082/-1574/-1573 -1158/-1539/-1538 -1169/-1538/-1537 
f -1166/-1537/-1536 -1086/-1582/-1581 -1085/-1579/-1578 
f -1085/-1579/-1578 -1169/-1538/-1537 -1166/-1537/-1536 
f -1178/-1557/-1556 -1093/-1599/-1598 -1086/-1582/-1581 
f -1086/-1582/-1581 -1166/-1537/-1536 -1178/-1557/-1556 
f -1183/-1709/-1708 -1065/-1536/-1535 -1064/-1535/-1534 
f -1064/-1535/-1534 -1182/-1708/-1707 -1183/-1709/-1708 
f -1175/-1701/-1700 -1089/-1534/-1533 -1065/-1536/-1535 
f -1065/-1536/-1535 -1183/-1709/-1708 -1175/-1701/-1700 
f -1174/-1533/-1532 -1090/-1592/-1591 -1089/-1589/-1588 
f -1089/-1589/-1588 -1175/-1532/-1531 -1174/-1533/-1532 
f -1184/-1531/-1530 -1095/-1603/-1602 -1090/-1587/-1586 
f -1090/-1587/-1586 -1174/-1530/-1529 -1184/-1531/-1530 
f -1185/-1529/-1528 -1096/-1606/-1605 -1095/-1603/-1602 
f -1095/-1603/-1602 -1184/-1531/-1530 -1185/-1529/-1528 
f -1171/-1528/-1527 -1087/-1583/-1582 -1096/-1606/-1605 
f -1096/-1606/-1605 -1185/-1529/-1528 -1171/-1528/-1527 
f -1172/-1527/-1526 -1088/-1586/-1585 -1087/-1583/-1582 
f -1087/-1583/-1582 -1171/-1528/-1527 -1172/-1527/-1526 
f -1163/-1526/-1525 -1083/-1575/-1574 -1088/-1586/-1585 
f -1088/-1586/-1585 -1172/-1527/-1526 -1163/-1526/-1525 
f -1164/-1525/-1524 -1084/-1578/-1577 -1083/-1575/-1574 
f -1083/-1575/-1574 -1163/-1526/-1525 -1164/-1525/-1524 
f -1154/-1524/-1523 -1079/-1567/-1566 -1084/-1578/-1577 
f -1084/-1578/-1577 -1164/-1525/-1524 -1154/-1524/-1523 
f -1155/-1523/-1522 -1080/-1570/-1569 -1079/-1567/-1566 
f -1079/-1567/-1566 -1154/-1524/-1523 -1155/-1523/-1522 
f -1147/-1522/-1521 -1075/-1560/-1559 -1080/-1570/-1569 
f -1080/-1570/-1569 -1155/-1523/-1522 -1147/-1522/-1521 
f -1267/-1736/-1735 -1202/-1779/-1778 -1075/-1560/-1559 
f -1075/-1560/-1559 -1147/-1522/-1521 -1267/-1736/-1735 
f -1146/-1672/-1671 -1066/-1521/-1520 -1191/-1735/-1734 
f -1191/-1735/-1734 -1266/-1886/-1885 -1146/-1672/-1671 
f -1156/-1682/-1681 -1067/-1520/-1519 -1066/-1521/-1520 
f -1066/-1521/-1520 -1146/-1672/-1671 -1156/-1682/-1681 
f -1157/-1683/-1682 -1068/-1519/-1518 -1067/-1520/-1519 
f -1067/-1520/-1519 -1156/-1682/-1681 -1157/-1683/-1682 
f -1165/-1691/-1690 -1069/-1518/-1517 -1068/-1519/-1518 
f -1068/-1519/-1518 -1157/-1683/-1682 -1165/-1691/-1690 
f -1162/-1688/-1687 -1063/-1517/-1516 -1069/-1518/-1517 
f -1069/-1518/-1517 -1165/-1691/-1690 -1162/-1688/-1687 
f -1173/-1699/-1698 -1062/-1516/-1515 -1063/-1517/-1516 
f -1063/-1517/-1516 -1162/-1688/-1687 -1173/-1699/-1698 
f -1170/-1696/-1695 -1061/-1515/-1514 -1062/-1516/-1515 
f -1062/-1516/-1515 -1173/-1699/-1698 -1170/-1696/-1695 
f -1182/-1708/-1707 -1064/-1535/-1534 -1061/-1515/-1514 
f -1061/-1515/-1514 -1170/-1696/-1695 -1182/-1708/-1707 
f -1142/-1668/-1667 -1064/-1514/-1513 -1065/-1513/-1512 
f -1065/-1513/-1512 -1145/-1671/-1670 -1142/-1668/-1667 
f -1138/-1664/-1663 -1061/-1512/-1511 -1064/-1514/-1513 
f -1064/-1514/-1513 -1142/-1668/-1667 -1138/-1664/-1663 
f -1139/-1665/-1664 -1062/-1511/-1510 -1061/-1512/-1511 
f -1061/-1512/-1511 -1138/-1664/-1663 -1139/-1665/-1664 
f -1135/-1661/-1660 -1063/-1510/-1509 -1062/-1511/-1510 
f -1062/-1511/-1510 -1139/-1665/-1664 -1135/-1661/-1660 
f -1133/-1659/-1658 -1069/-1509/-1508 -1063/-1510/-1509 
f -1063/-1510/-1509 -1135/-1661/-1660 -1133/-1659/-1658 
f -1134/-1660/-1659 -1070/-1508/-1507 -1069/-1509/-1508 
f -1069/-1509/-1508 -1133/-1659/-1658 -1134/-1660/-1659 
f -1136/-1662/-1661 -1071/-1507/-1506 -1070/-1508/-1507 
f -1070/-1508/-1507 -1134/-1660/-1659 -1136/-1662/-1661 
f -1137/-1663/-1662 -1072/-1506/-1505 -1071/-1507/-1506 
f -1071/-1507/-1506 -1136/-1662/-1661 -1137/-1663/-1662 
f -1143/-1669/-1668 -1073/-1505/-1504 -1072/-1506/-1505 
f -1072/-1506/-1505 -1137/-1663/-1662 -1143/-1669/-1668 
f -1144/-1670/-1669 -1074/-1504/-1503 -1073/-1505/-1504 
f -1073/-1505/-1504 -1143/-1669/-1668 -1144/-1670/-1669 
f -1140/-1666/-1665 -1092/-1503/-1502 -1074/-1504/-1503 
f -1074/-1504/-1503 -1144/-1670/-1669 -1140/-1666/-1665 
f -1141/-1502/-1501 -1089/-1589/-1588 -1092/-1598/-1597 
f -1092/-1598/-1597 -1140/-1501/-1500 -1141/-1502/-1501 
f -1145/-1671/-1670 -1065/-1513/-1512 -1089/-1500/-1499 
f -1089/-1500/-1499 -1141/-1667/-1666 -1145/-1671/-1670 
f -1101/-1624/-1623 -1110/-1636/-1635 -1109/-1635/-1634 
f -1109/-1635/-1634 -1100/-1623/-1622 -1101/-1624/-1623 
f -1102/-1626/-1625 -1112/-1638/-1637 -1111/-1637/-1636 
f -1111/-1637/-1636 -1101/-1625/-1624 -1102/-1626/-1625 
f -1111/-1607/-1606 -1110/-1608/-1607 -1101/-1499/-1498 
f -1060/-1498/-1497 -1059/-1497/-1496 -1058/-1496/-1495 
f -1058/-1496/-1495 -1057/-1495/-1494 -1060/-1498/-1497 
f -1056/-1494/-1493 -1055/-1493/-1492 -1054/-1492/-1491 
f -1054/-1492/-1491 -1053/-1491/-1490 -1056/-1494/-1493 
f -1052/-1490/-1489 -1054/-1492/-1491 -1055/-1493/-1492 
f -1055/-1493/-1492 -1051/-1489/-1488 -1052/-1490/-1489 
f -1050/-1488/-1487 -1058/-1496/-1495 -1059/-1497/-1496 
f -1059/-1497/-1496 -1049/-1487/-1486 -1050/-1488/-1487 
f -1048/-1486/-1485 -1047/-1485/-1484 -1046/-1484/-1483 
f -1046/-1484/-1483 -1045/-1483/-1482 -1048/-1486/-1485 
f -1044/-1482/-1481 -1043/-1481/-1480 -1042/-1480/-1479 
f -1042/-1480/-1479 -1041/-1479/-1478 -1044/-1482/-1481 
f -1056/-1494/-1493 -1053/-1491/-1490 -1041/-1479/-1478 
f -1041/-1479/-1478 -1042/-1480/-1479 -1056/-1494/-1493 
f -1060/-1498/-1497 -1057/-1495/-1494 -1045/-1483/-1482 
f -1045/-1483/-1482 -1046/-1484/-1483 -1060/-1498/-1497 
f -1040/-1478/-1477 -1039/-1477/-1476 -1038/-1476/-1475 
f -1038/-1476/-1475 -1037/-1475/-1474 -1040/-1478/-1477 
f -1036/-1474/-1473 -1035/-1473/-1472 -1034/-1472/-1471 
f -1034/-1472/-1471 -1033/-1471/-1470 -1036/-1474/-1473 
f -1043/-1481/-1480 -1044/-1482/-1481 -1033/-1471/-1470 
f -1033/-1471/-1470 -1034/-1472/-1471 -1043/-1481/-1480 
f -1047/-1485/-1484 -1048/-1486/-1485 -1037/-1475/-1474 
f -1037/-1475/-1474 -1038/-1476/-1475 -1047/-1485/-1484 
f -1032/-1470/-1469 -1031/-1469/-1468 -1030/-1468/-1467 
f -1030/-1468/-1467 -1029/-1467/-1466 -1032/-1470/-1469 
f -1028/-1466/-1465 -1027/-1465/-1464 -1026/-1464/-1463 
f -1026/-1464/-1463 -1025/-1463/-1462 -1028/-1466/-1465 
f -1035/-1473/-1472 -1036/-1474/-1473 -1028/-1466/-1465 
f -1028/-1466/-1465 -1025/-1463/-1462 -1035/-1473/-1472 
f -1040/-1478/-1477 -1032/-1470/-1469 -1029/-1467/-1466 
f -1029/-1467/-1466 -1039/-1477/-1476 -1040/-1478/-1477 
f -1024/-1462/-1461 -1026/-1464/-1463 -1027/-1465/-1464 
f -1027/-1465/-1464 -1023/-1461/-1460 -1024/-1462/-1461 
f -1022/-1460/-1459 -1030/-1468/-1467 -1031/-1469/-1468 
f -1031/-1469/-1468 -1021/-1459/-1458 -1022/-1460/-1459 
f -1020/-1458/-1457 -1019/-1457/-1456 -1018/-1456/-1455 
f -1018/-1456/-1455 -1017/-1455/-1454 -1020/-1458/-1457 
f -1019/-1457/-1456 -1020/-1458/-1457 -1016/-1454/-1453 
f -1016/-1454/-1453 -1015/-1453/-1452 -1019/-1457/-1456 
f -1014/-1452/-1451 -1013/-1451/-1450 -1012/-1450/-1449 
f -1012/-1450/-1449 -1011/-1449/-1448 -1014/-1452/-1451 
f -1012/-1450/-1449 -1013/-1451/-1450 -1017/-1455/-1454 
f -1017/-1455/-1454 -1018/-1456/-1455 -1012/-1450/-1449 
f -1010/-1448/-1447 -1009/-1447/-1446 -1008/-1446/-1445 
f -1009/-1447/-1446 -1010/-1448/-1447 -1014/-1452/-1451 
f -1014/-1452/-1451 -1011/-1449/-1448 -1009/-1447/-1446 
f -1021/-1459/-1458 -1007/-1445/-1444 -1006/-1444/-1443 
f -1006/-1444/-1443 -1022/-1460/-1459 -1021/-1459/-1458 
f -1023/-1461/-1460 -1005/-1443/-1442 -1004/-1442/-1441 
f -1004/-1442/-1441 -1024/-1462/-1461 -1023/-1461/-1460 
f -1003/-1441/-1440 -1002/-1440/-1439 -1001/-1439/-1438 
f -1001/-1439/-1438 -1000/-1438/-1437 -1003/-1441/-1440 
f -999/-1437/-1436 -998/-1436/-1435 -997/-1435/-1434 
f -997/-1435/-1434 -996/-1434/-1433 -999/-1437/-1436 
f -998/-1436/-1435 -999/-1437/-1436 -995/-1433/-1432 
f -995/-1433/-1432 -994/-1432/-1431 -998/-1436/-1435 
f -1002/-1440/-1439 -1003/-1441/-1440 -993/-1431/-1430 
f -993/-1431/-1430 -992/-1430/-1429 -1002/-1440/-1439 
f -991/-1429/-1428 -990/-1428/-1427 -989/-1427/-1426 
f -989/-1427/-1426 -988/-1426/-1425 -991/-1429/-1428 
f -987/-1425/-1424 -986/-1424/-1423 -985/-1423/-1422 
f -985/-1423/-1422 -984/-1422/-1421 -987/-1425/-1424 
f -984/-1422/-1421 -996/-1434/-1433 -997/-1435/-1434 
f -997/-1435/-1434 -987/-1425/-1424 -984/-1422/-1421 
f -988/-1426/-1425 -1000/-1438/-1437 -1001/-1439/-1438 
f -1001/-1439/-1438 -991/-1429/-1428 -988/-1426/-1425 
f -983/-1421/-1420 -985/-1423/-1422 -986/-1424/-1423 
f -986/-1424/-1423 -982/-1420/-1419 -983/-1421/-1420 
f -981/-1419/-1418 -989/-1427/-1426 -990/-1428/-1427 
f -990/-1428/-1427 -980/-1418/-1417 -981/-1419/-1418 
f -979/-1417/-1416 -978/-1416/-1415 -977/-1415/-1414 
f -977/-1415/-1414 -976/-1414/-1413 -979/-1417/-1416 
f -978/-1413/-1412 -975/-1412/-1411 -974/-1411/-1410 
f -974/-1411/-1410 -977/-1410/-1409 -978/-1413/-1412 
f -974/-1411/-1410 -973/-1409/-1408 -972/-1408/-1407 
f -972/-1408/-1407 -977/-1410/-1409 -974/-1411/-1410 
f -976/-1414/-1413 -977/-1415/-1414 -972/-1407/-1406 
f -972/-1407/-1406 -971/-1406/-1405 -976/-1414/-1413 
f -975/-1412/-1411 -978/-1413/-1412 -970/-1405/-1404 
f -970/-1405/-1404 -969/-1404/-1403 -975/-1412/-1411 
f -978/-1416/-1415 -979/-1417/-1416 -968/-1403/-1402 
f -968/-1403/-1402 -970/-1402/-1401 -978/-1416/-1415 
f -997/-1401/-1400 -998/-1400/-1399 -1003/-1399/-1398 
f -1003/-1399/-1398 -1000/-1398/-1397 -997/-1401/-1400 
f -993/-1397/-1396 -1003/-1399/-1398 -998/-1400/-1399 
f -998/-1400/-1399 -994/-1396/-1395 -993/-1397/-1396 
f -987/-1395/-1394 -988/-1394/-1393 -989/-1393/-1392 
f -989/-1393/-1392 -986/-1392/-1391 -987/-1395/-1394 
f -1000/-1398/-1397 -988/-1394/-1393 -987/-1395/-1394 
f -987/-1395/-1394 -997/-1401/-1400 -1000/-1398/-1397 
f -989/-1393/-1392 -981/-1391/-1390 -982/-1390/-1389 
f -982/-1390/-1389 -986/-1392/-1391 -989/-1393/-1392 
f -967/-1389/-1388 -966/-1388/-1387 -970/-1402/-1401 
f -970/-1402/-1401 -968/-1403/-1402 -967/-1389/-1388 
f -966/-1387/-1386 -965/-1386/-1385 -969/-1404/-1403 
f -969/-1404/-1403 -970/-1405/-1404 -966/-1387/-1386 
f -964/-1385/-1384 -1001/-1384/-1383 -1002/-1383/-1382 
f -1002/-1383/-1382 -963/-1382/-1381 -964/-1385/-1384 
f -962/-1381/-1380 -999/-1380/-1379 -996/-1379/-1378 
f -996/-1379/-1378 -961/-1378/-1377 -962/-1381/-1380 
f -960/-1377/-1376 -994/-1376/-1375 -995/-1375/-1374 
f -995/-1375/-1374 -959/-1374/-1373 -960/-1377/-1376 
f -959/-1373/-1372 -995/-1372/-1371 -999/-1380/-1379 
f -999/-1380/-1379 -962/-1381/-1380 -959/-1373/-1372 
f -958/-1371/-1370 -992/-1370/-1369 -993/-1369/-1368 
f -993/-1369/-1368 -957/-1368/-1367 -958/-1371/-1370 
f -963/-1382/-1381 -1002/-1383/-1382 -992/-1367/-1366 
f -992/-1367/-1366 -958/-1366/-1365 -963/-1382/-1381 
f -956/-1365/-1364 -990/-1364/-1363 -991/-1363/-1362 
f -991/-1363/-1362 -955/-1362/-1361 -956/-1365/-1364 
f -954/-1361/-1360 -984/-1360/-1359 -985/-1359/-1358 
f -985/-1359/-1358 -953/-1358/-1357 -954/-1361/-1360 
f -961/-1378/-1377 -996/-1379/-1378 -984/-1360/-1359 
f -984/-1360/-1359 -954/-1361/-1360 -961/-1378/-1377 
f -955/-1362/-1361 -991/-1363/-1362 -1001/-1384/-1383 
f -1001/-1384/-1383 -964/-1385/-1384 -955/-1362/-1361 
f -952/-1357/-1356 -971/-1356/-1355 -980/-1355/-1354 
f -980/-1355/-1354 -951/-1354/-1353 -952/-1357/-1356 
f -950/-1353/-1352 -983/-1352/-1351 -973/-1351/-1350 
f -973/-1351/-1350 -949/-1350/-1349 -950/-1353/-1352 
f -953/-1358/-1357 -985/-1359/-1358 -983/-1352/-1351 
f -983/-1352/-1351 -950/-1353/-1352 -953/-1358/-1357 
f -951/-1354/-1353 -980/-1355/-1354 -990/-1364/-1363 
f -990/-1364/-1363 -956/-1365/-1364 -951/-1354/-1353 
f -948/-1349/-1348 -979/-1348/-1347 -976/-1347/-1346 
f -976/-1347/-1346 -947/-1346/-1345 -948/-1349/-1348 
f -946/-1345/-1344 -974/-1344/-1343 -975/-1343/-1342 
f -975/-1343/-1342 -945/-1342/-1341 -946/-1345/-1344 
f -949/-1350/-1349 -973/-1351/-1350 -974/-1344/-1343 
f -974/-1344/-1343 -946/-1345/-1344 -949/-1350/-1349 
f -947/-1346/-1345 -976/-1347/-1346 -971/-1356/-1355 
f -971/-1356/-1355 -952/-1357/-1356 -947/-1346/-1345 
f -945/-1342/-1341 -975/-1343/-1342 -969/-1341/-1340 
f -969/-1341/-1340 -944/-1340/-1339 -945/-1342/-1341 
f -943/-1339/-1338 -968/-1338/-1337 -979/-1348/-1347 
f -979/-1348/-1347 -948/-1349/-1348 -943/-1339/-1338 
f -957/-1368/-1367 -993/-1369/-1368 -994/-1376/-1375 
f -994/-1376/-1375 -960/-1377/-1376 -957/-1368/-1367 
f -942/-1337/-1336 -967/-1336/-1335 -968/-1338/-1337 
f -968/-1338/-1337 -943/-1339/-1338 -942/-1337/-1336 
f -944/-1340/-1339 -969/-1341/-1340 -965/-1335/-1334 
f -965/-1335/-1334 -941/-1334/-1333 -944/-1340/-1339 
f -1054/-1333/-1332 -962/-1381/-1380 -961/-1378/-1377 
f -961/-1378/-1377 -1053/-1332/-1331 -1054/-1333/-1332 
f -1052/-1331/-1330 -959/-1373/-1372 -962/-1381/-1380 
f -962/-1381/-1380 -1054/-1333/-1332 -1052/-1331/-1330 
f -1051/-1330/-1329 -960/-1377/-1376 -959/-1374/-1373 
f -959/-1374/-1373 -1052/-1329/-1328 -1051/-1330/-1329 
f -1055/-1493/-1492 -940/-1328/-1327 -960/-1327/-1326 
f -960/-1327/-1326 -1051/-1489/-1488 -1055/-1493/-1492 
f -1056/-1494/-1493 -939/-1326/-1325 -940/-1328/-1327 
f -940/-1328/-1327 -1055/-1493/-1492 -1056/-1494/-1493 
f -1042/-1480/-1479 -938/-1325/-1324 -939/-1326/-1325 
f -939/-1326/-1325 -1056/-1494/-1493 -1042/-1480/-1479 
f -1043/-1481/-1480 -937/-1324/-1323 -938/-1325/-1324 
f -938/-1325/-1324 -1042/-1480/-1479 -1043/-1481/-1480 
f -1034/-1472/-1471 -936/-1323/-1322 -937/-1324/-1323 
f -937/-1324/-1323 -1043/-1481/-1480 -1034/-1472/-1471 
f -1035/-1473/-1472 -935/-1322/-1321 -936/-1323/-1322 
f -936/-1323/-1322 -1034/-1472/-1471 -1035/-1473/-1472 
f -1025/-1463/-1462 -934/-1321/-1320 -935/-1322/-1321 
f -935/-1322/-1321 -1035/-1473/-1472 -1025/-1463/-1462 
f -1026/-1464/-1463 -933/-1320/-1319 -934/-1321/-1320 
f -934/-1321/-1320 -1025/-1463/-1462 -1026/-1464/-1463 
f -1024/-1462/-1461 -932/-1319/-1318 -933/-1320/-1319 
f -933/-1320/-1319 -1026/-1464/-1463 -1024/-1462/-1461 
f -1004/-1442/-1441 -931/-1318/-1317 -932/-1319/-1318 
f -932/-1319/-1318 -1024/-1462/-1461 -1004/-1442/-1441 
f -1023/-1317/-1316 -944/-1340/-1339 -941/-1334/-1333 
f -941/-1334/-1333 -1005/-1316/-1315 -1023/-1317/-1316 
f -1027/-1315/-1314 -945/-1342/-1341 -944/-1340/-1339 
f -944/-1340/-1339 -1023/-1317/-1316 -1027/-1315/-1314 
f -1028/-1314/-1313 -946/-1345/-1344 -945/-1342/-1341 
f -945/-1342/-1341 -1027/-1315/-1314 -1028/-1314/-1313 
f -1036/-1313/-1312 -949/-1350/-1349 -946/-1345/-1344 
f -946/-1345/-1344 -1028/-1314/-1313 -1036/-1313/-1312 
f -1033/-1312/-1311 -950/-1353/-1352 -949/-1350/-1349 
f -949/-1350/-1349 -1036/-1313/-1312 -1033/-1312/-1311 
f -1044/-1311/-1310 -953/-1358/-1357 -950/-1353/-1352 
f -950/-1353/-1352 -1033/-1312/-1311 -1044/-1311/-1310 
f -1041/-1310/-1309 -954/-1361/-1360 -953/-1358/-1357 
f -953/-1358/-1357 -1044/-1311/-1310 -1041/-1310/-1309 
f -1053/-1332/-1331 -961/-1378/-1377 -954/-1361/-1360 
f -954/-1361/-1360 -1041/-1310/-1309 -1053/-1332/-1331 
f -1058/-1496/-1495 -930/-1309/-1308 -929/-1308/-1307 
f -929/-1308/-1307 -1057/-1495/-1494 -1058/-1496/-1495 
f -1050/-1488/-1487 -957/-1307/-1306 -930/-1309/-1308 
f -930/-1309/-1308 -1058/-1496/-1495 -1050/-1488/-1487 
f -1049/-1306/-1305 -958/-1371/-1370 -957/-1368/-1367 
f -957/-1368/-1367 -1050/-1305/-1304 -1049/-1306/-1305 
f -1059/-1304/-1303 -963/-1382/-1381 -958/-1366/-1365 
f -958/-1366/-1365 -1049/-1303/-1302 -1059/-1304/-1303 
f -1060/-1302/-1301 -964/-1385/-1384 -963/-1382/-1381 
f -963/-1382/-1381 -1059/-1304/-1303 -1060/-1302/-1301 
f -1046/-1301/-1300 -955/-1362/-1361 -964/-1385/-1384 
f -964/-1385/-1384 -1060/-1302/-1301 -1046/-1301/-1300 
f -1047/-1300/-1299 -956/-1365/-1364 -955/-1362/-1361 
f -955/-1362/-1361 -1046/-1301/-1300 -1047/-1300/-1299 
f -1038/-1299/-1298 -951/-1354/-1353 -956/-1365/-1364 
f -956/-1365/-1364 -1047/-1300/-1299 -1038/-1299/-1298 
f -1039/-1298/-1297 -952/-1357/-1356 -951/-1354/-1353 
f -951/-1354/-1353 -1038/-1299/-1298 -1039/-1298/-1297 
f -1029/-1297/-1296 -947/-1346/-1345 -952/-1357/-1356 
f -952/-1357/-1356 -1039/-1298/-1297 -1029/-1297/-1296 
f -1030/-1296/-1295 -948/-1349/-1348 -947/-1346/-1345 
f -947/-1346/-1345 -1029/-1297/-1296 -1030/-1296/-1295 
f -1022/-1295/-1294 -943/-1339/-1338 -948/-1349/-1348 
f -948/-1349/-1348 -1030/-1296/-1295 -1022/-1295/-1294 
f -1006/-1294/-1293 -942/-1337/-1336 -943/-1339/-1338 
f -943/-1339/-1338 -1022/-1295/-1294 -1006/-1294/-1293 
f -1021/-1459/-1458 -932/-1293/-1292 -931/-1292/-1291 
f -931/-1292/-1291 -1007/-1445/-1444 -1021/-1459/-1458 
f -1031/-1469/-1468 -933/-1291/-1290 -932/-1293/-1292 
f -932/-1293/-1292 -1021/-1459/-1458 -1031/-1469/-1468 
f -1032/-1470/-1469 -934/-1290/-1289 -933/-1291/-1290 
f -933/-1291/-1290 -1031/-1469/-1468 -1032/-1470/-1469 
f -1040/-1478/-1477 -935/-1289/-1288 -934/-1290/-1289 
f -934/-1290/-1289 -1032/-1470/-1469 -1040/-1478/-1477 
f -1037/-1475/-1474 -928/-1288/-1287 -935/-1289/-1288 
f -935/-1289/-1288 -1040/-1478/-1477 -1037/-1475/-1474 
f -1048/-1486/-1485 -927/-1287/-1286 -928/-1288/-1287 
f -928/-1288/-1287 -1037/-1475/-1474 -1048/-1486/-1485 
f -1045/-1483/-1482 -926/-1286/-1285 -927/-1287/-1286 
f -927/-1287/-1286 -1048/-1486/-1485 -1045/-1483/-1482 
f -1057/-1495/-1494 -929/-1308/-1307 -926/-1286/-1285 
f -926/-1286/-1285 -1045/-1483/-1482 -1057/-1495/-1494 
f -1017/-1455/-1454 -929/-1285/-1284 -930/-1284/-1283 
f -930/-1284/-1283 -1020/-1458/-1457 -1017/-1455/-1454 
f -1013/-1451/-1450 -926/-1283/-1282 -929/-1285/-1284 
f -929/-1285/-1284 -1017/-1455/-1454 -1013/-1451/-1450 
f -1014/-1452/-1451 -927/-1282/-1281 -926/-1283/-1282 
f -926/-1283/-1282 -1013/-1451/-1450 -1014/-1452/-1451 
f -1010/-1448/-1447 -928/-1281/-1280 -927/-1282/-1281 
f -927/-1282/-1281 -1014/-1452/-1451 -1010/-1448/-1447 
f -1008/-1446/-1445 -935/-1280/-1279 -928/-1281/-1280 
f -928/-1281/-1280 -1010/-1448/-1447 -1008/-1446/-1445 
f -1009/-1447/-1446 -936/-1279/-1278 -935/-1280/-1279 
f -935/-1280/-1279 -1008/-1446/-1445 -1009/-1447/-1446 
f -1011/-1449/-1448 -937/-1278/-1277 -936/-1279/-1278 
f -936/-1279/-1278 -1009/-1447/-1446 -1011/-1449/-1448 
f -1012/-1450/-1449 -938/-1277/-1276 -937/-1278/-1277 
f -937/-1278/-1277 -1011/-1449/-1448 -1012/-1450/-1449 
f -1018/-1456/-1455 -939/-1276/-1275 -938/-1277/-1276 
f -938/-1277/-1276 -1012/-1450/-1449 -1018/-1456/-1455 
f -1019/-1457/-1456 -940/-1275/-1274 -939/-1276/-1275 
f -939/-1276/-1275 -1018/-1456/-1455 -1019/-1457/-1456 
f -1015/-1453/-1452 -960/-1274/-1273 -940/-1275/-1274 
f -940/-1275/-1274 -1019/-1457/-1456 -1015/-1453/-1452 
f -1016/-1273/-1272 -957/-1368/-1367 -960/-1377/-1376 
f -960/-1377/-1376 -1015/-1272/-1271 -1016/-1273/-1272 
f -1020/-1458/-1457 -930/-1284/-1283 -957/-1271/-1270 
f -957/-1271/-1270 -1016/-1454/-1453 -1020/-1458/-1457 
f -972/-1407/-1406 -981/-1419/-1418 -980/-1418/-1417 
f -980/-1418/-1417 -971/-1406/-1405 -972/-1407/-1406 
f -973/-1409/-1408 -983/-1421/-1420 -982/-1420/-1419 
f -982/-1420/-1419 -972/-1408/-1407 -973/-1409/-1408 
f -982/-1390/-1389 -981/-1391/-1390 -972/-1270/-1269 
f -925/-1269/-1268 -924/-1268/-1267 -923/-1267/-1266 
f -923/-1267/-1266 -922/-1266/-1265 -925/-1269/-1268 
f -921/-1265/-1264 -920/-1264/-1263 -919/-1263/-1262 
f -919/-1263/-1262 -918/-1262/-1261 -921/-1265/-1264 
f -917/-1261/-1260 -916/-1260/-1259 -918/-1262/-1261 
f -918/-1262/-1261 -919/-1263/-1262 -917/-1261/-1260 
f -915/-1259/-1258 -914/-1258/-1257 -922/-1266/-1265 
f -922/-1266/-1265 -923/-1267/-1266 -915/-1259/-1258 
f -913/-1257/-1256 -912/-1256/-1255 -911/-1255/-1254 
f -911/-1255/-1254 -910/-1254/-1253 -913/-1257/-1256 
f -909/-1253/-1252 -908/-1252/-1251 -907/-1251/-1250 
f -907/-1251/-1250 -906/-1250/-1249 -909/-1253/-1252 
f -921/-1265/-1264 -907/-1251/-1250 -908/-1252/-1251 
f -908/-1252/-1251 -920/-1264/-1263 -921/-1265/-1264 
f -925/-1269/-1268 -911/-1255/-1254 -912/-1256/-1255 
f -912/-1256/-1255 -924/-1268/-1267 -925/-1269/-1268 
f -905/-1249/-1248 -904/-1248/-1247 -903/-1247/-1246 
f -903/-1247/-1246 -902/-1246/-1245 -905/-1249/-1248 
f -901/-1245/-1244 -900/-1244/-1243 -899/-1243/-1242 
f -899/-1243/-1242 -898/-1242/-1241 -901/-1245/-1244 
f -906/-1250/-1249 -899/-1243/-1242 -900/-1244/-1243 
f -900/-1244/-1243 -909/-1253/-1252 -906/-1250/-1249 
f -910/-1254/-1253 -903/-1247/-1246 -904/-1248/-1247 
f -904/-1248/-1247 -913/-1257/-1256 -910/-1254/-1253 
f -897/-1241/-1240 -896/-1240/-1239 -895/-1239/-1238 
f -895/-1239/-1238 -894/-1238/-1237 -897/-1241/-1240 
f -893/-1237/-1236 -892/-1236/-1235 -891/-1235/-1234 
f -891/-1235/-1234 -890/-1234/-1233 -893/-1237/-1236 
f -898/-1242/-1241 -892/-1236/-1235 -893/-1237/-1236 
f -893/-1237/-1236 -901/-1245/-1244 -898/-1242/-1241 
f -905/-1249/-1248 -902/-1246/-1245 -896/-1240/-1239 
f -896/-1240/-1239 -897/-1241/-1240 -905/-1249/-1248 
f -889/-1233/-1232 -888/-1232/-1231 -890/-1234/-1233 
f -890/-1234/-1233 -891/-1235/-1234 -889/-1233/-1232 
f -887/-1231/-1230 -886/-1230/-1229 -894/-1238/-1237 
f -894/-1238/-1237 -895/-1239/-1238 -887/-1231/-1230 
f -885/-1229/-1228 -884/-1228/-1227 -883/-1227/-1226 
f -883/-1227/-1226 -882/-1226/-1225 -885/-1229/-1228 
f -882/-1226/-1225 -881/-1225/-1224 -880/-1224/-1223 
f -880/-1224/-1223 -885/-1229/-1228 -882/-1226/-1225 
f -879/-1223/-1222 -878/-1222/-1221 -877/-1221/-1220 
f -877/-1221/-1220 -876/-1220/-1219 -879/-1223/-1222 
f -877/-1221/-1220 -883/-1227/-1226 -884/-1228/-1227 
f -884/-1228/-1227 -876/-1220/-1219 -877/-1221/-1220 
f -875/-1219/-1218 -874/-1218/-1217 -873/-1217/-1216 
f -873/-1217/-1216 -878/-1222/-1221 -879/-1223/-1222 
f -879/-1223/-1222 -875/-1219/-1218 -873/-1217/-1216 
f -886/-1230/-1229 -887/-1231/-1230 -1006/-1444/-1443 
f -1006/-1444/-1443 -1007/-1445/-1444 -886/-1230/-1229 
f -888/-1232/-1231 -889/-1233/-1232 -1004/-1442/-1441 
f -1004/-1442/-1441 -1005/-1443/-1442 -888/-1232/-1231 
f -872/-1216/-1215 -871/-1215/-1214 -870/-1214/-1213 
f -870/-1214/-1213 -869/-1213/-1212 -872/-1216/-1215 
f -868/-1212/-1211 -867/-1211/-1210 -866/-1210/-1209 
f -866/-1210/-1209 -865/-1209/-1208 -868/-1212/-1211 
f -865/-1209/-1208 -864/-1208/-1207 -863/-1207/-1206 
f -863/-1207/-1206 -868/-1212/-1211 -865/-1209/-1208 
f -869/-1213/-1212 -862/-1206/-1205 -861/-1205/-1204 
f -861/-1205/-1204 -872/-1216/-1215 -869/-1213/-1212 
f -860/-1204/-1203 -859/-1203/-1202 -858/-1202/-1201 
f -858/-1202/-1201 -857/-1201/-1200 -860/-1204/-1203 
f -856/-1200/-1199 -855/-1199/-1198 -854/-1198/-1197 
f -854/-1198/-1197 -853/-1197/-1196 -856/-1200/-1199 
f -855/-1199/-1198 -856/-1200/-1199 -866/-1210/-1209 
f -866/-1210/-1209 -867/-1211/-1210 -855/-1199/-1198 
f -859/-1203/-1202 -860/-1204/-1203 -870/-1214/-1213 
f -870/-1214/-1213 -871/-1215/-1214 -859/-1203/-1202 
f -852/-1196/-1195 -851/-1195/-1194 -853/-1197/-1196 
f -853/-1197/-1196 -854/-1198/-1197 -852/-1196/-1195 
f -850/-1194/-1193 -849/-1193/-1192 -857/-1201/-1200 
f -857/-1201/-1200 -858/-1202/-1201 -850/-1194/-1193 
f -848/-1192/-1191 -847/-1191/-1190 -846/-1190/-1189 
f -846/-1190/-1189 -845/-1189/-1188 -848/-1192/-1191 
f -845/-1188/-1187 -846/-1187/-1186 -844/-1186/-1185 
f -844/-1186/-1185 -843/-1185/-1184 -845/-1188/-1187 
f -844/-1186/-1185 -846/-1187/-1186 -842/-1184/-1183 
f -842/-1184/-1183 -841/-1183/-1182 -844/-1186/-1185 
f -847/-1191/-1190 -840/-1182/-1181 -842/-1181/-1180 
f -842/-1181/-1180 -846/-1190/-1189 -847/-1191/-1190 
f -843/-1185/-1184 -839/-1180/-1179 -838/-1179/-1178 
f -838/-1179/-1178 -845/-1188/-1187 -843/-1185/-1184 
f -845/-1189/-1188 -838/-1178/-1177 -837/-1177/-1176 
f -837/-1177/-1176 -848/-1192/-1191 -845/-1189/-1188 
f -866/-1176/-1175 -871/-1175/-1174 -872/-1174/-1173 
f -872/-1174/-1173 -865/-1173/-1172 -866/-1176/-1175 
f -861/-1172/-1171 -864/-1171/-1170 -865/-1173/-1172 
f -865/-1173/-1172 -872/-1174/-1173 -861/-1172/-1171 
f -856/-1170/-1169 -853/-1169/-1168 -858/-1168/-1167 
f -858/-1168/-1167 -859/-1167/-1166 -856/-1170/-1169 
f -871/-1175/-1174 -866/-1176/-1175 -856/-1170/-1169 
f -856/-1170/-1169 -859/-1167/-1166 -871/-1175/-1174 
f -858/-1168/-1167 -853/-1169/-1168 -851/-1166/-1165 
f -851/-1166/-1165 -850/-1165/-1164 -858/-1168/-1167 
f -967/-1389/-1388 -837/-1177/-1176 -838/-1178/-1177 
f -838/-1178/-1177 -966/-1388/-1387 -967/-1389/-1388 
f -966/-1387/-1386 -838/-1179/-1178 -839/-1180/-1179 
f -839/-1180/-1179 -965/-1386/-1385 -966/-1387/-1386 
f -836/-1164/-1163 -835/-1163/-1162 -869/-1162/-1161 
f -869/-1162/-1161 -870/-1161/-1160 -836/-1164/-1163 
f -834/-1160/-1159 -833/-1159/-1158 -867/-1158/-1157 
f -867/-1158/-1157 -868/-1157/-1156 -834/-1160/-1159 
f -832/-1156/-1155 -831/-1155/-1154 -863/-1154/-1153 
f -863/-1154/-1153 -864/-1153/-1152 -832/-1156/-1155 
f -831/-1152/-1151 -834/-1160/-1159 -868/-1157/-1156 
f -868/-1157/-1156 -863/-1151/-1150 -831/-1152/-1151 
f -830/-1150/-1149 -829/-1149/-1148 -861/-1148/-1147 
f -861/-1148/-1147 -862/-1147/-1146 -830/-1150/-1149 
f -835/-1163/-1162 -830/-1146/-1145 -862/-1145/-1144 
f -862/-1145/-1144 -869/-1162/-1161 -835/-1163/-1162 
f -828/-1144/-1143 -827/-1143/-1142 -860/-1142/-1141 
f -860/-1142/-1141 -857/-1141/-1140 -828/-1144/-1143 
f -826/-1140/-1139 -825/-1139/-1138 -854/-1138/-1137 
f -854/-1138/-1137 -855/-1137/-1136 -826/-1140/-1139 
f -833/-1159/-1158 -826/-1140/-1139 -855/-1137/-1136 
f -855/-1137/-1136 -867/-1158/-1157 -833/-1159/-1158 
f -827/-1143/-1142 -836/-1164/-1163 -870/-1161/-1160 
f -870/-1161/-1160 -860/-1142/-1141 -827/-1143/-1142 
f -824/-1136/-1135 -823/-1135/-1134 -849/-1134/-1133 
f -849/-1134/-1133 -840/-1133/-1132 -824/-1136/-1135 
f -822/-1132/-1131 -821/-1131/-1130 -841/-1130/-1129 
f -841/-1130/-1129 -852/-1129/-1128 -822/-1132/-1131 
f -825/-1139/-1138 -822/-1132/-1131 -852/-1129/-1128 
f -852/-1129/-1128 -854/-1138/-1137 -825/-1139/-1138 
f -823/-1135/-1134 -828/-1144/-1143 -857/-1141/-1140 
f -857/-1141/-1140 -849/-1134/-1133 -823/-1135/-1134 
f -820/-1128/-1127 -819/-1127/-1126 -847/-1126/-1125 
f -847/-1126/-1125 -848/-1125/-1124 -820/-1128/-1127 
f -818/-1124/-1123 -817/-1123/-1122 -843/-1122/-1121 
f -843/-1122/-1121 -844/-1121/-1120 -818/-1124/-1123 
f -821/-1131/-1130 -818/-1124/-1123 -844/-1121/-1120 
f -844/-1121/-1120 -841/-1130/-1129 -821/-1131/-1130 
f -819/-1127/-1126 -824/-1136/-1135 -840/-1133/-1132 
f -840/-1133/-1132 -847/-1126/-1125 -819/-1127/-1126 
f -817/-1123/-1122 -816/-1120/-1119 -839/-1119/-1118 
f -839/-1119/-1118 -843/-1122/-1121 -817/-1123/-1122 
f -815/-1118/-1117 -820/-1128/-1127 -848/-1125/-1124 
f -848/-1125/-1124 -837/-1117/-1116 -815/-1118/-1117 
f -829/-1149/-1148 -832/-1156/-1155 -864/-1153/-1152 
f -864/-1153/-1152 -861/-1148/-1147 -829/-1149/-1148 
f -942/-1337/-1336 -815/-1118/-1117 -837/-1117/-1116 
f -837/-1117/-1116 -967/-1336/-1335 -942/-1337/-1336 
f -816/-1120/-1119 -941/-1334/-1333 -965/-1335/-1334 
f -965/-1335/-1334 -839/-1119/-1118 -816/-1120/-1119 
f -919/-1116/-1115 -920/-1115/-1114 -833/-1159/-1158 
f -833/-1159/-1158 -834/-1160/-1159 -919/-1116/-1115 
f -917/-1114/-1113 -919/-1116/-1115 -834/-1160/-1159 
f -834/-1160/-1159 -831/-1152/-1151 -917/-1114/-1113 
f -916/-1113/-1112 -917/-1112/-1111 -831/-1155/-1154 
f -831/-1155/-1154 -832/-1156/-1155 -916/-1113/-1112 
f -918/-1262/-1261 -916/-1260/-1259 -832/-1111/-1110 
f -832/-1111/-1110 -814/-1110/-1109 -918/-1262/-1261 
f -921/-1265/-1264 -918/-1262/-1261 -814/-1110/-1109 
f -814/-1110/-1109 -813/-1109/-1108 -921/-1265/-1264 
f -907/-1251/-1250 -921/-1265/-1264 -813/-1109/-1108 
f -813/-1109/-1108 -812/-1108/-1107 -907/-1251/-1250 
f -906/-1250/-1249 -907/-1251/-1250 -812/-1108/-1107 
f -812/-1108/-1107 -811/-1107/-1106 -906/-1250/-1249 
f -899/-1243/-1242 -906/-1250/-1249 -811/-1107/-1106 
f -811/-1107/-1106 -810/-1106/-1105 -899/-1243/-1242 
f -898/-1242/-1241 -899/-1243/-1242 -810/-1106/-1105 
f -810/-1106/-1105 -809/-1105/-1104 -898/-1242/-1241 
f -892/-1236/-1235 -898/-1242/-1241 -809/-1105/-1104 
f -809/-1105/-1104 -808/-1104/-1103 -892/-1236/-1235 
f -891/-1235/-1234 -892/-1236/-1235 -808/-1104/-1103 
f -808/-1104/-1103 -807/-1103/-1102 -891/-1235/-1234 
f -889/-1233/-1232 -891/-1235/-1234 -807/-1103/-1102 
f -807/-1103/-1102 -806/-1102/-1101 -889/-1233/-1232 
f -1004/-1442/-1441 -889/-1233/-1232 -806/-1102/-1101 
f -806/-1102/-1101 -931/-1318/-1317 -1004/-1442/-1441 
f -888/-1101/-1100 -1005/-1316/-1315 -941/-1334/-1333 
f -941/-1334/-1333 -816/-1120/-1119 -888/-1101/-1100 
f -890/-1100/-1099 -888/-1101/-1100 -816/-1120/-1119 
f -816/-1120/-1119 -817/-1123/-1122 -890/-1100/-1099 
f -893/-1099/-1098 -890/-1100/-1099 -817/-1123/-1122 
f -817/-1123/-1122 -818/-1124/-1123 -893/-1099/-1098 
f -901/-1098/-1097 -893/-1099/-1098 -818/-1124/-1123 
f -818/-1124/-1123 -821/-1131/-1130 -901/-1098/-1097 
f -900/-1097/-1096 -901/-1098/-1097 -821/-1131/-1130 
f -821/-1131/-1130 -822/-1132/-1131 -900/-1097/-1096 
f -909/-1096/-1095 -900/-1097/-1096 -822/-1132/-1131 
f -822/-1132/-1131 -825/-1139/-1138 -909/-1096/-1095 
f -908/-1095/-1094 -909/-1096/-1095 -825/-1139/-1138 
f -825/-1139/-1138 -826/-1140/-1139 -908/-1095/-1094 
f -920/-1115/-1114 -908/-1095/-1094 -826/-1140/-1139 
f -826/-1140/-1139 -833/-1159/-1158 -920/-1115/-1114 
f -923/-1267/-1266 -924/-1268/-1267 -805/-1094/-1093 
f -805/-1094/-1093 -804/-1093/-1092 -923/-1267/-1266 
f -915/-1259/-1258 -923/-1267/-1266 -804/-1093/-1092 
f -804/-1093/-1092 -829/-1092/-1091 -915/-1259/-1258 
f -914/-1091/-1090 -915/-1090/-1089 -829/-1149/-1148 
f -829/-1149/-1148 -830/-1150/-1149 -914/-1091/-1090 
f -922/-1089/-1088 -914/-1088/-1087 -830/-1146/-1145 
f -830/-1146/-1145 -835/-1163/-1162 -922/-1089/-1088 
f -925/-1087/-1086 -922/-1089/-1088 -835/-1163/-1162 
f -835/-1163/-1162 -836/-1164/-1163 -925/-1087/-1086 
f -911/-1086/-1085 -925/-1087/-1086 -836/-1164/-1163 
f -836/-1164/-1163 -827/-1143/-1142 -911/-1086/-1085 
f -910/-1085/-1084 -911/-1086/-1085 -827/-1143/-1142 
f -827/-1143/-1142 -828/-1144/-1143 -910/-1085/-1084 
f -903/-1084/-1083 -910/-1085/-1084 -828/-1144/-1143 
f -828/-1144/-1143 -823/-1135/-1134 -903/-1084/-1083 
f -902/-1083/-1082 -903/-1084/-1083 -823/-1135/-1134 
f -823/-1135/-1134 -824/-1136/-1135 -902/-1083/-1082 
f -896/-1082/-1081 -902/-1083/-1082 -824/-1136/-1135 
f -824/-1136/-1135 -819/-1127/-1126 -896/-1082/-1081 
f -895/-1081/-1080 -896/-1082/-1081 -819/-1127/-1126 
f -819/-1127/-1126 -820/-1128/-1127 -895/-1081/-1080 
f -887/-1080/-1079 -895/-1081/-1080 -820/-1128/-1127 
f -820/-1128/-1127 -815/-1118/-1117 -887/-1080/-1079 
f -1006/-1294/-1293 -887/-1080/-1079 -815/-1118/-1117 
f -815/-1118/-1117 -942/-1337/-1336 -1006/-1294/-1293 
f -886/-1230/-1229 -1007/-1445/-1444 -931/-1292/-1291 
f -931/-1292/-1291 -806/-1079/-1078 -886/-1230/-1229 
f -894/-1238/-1237 -886/-1230/-1229 -806/-1079/-1078 
f -806/-1079/-1078 -807/-1078/-1077 -894/-1238/-1237 
f -897/-1241/-1240 -894/-1238/-1237 -807/-1078/-1077 
f -807/-1078/-1077 -808/-1077/-1076 -897/-1241/-1240 
f -905/-1249/-1248 -897/-1241/-1240 -808/-1077/-1076 
f -808/-1077/-1076 -809/-1076/-1075 -905/-1249/-1248 
f -904/-1248/-1247 -905/-1249/-1248 -809/-1076/-1075 
f -809/-1076/-1075 -803/-1075/-1074 -904/-1248/-1247 
f -913/-1257/-1256 -904/-1248/-1247 -803/-1075/-1074 
f -803/-1075/-1074 -802/-1074/-1073 -913/-1257/-1256 
f -912/-1256/-1255 -913/-1257/-1256 -802/-1074/-1073 
f -802/-1074/-1073 -801/-1073/-1072 -912/-1256/-1255 
f -924/-1268/-1267 -912/-1256/-1255 -801/-1073/-1072 
f -801/-1073/-1072 -805/-1094/-1093 -924/-1268/-1267 
f -884/-1228/-1227 -885/-1229/-1228 -804/-1072/-1071 
f -804/-1072/-1071 -805/-1071/-1070 -884/-1228/-1227 
f -876/-1220/-1219 -884/-1228/-1227 -805/-1071/-1070 
f -805/-1071/-1070 -801/-1070/-1069 -876/-1220/-1219 
f -879/-1223/-1222 -876/-1220/-1219 -801/-1070/-1069 
f -801/-1070/-1069 -802/-1069/-1068 -879/-1223/-1222 
f -875/-1219/-1218 -879/-1223/-1222 -802/-1069/-1068 
f -802/-1069/-1068 -803/-1068/-1067 -875/-1219/-1218 
f -874/-1218/-1217 -875/-1219/-1218 -803/-1068/-1067 
f -803/-1068/-1067 -809/-1067/-1066 -874/-1218/-1217 
f -873/-1217/-1216 -874/-1218/-1217 -809/-1067/-1066 
f -809/-1067/-1066 -810/-1066/-1065 -873/-1217/-1216 
f -878/-1222/-1221 -873/-1217/-1216 -810/-1066/-1065 
f -810/-1066/-1065 -811/-1065/-1064 -878/-1222/-1221 
f -877/-1221/-1220 -878/-1222/-1221 -811/-1065/-1064 
f -811/-1065/-1064 -812/-1064/-1063 -877/-1221/-1220 
f -883/-1227/-1226 -877/-1221/-1220 -812/-1064/-1063 
f -812/-1064/-1063 -813/-1063/-1062 -883/-1227/-1226 
f -882/-1226/-1225 -883/-1227/-1226 -813/-1063/-1062 
f -813/-1063/-1062 -814/-1062/-1061 -882/-1226/-1225 
f -881/-1225/-1224 -882/-1226/-1225 -814/-1062/-1061 
f -814/-1062/-1061 -832/-1061/-1060 -881/-1225/-1224 
f -880/-1060/-1059 -881/-1059/-1058 -832/-1156/-1155 
f -832/-1156/-1155 -829/-1149/-1148 -880/-1060/-1059 
f -885/-1229/-1228 -880/-1224/-1223 -829/-1058/-1057 
f -829/-1058/-1057 -804/-1072/-1071 -885/-1229/-1228 
f -842/-1181/-1180 -840/-1182/-1181 -849/-1193/-1192 
f -849/-1193/-1192 -850/-1194/-1193 -842/-1181/-1180 
f -841/-1183/-1182 -842/-1184/-1183 -851/-1195/-1194 
f -851/-1195/-1194 -852/-1196/-1195 -841/-1183/-1182 
f -851/-1166/-1165 -842/-1057/-1056 -850/-1165/-1164 
f -800/-1056/-1055 -799/-1055/-1054 -798/-1054/-1053 
f -798/-1054/-1053 -797/-1053/-1052 -800/-1056/-1055 
f -800/-1056/-1055 -797/-1053/-1052 -796/-1052/-1051 
f -796/-1052/-1051 -795/-1051/-1050 -800/-1056/-1055 
f -800/-1056/-1055 -795/-1051/-1050 -794/-1050/-1049 
f -794/-1050/-1049 -793/-1049/-1048 -800/-1056/-1055 
f -800/-1056/-1055 -793/-1049/-1048 -792/-1048/-1047 
f -792/-1048/-1047 -799/-1055/-1054 -800/-1056/-1055 
f -799/-1055/-1054 -791/-1047/-1046 -790/-1046/-1045 
f -790/-1046/-1045 -798/-1054/-1053 -799/-1055/-1054 
f -798/-1054/-1053 -790/-1046/-1045 -789/-1045/-1044 
f -789/-1045/-1044 -797/-1053/-1052 -798/-1054/-1053 
f -797/-1053/-1052 -789/-1045/-1044 -788/-1044/-1043 
f -788/-1044/-1043 -796/-1052/-1051 -797/-1053/-1052 
f -796/-1052/-1051 -788/-1044/-1043 -787/-1043/-1042 
f -787/-1043/-1042 -795/-1051/-1050 -796/-1052/-1051 
f -795/-1051/-1050 -787/-1043/-1042 -786/-1042/-1041 
f -786/-1042/-1041 -794/-1050/-1049 -795/-1051/-1050 
f -794/-1050/-1049 -786/-1042/-1041 -785/-1041/-1040 
f -785/-1041/-1040 -793/-1049/-1048 -794/-1050/-1049 
f -793/-1049/-1048 -785/-1041/-1040 -784/-1040/-1039 
f -784/-1040/-1039 -792/-1048/-1047 -793/-1049/-1048 
f -792/-1048/-1047 -784/-1040/-1039 -791/-1047/-1046 
f -791/-1047/-1046 -799/-1055/-1054 -792/-1048/-1047 
f -783/-1039/-1038 -782/-1038/-1037 -790/-1037/-1036 
f -790/-1037/-1036 -791/-1036/-1035 -783/-1039/-1038 
f -782/-1038/-1037 -781/-1035/-1034 -789/-1034/-1033 
f -789/-1034/-1033 -790/-1037/-1036 -782/-1038/-1037 
f -781/-1035/-1034 -780/-1033/-1032 -788/-1032/-1031 
f -788/-1032/-1031 -789/-1034/-1033 -781/-1035/-1034 
f -780/-1033/-1032 -779/-1031/-1030 -787/-1030/-1029 
f -787/-1030/-1029 -788/-1032/-1031 -780/-1033/-1032 
f -779/-1031/-1030 -778/-1029/-1028 -786/-1028/-1027 
f -786/-1028/-1027 -787/-1030/-1029 -779/-1031/-1030 
f -778/-1029/-1028 -777/-1027/-1026 -785/-1026/-1025 
f -785/-1026/-1025 -786/-1028/-1027 -778/-1029/-1028 
f -777/-1027/-1026 -776/-1025/-1024 -784/-1024/-1023 
f -784/-1024/-1023 -785/-1026/-1025 -777/-1027/-1026 
f -776/-1025/-1024 -783/-1039/-1038 -791/-1036/-1035 
f -791/-1036/-1035 -784/-1024/-1023 -776/-1025/-1024 
f -782/-1038/-1037 -779/-1031/-1030 -780/-1033/-1032 
f -780/-1033/-1032 -781/-1035/-1034 -782/-1038/-1037 
f -783/-1039/-1038 -778/-1029/-1028 -779/-1031/-1030 
f -779/-1031/-1030 -782/-1038/-1037 -783/-1039/-1038 
f -776/-1025/-1024 -777/-1027/-1026 -778/-1029/-1028 
f -778/-1029/-1028 -783/-1039/-1038 -776/-1025/-1024 
f -775/-1023/-1022 -774/-1022/-1021 -773/-1021/-1020 
f -773/-1021/-1020 -772/-1020/-1019 -775/-1023/-1022 
f -775/-1023/-1022 -772/-1020/-1019 -771/-1019/-1018 
f -771/-1019/-1018 -770/-1018/-1017 -775/-1023/-1022 
f -775/-1023/-1022 -770/-1018/-1017 -769/-1017/-1016 
f -769/-1017/-1016 -768/-1016/-1015 -775/-1023/-1022 
f -775/-1023/-1022 -768/-1016/-1015 -767/-1015/-1014 
f -767/-1015/-1014 -774/-1022/-1021 -775/-1023/-1022 
f -774/-1022/-1021 -766/-1014/-1013 -765/-1013/-1012 
f -765/-1013/-1012 -773/-1021/-1020 -774/-1022/-1021 
f -773/-1021/-1020 -765/-1013/-1012 -764/-1012/-1011 
f -764/-1012/-1011 -772/-1020/-1019 -773/-1021/-1020 
f -772/-1020/-1019 -764/-1012/-1011 -763/-1011/-1010 
f -763/-1011/-1010 -771/-1019/-1018 -772/-1020/-1019 
f -771/-1019/-1018 -763/-1011/-1010 -762/-1010/-1009 
f -762/-1010/-1009 -770/-1018/-1017 -771/-1019/-1018 
f -770/-1018/-1017 -762/-1010/-1009 -761/-1009/-1008 
f -761/-1009/-1008 -769/-1017/-1016 -770/-1018/-1017 
f -769/-1017/-1016 -761/-1009/-1008 -760/-1008/-1007 
f -760/-1008/-1007 -768/-1016/-1015 -769/-1017/-1016 
f -768/-1016/-1015 -760/-1008/-1007 -759/-1007/-1006 
f -759/-1007/-1006 -767/-1015/-1014 -768/-1016/-1015 
f -767/-1015/-1014 -759/-1007/-1006 -766/-1014/-1013 
f -766/-1014/-1013 -774/-1022/-1021 -767/-1015/-1014 
f -758/-1006/-1005 -757/-1005/-1004 -765/-1004/-1003 
f -765/-1004/-1003 -766/-1003/-1002 -758/-1006/-1005 
f -757/-1005/-1004 -756/-1002/-1001 -764/-1001/-1000 
f -764/-1001/-1000 -765/-1004/-1003 -757/-1005/-1004 
f -756/-1002/-1001 -755/-1000/-999 -763/-999/-998 
f -763/-999/-998 -764/-1001/-1000 -756/-1002/-1001 
f -755/-1000/-999 -754/-998/-997 -762/-997/-996 
f -762/-997/-996 -763/-999/-998 -755/-1000/-999 
f -754/-998/-997 -753/-996/-995 -761/-995/-994 
f -761/-995/-994 -762/-997/-996 -754/-998/-997 
f -753/-996/-995 -752/-994/-993 -760/-993/-992 
f -760/-993/-992 -761/-995/-994 -753/-996/-995 
f -752/-994/-993 -751/-992/-991 -759/-991/-990 
f -759/-991/-990 -760/-993/-992 -752/-994/-993 
f -751/-992/-991 -758/-1006/-1005 -766/-1003/-1002 
f -766/-1003/-1002 -759/-991/-990 -751/-992/-991 
f -757/-1005/-1004 -754/-998/-997 -755/-1000/-999 
f -755/-1000/-999 -756/-1002/-1001 -757/-1005/-1004 
f -758/-1006/-1005 -753/-996/-995 -754/-998/-997 
f -754/-998/-997 -757/-1005/-1004 -758/-1006/-1005 
f -751/-992/-991 -752/-994/-993 -753/-996/-995 
f -753/-996/-995 -758/-1006/-1005 -751/-992/-991 
f -750/-990/-989 -749/-989/-988 -748/-988/-987 
f -748/-988/-987 -747/-987/-986 -750/-990/-989 
f -750/-990/-989 -747/-987/-986 -746/-986/-985 
f -746/-986/-985 -745/-985/-984 -750/-990/-989 
f -750/-990/-989 -745/-985/-984 -744/-984/-983 
f -744/-984/-983 -743/-983/-982 -750/-990/-989 
f -750/-990/-989 -743/-983/-982 -742/-982/-981 
f -742/-982/-981 -749/-989/-988 -750/-990/-989 
f -749/-989/-988 -741/-981/-980 -740/-980/-979 
f -740/-980/-979 -748/-988/-987 -749/-989/-988 
f -748/-988/-987 -740/-980/-979 -739/-979/-978 
f -739/-979/-978 -747/-987/-986 -748/-988/-987 
f -747/-987/-986 -739/-979/-978 -738/-978/-977 
f -738/-978/-977 -746/-986/-985 -747/-987/-986 
f -746/-986/-985 -738/-978/-977 -737/-977/-976 
f -737/-977/-976 -745/-985/-984 -746/-986/-985 
f -745/-985/-984 -737/-977/-976 -736/-976/-975 
f -736/-976/-975 -744/-984/-983 -745/-985/-984 
f -744/-984/-983 -736/-976/-975 -735/-975/-974 
f -735/-975/-974 -743/-983/-982 -744/-984/-983 
f -743/-983/-982 -735/-975/-974 -734/-974/-973 
f -734/-974/-973 -742/-982/-981 -743/-983/-982 
f -742/-982/-981 -734/-974/-973 -741/-981/-980 
f -741/-981/-980 -749/-989/-988 -742/-982/-981 
f -733/-973/-972 -732/-972/-971 -740/-971/-970 
f -740/-971/-970 -741/-970/-969 -733/-973/-972 
f -732/-972/-971 -731/-969/-968 -739/-968/-967 
f -739/-968/-967 -740/-971/-970 -732/-972/-971 
f -731/-969/-968 -730/-967/-966 -738/-966/-965 
f -738/-966/-965 -739/-968/-967 -731/-969/-968 
f -730/-967/-966 -729/-965/-964 -737/-964/-963 
f -737/-964/-963 -738/-966/-965 -730/-967/-966 
f -729/-965/-964 -728/-963/-962 -736/-962/-961 
f -736/-962/-961 -737/-964/-963 -729/-965/-964 
f -728/-963/-962 -727/-961/-960 -735/-960/-959 
f -735/-960/-959 -736/-962/-961 -728/-963/-962 
f -727/-961/-960 -726/-959/-958 -734/-958/-957 
f -734/-958/-957 -735/-960/-959 -727/-961/-960 
f -726/-959/-958 -733/-973/-972 -741/-970/-969 
f -741/-970/-969 -734/-958/-957 -726/-959/-958 
f -732/-972/-971 -729/-965/-964 -730/-967/-966 
f -730/-967/-966 -731/-969/-968 -732/-972/-971 
f -733/-973/-972 -728/-963/-962 -729/-965/-964 
f -729/-965/-964 -732/-972/-971 -733/-973/-972 
f -726/-959/-958 -727/-961/-960 -728/-963/-962 
f -728/-963/-962 -733/-973/-972 -726/-959/-958 
f -725/-957/-956 -724/-956/-955 -723/-955/-954 
f -723/-955/-954 -722/-954/-953 -725/-957/-956 
f -725/-957/-956 -722/-954/-953 -721/-953/-952 
f -721/-953/-952 -720/-952/-951 -725/-957/-956 
f -725/-957/-956 -720/-952/-951 -719/-951/-950 
f -719/-951/-950 -718/-950/-949 -725/-957/-956 
f -725/-957/-956 -718/-950/-949 -717/-949/-948 
f -717/-949/-948 -724/-956/-955 -725/-957/-956 
f -724/-956/-955 -716/-948/-947 -715/-947/-946 
f -715/-947/-946 -723/-955/-954 -724/-956/-955 
f -723/-955/-954 -715/-947/-946 -714/-946/-945 
f -714/-946/-945 -722/-954/-953 -723/-955/-954 
f -722/-954/-953 -714/-946/-945 -713/-945/-944 
f -713/-945/-944 -721/-953/-952 -722/-954/-953 
f -721/-953/-952 -713/-945/-944 -712/-944/-943 
f -712/-944/-943 -720/-952/-951 -721/-953/-952 
f -720/-952/-951 -712/-944/-943 -711/-943/-942 
f -711/-943/-942 -719/-951/-950 -720/-952/-951 
f -719/-951/-950 -711/-943/-942 -710/-942/-941 
f -710/-942/-941 -718/-950/-949 -719/-951/-950 
f -718/-950/-949 -710/-942/-941 -709/-941/-940 
f -709/-941/-940 -717/-949/-948 -718/-950/-949 
f -717/-949/-948 -709/-941/-940 -716/-948/-947 
f -716/-948/-947 -724/-956/-955 -717/-949/-948 
f -708/-940/-939 -707/-939/-938 -715/-938/-937 
f -715/-938/-937 -716/-937/-936 -708/-940/-939 
f -707/-939/-938 -706/-936/-935 -714/-935/-934 
f -714/-935/-934 -715/-938/-937 -707/-939/-938 
f -706/-936/-935 -705/-934/-933 -713/-933/-932 
f -713/-933/-932 -714/-935/-934 -706/-936/-935 
f -705/-934/-933 -704/-932/-931 -712/-931/-930 
f -712/-931/-930 -713/-933/-932 -705/-934/-933 
f -704/-932/-931 -703/-930/-929 -711/-929/-928 
f -711/-929/-928 -712/-931/-930 -704/-932/-931 
f -703/-930/-929 -702/-928/-927 -710/-927/-926 
f -710/-927/-926 -711/-929/-928 -703/-930/-929 
f -702/-928/-927 -701/-926/-925 -709/-925/-924 
f -709/-925/-924 -710/-927/-926 -702/-928/-927 
f -701/-926/-925 -708/-940/-939 -716/-937/-936 
f -716/-937/-936 -709/-925/-924 -701/-926/-925 
f -707/-939/-938 -704/-932/-931 -705/-934/-933 
f -705/-934/-933 -706/-936/-935 -707/-939/-938 
f -708/-940/-939 -703/-930/-929 -704/-932/-931 
f -704/-932/-931 -707/-939/-938 -708/-940/-939 
f -701/-926/-925 -702/-928/-927 -703/-930/-929 
f -703/-930/-929 -708/-940/-939 -701/-926/-925 
f -700/-924/-923 -699/-923/-922 -698/-922/-921 
f -698/-922/-921 -697/-921/-920 -700/-924/-923 
f -700/-924/-923 -697/-921/-920 -696/-920/-919 
f -696/-920/-919 -695/-919/-918 -700/-924/-923 
f -700/-924/-923 -695/-919/-918 -694/-918/-917 
f -694/-918/-917 -693/-917/-916 -700/-924/-923 
f -700/-924/-923 -693/-917/-916 -692/-916/-915 
f -692/-916/-915 -699/-923/-922 -700/-924/-923 
f -699/-923/-922 -691/-915/-914 -690/-914/-913 
f -690/-914/-913 -698/-922/-921 -699/-923/-922 
f -698/-922/-921 -690/-914/-913 -689/-913/-912 
f -689/-913/-912 -697/-921/-920 -698/-922/-921 
f -697/-921/-920 -689/-913/-912 -688/-912/-911 
f -688/-912/-911 -696/-920/-919 -697/-921/-920 
f -696/-920/-919 -688/-912/-911 -687/-911/-910 
f -687/-911/-910 -695/-919/-918 -696/-920/-919 
f -695/-919/-918 -687/-911/-910 -686/-910/-909 
f -686/-910/-909 -694/-918/-917 -695/-919/-918 
f -694/-918/-917 -686/-910/-909 -685/-909/-908 
f -685/-909/-908 -693/-917/-916 -694/-918/-917 
f -693/-917/-916 -685/-909/-908 -684/-908/-907 
f -684/-908/-907 -692/-916/-915 -693/-917/-916 
f -692/-916/-915 -684/-908/-907 -691/-915/-914 
f -691/-915/-914 -699/-923/-922 -692/-916/-915 
f -683/-907/-906 -682/-906/-905 -690/-905/-904 
f -690/-905/-904 -691/-904/-903 -683/-907/-906 
f -682/-906/-905 -681/-903/-902 -689/-902/-901 
f -689/-902/-901 -690/-905/-904 -682/-906/-905 
f -681/-903/-902 -680/-901/-900 -688/-900/-899 
f -688/-900/-899 -689/-902/-901 -681/-903/-902 
f -680/-901/-900 -679/-899/-898 -687/-898/-897 
f -687/-898/-897 -688/-900/-899 -680/-901/-900 
f -679/-899/-898 -678/-897/-896 -686/-896/-895 
f -686/-896/-895 -687/-898/-897 -679/-899/-898 
f -678/-897/-896 -677/-895/-894 -685/-894/-893 
f -685/-894/-893 -686/-896/-895 -678/-897/-896 
f -677/-895/-894 -676/-893/-892 -684/-892/-891 
f -684/-892/-891 -685/-894/-893 -677/-895/-894 
f -676/-893/-892 -683/-907/-906 -691/-904/-903 
f -691/-904/-903 -684/-892/-891 -676/-893/-892 
f -682/-906/-905 -679/-899/-898 -680/-901/-900 
f -680/-901/-900 -681/-903/-902 -682/-906/-905 
f -683/-907/-906 -678/-897/-896 -679/-899/-898 
f -679/-899/-898 -682/-906/-905 -683/-907/-906 
f -676/-893/-892 -677/-895/-894 -678/-897/-896 
f -678/-897/-896 -683/-907/-906 -676/-893/-892 
f -675/-891/-890 -674/-890/-889 -673/-889/-888 
f -673/-889/-888 -672/-888/-887 -675/-891/-890 
f -675/-891/-890 -672/-888/-887 -671/-887/-886 
f -671/-887/-886 -670/-886/-885 -675/-891/-890 
f -675/-891/-890 -670/-886/-885 -669/-885/-884 
f -669/-885/-884 -668/-884/-883 -675/-891/-890 
f -675/-891/-890 -668/-884/-883 -667/-883/-882 
f -667/-883/-882 -674/-890/-889 -675/-891/-890 
f -674/-890/-889 -666/-882/-881 -665/-881/-880 
f -665/-881/-880 -673/-889/-888 -674/-890/-889 
f -673/-889/-888 -665/-881/-880 -664/-880/-879 
f -664/-880/-879 -672/-888/-887 -673/-889/-888 
f -672/-888/-887 -664/-880/-879 -663/-879/-878 
f -663/-879/-878 -671/-887/-886 -672/-888/-887 
f -671/-887/-886 -663/-879/-878 -662/-878/-877 
f -662/-878/-877 -670/-886/-885 -671/-887/-886 
f -670/-886/-885 -662/-878/-877 -661/-877/-876 
f -661/-877/-876 -669/-885/-884 -670/-886/-885 
f -669/-885/-884 -661/-877/-876 -660/-876/-875 
f -660/-876/-875 -668/-884/-883 -669/-885/-884 
f -668/-884/-883 -660/-876/-875 -659/-875/-874 
f -659/-875/-874 -667/-883/-882 -668/-884/-883 
f -667/-883/-882 -659/-875/-874 -666/-882/-881 
f -666/-882/-881 -674/-890/-889 -667/-883/-882 
f -658/-874/-873 -657/-873/-872 -665/-872/-871 
f -665/-872/-871 -666/-871/-870 -658/-874/-873 
f -657/-873/-872 -656/-870/-869 -664/-869/-868 
f -664/-869/-868 -665/-872/-871 -657/-873/-872 
f -656/-870/-869 -655/-868/-867 -663/-867/-866 
f -663/-867/-866 -664/-869/-868 -656/-870/-869 
f -655/-868/-867 -654/-866/-865 -662/-865/-864 
f -662/-865/-864 -663/-867/-866 -655/-868/-867 
f -654/-866/-865 -653/-864/-863 -661/-863/-862 
f -661/-863/-862 -662/-865/-864 -654/-866/-865 
f -653/-864/-863 -652/-862/-861 -660/-861/-860 
f -660/-861/-860 -661/-863/-862 -653/-864/-863 
f -652/-862/-861 -651/-860/-859 -659/-859/-858 
f -659/-859/-858 -660/-861/-860 -652/-862/-861 
f -651/-860/-859 -658/-874/-873 -666/-871/-870 
f -666/-871/-870 -659/-859/-858 -651/-860/-859 
f -657/-873/-872 -654/-866/-865 -655/-868/-867 
f -655/-868/-867 -656/-870/-869 -657/-873/-872 
f -658/-874/-873 -653/-864/-863 -654/-866/-865 
f -654/-866/-865 -657/-873/-872 -658/-874/-873 
f -651/-860/-859 -652/-862/-861 -653/-864/-863 
f -653/-864/-863 -658/-874/-873 -651/-860/-859 
f -650/-858/-857 -649/-857/-856 -648/-856/-855 
f -648/-856/-855 -647/-855/-854 -650/-858/-857 
f -650/-858/-857 -647/-855/-854 -646/-854/-853 
f -646/-854/-853 -645/-853/-852 -650/-858/-857 
f -650/-858/-857 -645/-853/-852 -644/-852/-851 
f -644/-852/-851 -643/-851/-850 -650/-858/-857 
f -650/-858/-857 -643/-851/-850 -642/-850/-849 
f -642/-850/-849 -649/-857/-856 -650/-858/-857 
f -649/-857/-856 -641/-849/-848 -640/-848/-847 
f -640/-848/-847 -648/-856/-855 -649/-857/-856 
f -648/-856/-855 -640/-848/-847 -639/-847/-846 
f -639/-847/-846 -647/-855/-854 -648/-856/-855 
f -647/-855/-854 -639/-847/-846 -638/-846/-845 
f -638/-846/-845 -646/-854/-853 -647/-855/-854 
f -646/-854/-853 -638/-846/-845 -637/-845/-844 
f -637/-845/-844 -645/-853/-852 -646/-854/-853 
f -645/-853/-852 -637/-845/-844 -636/-844/-843 
f -636/-844/-843 -644/-852/-851 -645/-853/-852 
f -644/-852/-851 -636/-844/-843 -635/-843/-842 
f -635/-843/-842 -643/-851/-850 -644/-852/-851 
f -643/-851/-850 -635/-843/-842 -634/-842/-841 
f -634/-842/-841 -642/-850/-849 -643/-851/-850 
f -642/-850/-849 -634/-842/-841 -641/-849/-848 
f -641/-849/-848 -649/-857/-856 -642/-850/-849 
f -633/-841/-840 -632/-840/-839 -640/-839/-838 
f -640/-839/-838 -641/-838/-837 -633/-841/-840 
f -632/-840/-839 -631/-837/-836 -639/-836/-835 
f -639/-836/-835 -640/-839/-838 -632/-840/-839 
f -631/-837/-836 -630/-835/-834 -638/-834/-833 
f -638/-834/-833 -639/-836/-835 -631/-837/-836 
f -630/-835/-834 -629/-833/-832 -637/-832/-831 
f -637/-832/-831 -638/-834/-833 -630/-835/-834 
f -629/-833/-832 -628/-831/-830 -636/-830/-829 
f -636/-830/-829 -637/-832/-831 -629/-833/-832 
f -628/-831/-830 -627/-829/-828 -635/-828/-827 
f -635/-828/-827 -636/-830/-829 -628/-831/-830 
f -627/-829/-828 -626/-827/-826 -634/-826/-832 
f -634/-826/-832 -635/-828/-827 -627/-829/-828 
f -626/-827/-826 -633/-841/-840 -641/-838/-837 
f -641/-838/-837 -634/-826/-832 -626/-827/-826 
f -632/-840/-839 -629/-833/-832 -630/-835/-834 
f -630/-835/-834 -631/-837/-836 -632/-840/-839 
f -633/-841/-840 -628/-831/-830 -629/-833/-832 
f -629/-833/-832 -632/-840/-839 -633/-841/-840 
f -626/-827/-826 -627/-829/-828 -628/-831/-830 
f -628/-831/-830 -633/-841/-840 -626/-827/-826 
f -625/-825/-825 -624/-824/-824 -623/-823/-823 
f -623/-823/-823 -622/-822/-822 -625/-825/-825 
f -625/-825/-825 -622/-822/-822 -621/-821/-821 
f -621/-821/-821 -620/-820/-820 -625/-825/-825 
f -625/-825/-825 -620/-820/-820 -619/-819/-819 
f -619/-819/-819 -618/-818/-818 -625/-825/-825 
f -625/-825/-825 -618/-818/-818 -617/-817/-817 
f -617/-817/-817 -624/-824/-824 -625/-825/-825 
f -624/-824/-824 -616/-816/-816 -615/-815/-815 
f -615/-815/-815 -623/-823/-823 -624/-824/-824 
f -623/-823/-823 -615/-815/-815 -614/-814/-814 
f -614/-814/-814 -622/-822/-822 -623/-823/-823 
f -622/-822/-822 -614/-814/-814 -613/-813/-813 
f -613/-813/-813 -621/-821/-821 -622/-822/-822 
f -621/-821/-821 -613/-813/-813 -612/-812/-812 
f -612/-812/-812 -620/-820/-820 -621/-821/-821 
f -620/-820/-820 -612/-812/-812 -611/-811/-811 
f -611/-811/-811 -619/-819/-819 -620/-820/-820 
f -619/-819/-819 -611/-811/-811 -610/-810/-810 
f -610/-810/-810 -618/-818/-818 -619/-819/-819 
f -618/-818/-818 -610/-810/-810 -609/-809/-809 
f -609/-809/-809 -617/-817/-817 -618/-818/-818 
f -617/-817/-817 -609/-809/-809 -616/-816/-816 
f -616/-816/-816 -624/-824/-824 -617/-817/-817 
f -608/-808/-808 -607/-807/-807 -615/-806/-806 
f -615/-806/-806 -616/-805/-805 -608/-808/-808 
f -607/-807/-807 -606/-804/-804 -614/-803/-803 
f -614/-803/-803 -615/-806/-806 -607/-807/-807 
f -606/-804/-804 -605/-802/-802 -613/-801/-801 
f -613/-801/-801 -614/-803/-803 -606/-804/-804 
f -605/-802/-802 -604/-800/-800 -612/-799/-799 
f -612/-799/-799 -613/-801/-801 -605/-802/-802 
f -604/-800/-800 -603/-798/-798 -611/-797/-797 
f -611/-797/-797 -612/-799/-799 -604/-800/-800 
f -603/-798/-798 -602/-796/-796 -610/-795/-795 
f -610/-795/-795 -611/-797/-797 -603/-798/-798 
f -602/-796/-796 -601/-794/-794 -609/-793/-793 
f -609/-793/-793 -610/-795/-795 -602/-796/-796 
f -601/-794/-794 -608/-808/-808 -616/-805/-805 
f -616/-805/-805 -609/-793/-793 -601/-794/-794 
f -607/-807/-807 -604/-800/-800 -605/-802/-802 
f -605/-802/-802 -606/-804/-804 -607/-807/-807 
f -608/-808/-808 -603/-798/-798 -604/-800/-800 
f -604/-800/-800 -607/-807/-807 -608/-808/-808 
f -601/-794/-794 -602/-796/-796 -603/-798/-798 
f -603/-798/-798 -608/-808/-808 -601/-794/-794 
f -600/-792/-792 -599/-791/-791 -598/-790/-790 
f -598/-790/-790 -597/-789/-789 -600/-792/-792 
f -600/-792/-792 -597/-789/-789 -596/-788/-788 
f -596/-788/-788 -595/-787/-787 -600/-792/-792 
f -600/-792/-792 -595/-787/-787 -594/-786/-786 
f -594/-786/-786 -593/-785/-785 -600/-792/-792 
f -600/-792/-792 -593/-785/-785 -592/-784/-784 
f -592/-784/-784 -599/-791/-791 -600/-792/-792 
f -599/-791/-791 -591/-783/-783 -590/-782/-782 
f -590/-782/-782 -598/-790/-790 -599/-791/-791 
f -598/-790/-790 -590/-782/-782 -589/-781/-781 
f -589/-781/-781 -597/-789/-789 -598/-790/-790 
f -597/-789/-789 -589/-781/-781 -588/-780/-780 
f -588/-780/-780 -596/-788/-788 -597/-789/-789 
f -596/-788/-788 -588/-780/-780 -587/-779/-779 
f -587/-779/-779 -595/-787/-787 -596/-788/-788 
f -595/-787/-787 -587/-779/-779 -586/-778/-778 
f -586/-778/-778 -594/-786/-786 -595/-787/-787 
f -594/-786/-786 -586/-778/-778 -585/-777/-777 
f -585/-777/-777 -593/-785/-785 -594/-786/-786 
f -593/-785/-785 -585/-777/-777 -584/-776/-776 
f -584/-776/-776 -592/-784/-784 -593/-785/-785 
f -592/-784/-784 -584/-776/-776 -591/-783/-783 
f -591/-783/-783 -599/-791/-791 -592/-784/-784 
f -583/-775/-775 -582/-774/-774 -590/-773/-773 
f -590/-773/-773 -591/-772/-772 -583/-775/-775 
f -582/-774/-774 -581/-771/-771 -589/-770/-770 
f -589/-770/-770 -590/-773/-773 -582/-774/-774 
f -581/-771/-771 -580/-769/-769 -588/-768/-768 
f -588/-768/-768 -589/-770/-770 -581/-771/-771 
f -580/-769/-769 -579/-767/-767 -587/-766/-766 
f -587/-766/-766 -588/-768/-768 -580/-769/-769 
f -579/-767/-767 -578/-765/-765 -586/-764/-764 
f -586/-764/-764 -587/-766/-766 -579/-767/-767 
f -578/-765/-765 -577/-763/-763 -585/-762/-762 
f -585/-762/-762 -586/-764/-764 -578/-765/-765 
f -577/-763/-763 -576/-761/-761 -584/-760/-760 
f -584/-760/-760 -585/-762/-762 -577/-763/-763 
f -576/-761/-761 -583/-775/-775 -591/-772/-772 
f -591/-772/-772 -584/-760/-760 -576/-761/-761 
f -582/-774/-774 -579/-767/-767 -580/-769/-769 
f -580/-769/-769 -581/-771/-771 -582/-774/-774 
f -583/-775/-775 -578/-765/-765 -579/-767/-767 
f -579/-767/-767 -582/-774/-774 -583/-775/-775 
f -576/-761/-761 -577/-763/-763 -578/-765/-765 
f -578/-765/-765 -583/-775/-775 -576/-761/-761 
f -575/-759/-759 -574/-758/-758 -573/-757/-757 
f -573/-757/-757 -572/-756/-756 -575/-759/-759 
f -575/-759/-759 -572/-756/-756 -571/-755/-755 
f -571/-755/-755 -570/-754/-754 -575/-759/-759 
f -575/-759/-759 -570/-754/-754 -569/-753/-753 
f -569/-753/-753 -568/-752/-752 -575/-759/-759 
f -575/-759/-759 -568/-752/-752 -567/-751/-751 
f -567/-751/-751 -574/-758/-758 -575/-759/-759 
f -574/-758/-758 -566/-750/-750 -565/-749/-749 
f -565/-749/-749 -573/-757/-757 -574/-758/-758 
f -573/-757/-757 -565/-749/-749 -564/-748/-748 
f -564/-748/-748 -572/-756/-756 -573/-757/-757 
f -572/-756/-756 -564/-748/-748 -563/-747/-747 
f -563/-747/-747 -571/-755/-755 -572/-756/-756 
f -571/-755/-755 -563/-747/-747 -562/-746/-746 
f -562/-746/-746 -570/-754/-754 -571/-755/-755 
f -570/-754/-754 -562/-746/-746 -561/-745/-745 
f -561/-745/-745 -569/-753/-753 -570/-754/-754 
f -569/-753/-753 -561/-745/-745 -560/-744/-744 
f -560/-744/-744 -568/-752/-752 -569/-753/-753 
f -568/-752/-752 -560/-744/-744 -559/-743/-743 
f -559/-743/-743 -567/-751/-751 -568/-752/-752 
f -567/-751/-751 -559/-743/-743 -566/-750/-750 
f -566/-750/-750 -574/-758/-758 -567/-751/-751 
f -558/-742/-742 -557/-741/-741 -565/-740/-740 
f -565/-740/-740 -566/-739/-739 -558/-742/-742 
f -557/-741/-741 -556/-738/-738 -564/-737/-737 
f -564/-737/-737 -565/-740/-740 -557/-741/-741 
f -556/-738/-738 -555/-736/-736 -563/-735/-735 
f -563/-735/-735 -564/-737/-737 -556/-738/-738 
f -555/-736/-736 -554/-734/-734 -562/-733/-733 
f -562/-733/-733 -563/-735/-735 -555/-736/-736 
f -554/-734/-734 -553/-732/-732 -561/-731/-731 
f -561/-731/-731 -562/-733/-733 -554/-734/-734 
f -553/-732/-732 -552/-730/-730 -560/-729/-729 
f -560/-729/-729 -561/-731/-731 -553/-732/-732 
f -552/-730/-730 -551/-728/-728 -559/-727/-727 
f -559/-727/-727 -560/-729/-729 -552/-730/-730 
f -551/-728/-728 -558/-742/-742 -566/-739/-739 
f -566/-739/-739 -559/-727/-727 -551/-728/-728 
f -557/-741/-741 -554/-734/-734 -555/-736/-736 
f -555/-736/-736 -556/-738/-738 -557/-741/-741 
f -558/-742/-742 -553/-732/-732 -554/-734/-734 
f -554/-734/-734 -557/-741/-741 -558/-742/-742 
f -551/-728/-728 -552/-730/-730 -553/-732/-732 
f -553/-732/-732 -558/-742/-742 -551/-728/-728 
f -550/-726/-726 -549/-725/-725 -548/-724/-724 
f -548/-724/-724 -547/-723/-723 -550/-726/-726 
f -550/-726/-726 -547/-723/-723 -546/-722/-722 
f -546/-722/-722 -545/-721/-721 -550/-726/-726 
f -550/-726/-726 -545/-721/-721 -544/-720/-720 
f -544/-720/-720 -543/-719/-719 -550/-726/-726 
f -550/-726/-726 -543/-719/-719 -542/-718/-718 
f -542/-718/-718 -549/-725/-725 -550/-726/-726 
f -549/-725/-725 -541/-717/-717 -540/-716/-716 
f -540/-716/-716 -548/-724/-724 -549/-725/-725 
f -548/-724/-724 -540/-716/-716 -539/-715/-715 
f -539/-715/-715 -547/-723/-723 -548/-724/-724 
f -547/-723/-723 -539/-715/-715 -538/-714/-714 
f -538/-714/-714 -546/-722/-722 -547/-723/-723 
f -546/-722/-722 -538/-714/-714 -537/-713/-713 
f -537/-713/-713 -545/-721/-721 -546/-722/-722 
f -545/-721/-721 -537/-713/-713 -536/-712/-712 
f -536/-712/-712 -544/-720/-720 -545/-721/-721 
f -544/-720/-720 -536/-712/-712 -535/-711/-711 
f -535/-711/-711 -543/-719/-719 -544/-720/-720 
f -543/-719/-719 -535/-711/-711 -534/-710/-710 
f -534/-710/-710 -542/-718/-718 -543/-719/-719 
f -542/-718/-718 -534/-710/-710 -541/-717/-717 
f -541/-717/-717 -549/-725/-725 -542/-718/-718 
f -533/-709/-709 -532/-708/-708 -540/-707/-707 
f -540/-707/-707 -541/-706/-706 -533/-709/-709 
f -532/-708/-708 -531/-705/-705 -539/-704/-704 
f -539/-704/-704 -540/-707/-707 -532/-708/-708 
f -531/-705/-705 -530/-703/-703 -538/-702/-702 
f -538/-702/-702 -539/-704/-704 -531/-705/-705 
f -530/-703/-703 -529/-701/-701 -537/-700/-700 
f -537/-700/-700 -538/-702/-702 -530/-703/-703 
f -529/-701/-701 -528/-699/-699 -536/-698/-698 
f -536/-698/-698 -537/-700/-700 -529/-701/-701 
f -528/-699/-699 -527/-697/-697 -535/-696/-696 
f -535/-696/-696 -536/-698/-698 -528/-699/-699 
f -527/-697/-697 -526/-695/-695 -534/-694/-694 
f -534/-694/-694 -535/-696/-696 -527/-697/-697 
f -526/-695/-695 -533/-709/-709 -541/-706/-706 
f -541/-706/-706 -534/-694/-694 -526/-695/-695 
f -532/-708/-708 -529/-701/-701 -530/-703/-703 
f -530/-703/-703 -531/-705/-705 -532/-708/-708 
f -533/-709/-709 -528/-699/-699 -529/-701/-701 
f -529/-701/-701 -532/-708/-708 -533/-709/-709 
f -526/-695/-695 -527/-697/-697 -528/-699/-699 
f -528/-699/-699 -533/-709/-709 -526/-695/-695 
f -525/-693/-693 -524/-692/-692 -523/-691/-691 
f -523/-691/-691 -522/-690/-690 -525/-693/-693 
f -525/-693/-693 -522/-690/-690 -521/-689/-689 
f -521/-689/-689 -520/-688/-688 -525/-693/-693 
f -525/-693/-693 -520/-688/-688 -519/-687/-687 
f -519/-687/-687 -518/-686/-686 -525/-693/-693 
f -525/-693/-693 -518/-686/-686 -517/-685/-685 
f -517/-685/-685 -524/-692/-692 -525/-693/-693 
f -524/-692/-692 -516/-684/-684 -515/-683/-683 
f -515/-683/-683 -523/-691/-691 -524/-692/-692 
f -523/-691/-691 -515/-683/-683 -514/-682/-682 
f -514/-682/-682 -522/-690/-690 -523/-691/-691 
f -522/-690/-690 -514/-682/-682 -513/-681/-681 
f -513/-681/-681 -521/-689/-689 -522/-690/-690 
f -521/-689/-689 -513/-681/-681 -512/-680/-680 
f -512/-680/-680 -520/-688/-688 -521/-689/-689 
f -520/-688/-688 -512/-680/-680 -511/-679/-679 
f -511/-679/-679 -519/-687/-687 -520/-688/-688 
f -519/-687/-687 -511/-679/-679 -510/-678/-678 
f -510/-678/-678 -518/-686/-686 -519/-687/-687 
f -518/-686/-686 -510/-678/-678 -509/-677/-677 
f -509/-677/-677 -517/-685/-685 -518/-686/-686 
f -517/-685/-685 -509/-677/-677 -516/-684/-684 
f -516/-684/-684 -524/-692/-692 -517/-685/-685 
f -508/-676/-676 -507/-675/-675 -515/-674/-674 
f -515/-674/-674 -516/-673/-673 -508/-676/-676 
f -507/-675/-675 -506/-672/-672 -514/-671/-671 
f -514/-671/-671 -515/-674/-674 -507/-675/-675 
f -506/-672/-672 -505/-670/-670 -513/-669/-669 
f -513/-669/-669 -514/-671/-671 -506/-672/-672 
f -505/-670/-670 -504/-668/-668 -512/-667/-667 
f -512/-667/-667 -513/-669/-669 -505/-670/-670 
f -504/-668/-668 -503/-666/-666 -511/-665/-665 
f -511/-665/-665 -512/-667/-667 -504/-668/-668 
f -503/-666/-666 -502/-664/-664 -510/-663/-663 
f -510/-663/-663 -511/-665/-665 -503/-666/-666 
f -502/-664/-664 -501/-662/-662 -509/-661/-661 
f -509/-661/-661 -510/-663/-663 -502/-664/-664 
f -501/-662/-662 -508/-676/-676 -516/-673/-673 
f -516/-673/-673 -509/-661/-661 -501/-662/-662 
f -507/-675/-675 -504/-668/-668 -505/-670/-670 
f -505/-670/-670 -506/-672/-672 -507/-675/-675 
f -508/-676/-676 -503/-666/-666 -504/-668/-668 
f -504/-668/-668 -507/-675/-675 -508/-676/-676 
f -501/-662/-662 -502/-664/-664 -503/-666/-666 
f -503/-666/-666 -508/-676/-676 -501/-662/-662 
f -500/-660/-660 -499/-659/-659 -498/-658/-658 
f -498/-658/-658 -497/-657/-657 -500/-660/-660 
f -500/-660/-660 -497/-657/-657 -496/-656/-656 
f -496/-656/-656 -495/-655/-655 -500/-660/-660 
f -500/-660/-660 -495/-655/-655 -494/-654/-654 
f -494/-654/-654 -493/-653/-653 -500/-660/-660 
f -500/-660/-660 -493/-653/-653 -492/-652/-652 
f -492/-652/-652 -499/-659/-659 -500/-660/-660 
f -499/-659/-659 -491/-651/-651 -490/-650/-650 
f -490/-650/-650 -498/-658/-658 -499/-659/-659 
f -498/-658/-658 -490/-650/-650 -489/-649/-649 
f -489/-649/-649 -497/-657/-657 -498/-658/-658 
f -497/-657/-657 -489/-649/-649 -488/-648/-648 
f -488/-648/-648 -496/-656/-656 -497/-657/-657 
f -496/-656/-656 -488/-648/-648 -487/-647/-647 
f -487/-647/-647 -495/-655/-655 -496/-656/-656 
f -495/-655/-655 -487/-647/-647 -486/-646/-646 
f -486/-646/-646 -494/-654/-654 -495/-655/-655 
f -494/-654/-654 -486/-646/-646 -485/-645/-645 
f -485/-645/-645 -493/-653/-653 -494/-654/-654 
f -493/-653/-653 -485/-645/-645 -484/-644/-644 
f -484/-644/-644 -492/-652/-652 -493/-653/-653 
f -492/-652/-652 -484/-644/-644 -491/-651/-651 
f -491/-651/-651 -499/-659/-659 -492/-652/-652 
f -483/-643/-643 -482/-642/-642 -490/-641/-641 
f -490/-641/-641 -491/-640/-640 -483/-643/-643 
f -482/-642/-642 -481/-639/-639 -489/-638/-638 
f -489/-638/-638 -490/-641/-641 -482/-642/-642 
f -481/-639/-639 -480/-637/-637 -488/-636/-636 
f -488/-636/-636 -489/-638/-638 -481/-639/-639 
f -480/-637/-637 -479/-635/-635 -487/-634/-634 
f -487/-634/-634 -488/-636/-636 -480/-637/-637 
f -479/-635/-635 -478/-633/-633 -486/-632/-632 
f -486/-632/-632 -487/-634/-634 -479/-635/-635 
f -478/-633/-633 -477/-631/-631 -485/-630/-630 
f -485/-630/-630 -486/-632/-632 -478/-633/-633 
f -477/-631/-631 -476/-629/-629 -484/-628/-628 
f -484/-628/-628 -485/-630/-630 -477/-631/-631 
f -476/-629/-629 -483/-643/-643 -491/-640/-640 
f -491/-640/-640 -484/-628/-628 -476/-629/-629 
f -482/-642/-642 -479/-635/-635 -480/-637/-637 
f -480/-637/-637 -481/-639/-639 -482/-642/-642 
f -483/-643/-643 -478/-633/-633 -479/-635/-635 
f -479/-635/-635 -482/-642/-642 -483/-643/-643 
f -476/-629/-629 -477/-631/-631 -478/-633/-633 
f -478/-633/-633 -483/-643/-643 -476/-629/-629 
f -475/-627/-627 -474/-626/-626 -473/-625/-625 
f -473/-625/-625 -472/-624/-624 -475/-627/-627 
f -475/-627/-627 -472/-624/-624 -471/-623/-623 
f -471/-623/-623 -470/-622/-622 -475/-627/-627 
f -475/-627/-627 -470/-622/-622 -469/-621/-621 
f -469/-621/-621 -468/-620/-620 -475/-627/-627 
f -475/-627/-627 -468/-620/-620 -467/-619/-619 
f -467/-619/-619 -474/-626/-626 -475/-627/-627 
f -474/-626/-626 -466/-618/-618 -465/-617/-617 
f -465/-617/-617 -473/-625/-625 -474/-626/-626 
f -473/-625/-625 -465/-617/-617 -464/-616/-616 
f -464/-616/-616 -472/-624/-624 -473/-625/-625 
f -472/-624/-624 -464/-616/-616 -463/-615/-615 
f -463/-615/-615 -471/-623/-623 -472/-624/-624 
f -471/-623/-623 -463/-615/-615 -462/-614/-614 
f -462/-614/-614 -470/-622/-622 -471/-623/-623 
f -470/-622/-622 -462/-614/-614 -461/-613/-613 
f -461/-613/-613 -469/-621/-621 -470/-622/-622 
f -469/-621/-621 -461/-613/-613 -460/-612/-612 
f -460/-612/-612 -468/-620/-620 -469/-621/-621 
f -468/-620/-620 -460/-612/-612 -459/-611/-611 
f -459/-611/-611 -467/-619/-619 -468/-620/-620 
f -467/-619/-619 -459/-611/-611 -466/-618/-618 
f -466/-618/-618 -474/-626/-626 -467/-619/-619 
f -458/-610/-610 -457/-609/-609 -465/-608/-608 
f -465/-608/-608 -466/-607/-607 -458/-610/-610 
f -457/-609/-609 -456/-606/-606 -464/-605/-605 
f -464/-605/-605 -465/-608/-608 -457/-609/-609 
f -456/-606/-606 -455/-604/-604 -463/-603/-603 
f -463/-603/-603 -464/-605/-605 -456/-606/-606 
f -455/-604/-604 -454/-602/-602 -462/-601/-601 
f -462/-601/-601 -463/-603/-603 -455/-604/-604 
f -454/-602/-602 -453/-600/-600 -461/-599/-599 
f -461/-599/-599 -462/-601/-601 -454/-602/-602 
f -453/-600/-600 -452/-598/-598 -460/-597/-597 
f -460/-597/-597 -461/-599/-599 -453/-600/-600 
f -452/-598/-598 -451/-596/-596 -459/-595/-595 
f -459/-595/-595 -460/-597/-597 -452/-598/-598 
f -451/-596/-596 -458/-610/-610 -466/-607/-607 
f -466/-607/-607 -459/-595/-595 -451/-596/-596 
f -457/-609/-609 -454/-602/-602 -455/-604/-604 
f -455/-604/-604 -456/-606/-606 -457/-609/-609 
f -458/-610/-610 -453/-600/-600 -454/-602/-602 
f -454/-602/-602 -457/-609/-609 -458/-610/-610 
f -451/-596/-596 -452/-598/-598 -453/-600/-600 
f -453/-600/-600 -458/-610/-610 -451/-596/-596 
f -450/-594/-594 -449/-593/-593 -448/-592/-592 
f -448/-592/-592 -447/-591/-591 -450/-594/-594 
f -450/-594/-594 -447/-591/-591 -446/-590/-590 
f -446/-590/-590 -445/-589/-589 -450/-594/-594 
f -450/-594/-594 -445/-589/-589 -444/-588/-588 
f -444/-588/-588 -443/-587/-587 -450/-594/-594 
f -450/-594/-594 -443/-587/-587 -442/-586/-586 
f -442/-586/-586 -449/-593/-593 -450/-594/-594 
f -449/-593/-593 -441/-585/-585 -440/-584/-584 
f -440/-584/-584 -448/-592/-592 -449/-593/-593 
f -448/-592/-592 -440/-584/-584 -439/-583/-583 
f -439/-583/-583 -447/-591/-591 -448/-592/-592 
f -447/-591/-591 -439/-583/-583 -438/-582/-582 
f -438/-582/-582 -446/-590/-590 -447/-591/-591 
f -446/-590/-590 -438/-582/-582 -437/-581/-581 
f -437/-581/-581 -445/-589/-589 -446/-590/-590 
f -445/-589/-589 -437/-581/-581 -436/-580/-580 
f -436/-580/-580 -444/-588/-588 -445/-589/-589 
f -444/-588/-588 -436/-580/-580 -435/-579/-579 
f -435/-579/-579 -443/-587/-587 -444/-588/-588 
f -443/-587/-587 -435/-579/-579 -434/-578/-578 
f -434/-578/-578 -442/-586/-586 -443/-587/-587 
f -442/-586/-586 -434/-578/-578 -441/-585/-585 
f -441/-585/-585 -449/-593/-593 -442/-586/-586 
f -433/-577/-577 -432/-576/-576 -440/-575/-575 
f -440/-575/-575 -441/-574/-574 -433/-577/-577 
f -432/-576/-576 -431/-573/-573 -439/-572/-572 
f -439/-572/-572 -440/-575/-575 -432/-576/-576 
f -431/-573/-573 -430/-571/-571 -438/-570/-570 
f -438/-570/-570 -439/-572/-572 -431/-573/-573 
f -430/-571/-571 -429/-569/-569 -437/-568/-568 
f -437/-568/-568 -438/-570/-570 -430/-571/-571 
f -429/-569/-569 -428/-567/-567 -436/-566/-566 
f -436/-566/-566 -437/-568/-568 -429/-569/-569 
f -428/-567/-567 -427/-565/-565 -435/-564/-564 
f -435/-564/-564 -436/-566/-566 -428/-567/-567 
f -427/-565/-565 -426/-563/-563 -434/-562/-562 
f -434/-562/-562 -435/-564/-564 -427/-565/-565 
f -426/-563/-563 -433/-577/-577 -441/-574/-574 
f -441/-574/-574 -434/-562/-562 -426/-563/-563 
f -432/-576/-576 -429/-569/-569 -430/-571/-571 
f -430/-571/-571 -431/-573/-573 -432/-576/-576 
f -433/-577/-577 -428/-567/-567 -429/-569/-569 
f -429/-569/-569 -432/-576/-576 -433/-577/-577 
f -426/-563/-563 -427/-565/-565 -428/-567/-567 
f -428/-567/-567 -433/-577/-577 -426/-563/-563 
f -425/-561/-561 -424/-560/-560 -423/-559/-559 
f -423/-559/-559 -422/-558/-558 -425/-561/-561 
f -425/-561/-561 -422/-558/-558 -421/-557/-557 
f -421/-557/-557 -420/-556/-556 -425/-561/-561 
f -425/-561/-561 -420/-556/-556 -419/-555/-555 
f -419/-555/-555 -418/-554/-554 -425/-561/-561 
f -425/-561/-561 -418/-554/-554 -417/-553/-553 
f -417/-553/-553 -424/-560/-560 -425/-561/-561 
f -424/-560/-560 -416/-552/-552 -415/-551/-551 
f -415/-551/-551 -423/-559/-559 -424/-560/-560 
f -423/-559/-559 -415/-551/-551 -414/-550/-550 
f -414/-550/-550 -422/-558/-558 -423/-559/-559 
f -422/-558/-558 -414/-550/-550 -413/-549/-549 
f -413/-549/-549 -421/-557/-557 -422/-558/-558 
f -421/-557/-557 -413/-549/-549 -412/-548/-548 
f -412/-548/-548 -420/-556/-556 -421/-557/-557 
f -420/-556/-556 -412/-548/-548 -411/-547/-547 
f -411/-547/-547 -419/-555/-555 -420/-556/-556 
f -419/-555/-555 -411/-547/-547 -410/-546/-546 
f -410/-546/-546 -418/-554/-554 -419/-555/-555 
f -418/-554/-554 -410/-546/-546 -409/-545/-545 
f -409/-545/-545 -417/-553/-553 -418/-554/-554 
f -417/-553/-553 -409/-545/-545 -416/-552/-552 
f -416/-552/-552 -424/-560/-560 -417/-553/-553 
f -408/-544/-544 -407/-543/-543 -415/-542/-542 
f -415/-542/-542 -416/-541/-541 -408/-544/-544 
f -407/-543/-543 -406/-540/-540 -414/-539/-539 
f -414/-539/-539 -415/-542/-542 -407/-543/-543 
f -406/-540/-540 -405/-538/-538 -413/-537/-537 
f -413/-537/-537 -414/-539/-539 -406/-540/-540 
f -405/-538/-538 -404/-536/-536 -412/-535/-535 
f -412/-535/-535 -413/-537/-537 -405/-538/-538 
f -404/-536/-536 -403/-534/-534 -411/-533/-533 
f -411/-533/-533 -412/-535/-535 -404/-536/-536 
f -403/-534/-534 -402/-532/-532 -410/-531/-531 
f -410/-531/-531 -411/-533/-533 -403/-534/-534 
f -402/-532/-532 -401/-530/-530 -409/-529/-529 
f -409/-529/-529 -410/-531/-531 -402/-532/-532 
f -401/-530/-530 -408/-544/-544 -416/-541/-541 
f -416/-541/-541 -409/-529/-529 -401/-530/-530 
f -407/-543/-543 -404/-536/-536 -405/-538/-538 
f -405/-538/-538 -406/-540/-540 -407/-543/-543 
f -408/-544/-544 -403/-534/-534 -404/-536/-536 
f -404/-536/-536 -407/-543/-543 -408/-544/-544 
f -401/-530/-530 -402/-532/-532 -403/-534/-534 
f -403/-534/-534 -408/-544/-544 -401/-530/-530 
f -400/-528/-528 -399/-527/-527 -398/-526/-526 
f -398/-526/-526 -397/-525/-525 -400/-528/-528 
f -400/-528/-528 -397/-525/-525 -396/-524/-524 
f -396/-524/-524 -395/-523/-523 -400/-528/-528 
f -400/-528/-528 -395/-523/-523 -394/-522/-522 
f -394/-522/-522 -393/-521/-521 -400/-528/-528 
f -400/-528/-528 -393/-521/-521 -392/-520/-520 
f -392/-520/-520 -399/-527/-527 -400/-528/-528 
f -399/-527/-527 -391/-519/-519 -390/-518/-518 
f -390/-518/-518 -398/-526/-526 -399/-527/-527 
f -398/-526/-526 -390/-518/-518 -389/-517/-517 
f -389/-517/-517 -397/-525/-525 -398/-526/-526 
f -397/-525/-525 -389/-517/-517 -388/-516/-516 
f -388/-516/-516 -396/-524/-524 -397/-525/-525 
f -396/-524/-524 -388/-516/-516 -387/-515/-515 
f -387/-515/-515 -395/-523/-523 -396/-524/-524 
f -395/-523/-523 -387/-515/-515 -386/-514/-514 
f -386/-514/-514 -394/-522/-522 -395/-523/-523 
f -394/-522/-522 -386/-514/-514 -385/-513/-513 
f -385/-513/-513 -393/-521/-521 -394/-522/-522 
f -393/-521/-521 -385/-513/-513 -384/-512/-512 
f -384/-512/-512 -392/-520/-520 -393/-521/-521 
f -392/-520/-520 -384/-512/-512 -391/-519/-519 
f -391/-519/-519 -399/-527/-527 -392/-520/-520 
f -383/-511/-511 -382/-510/-510 -390/-509/-509 
f -390/-509/-509 -391/-508/-508 -383/-511/-511 
f -382/-510/-510 -381/-507/-507 -389/-506/-506 
f -389/-506/-506 -390/-509/-509 -382/-510/-510 
f -381/-507/-507 -380/-505/-505 -388/-504/-504 
f -388/-504/-504 -389/-506/-506 -381/-507/-507 
f -380/-505/-505 -379/-503/-503 -387/-502/-502 
f -387/-502/-502 -388/-504/-504 -380/-505/-505 
f -379/-503/-503 -378/-501/-501 -386/-500/-500 
f -386/-500/-500 -387/-502/-502 -379/-503/-503 
f -378/-501/-501 -377/-499/-499 -385/-498/-498 
f -385/-498/-498 -386/-500/-500 -378/-501/-501 
f -377/-499/-499 -376/-497/-497 -384/-496/-496 
f -384/-496/-496 -385/-498/-498 -377/-499/-499 
f -376/-497/-497 -383/-511/-511 -391/-508/-508 
f -391/-508/-508 -384/-496/-496 -376/-497/-497 
f -382/-510/-510 -379/-503/-503 -380/-505/-505 
f -380/-505/-505 -381/-507/-507 -382/-510/-510 
f -383/-511/-511 -378/-501/-501 -379/-503/-503 
f -379/-503/-503 -382/-510/-510 -383/-511/-511 
f -376/-497/-497 -377/-499/-499 -378/-501/-501 
f -378/-501/-501 -383/-511/-511 -376/-497/-497 
f -375/-495/-495 -374/-494/-494 -373/-493/-493 
f -373/-493/-493 -372/-492/-492 -375/-495/-495 
f -375/-495/-495 -372/-492/-492 -371/-491/-491 
f -371/-491/-491 -370/-490/-490 -375/-495/-495 
f -375/-495/-495 -370/-490/-490 -369/-489/-489 
f -369/-489/-489 -368/-488/-488 -375/-495/-495 
f -375/-495/-495 -368/-488/-488 -367/-487/-487 
f -367/-487/-487 -374/-494/-494 -375/-495/-495 
f -374/-494/-494 -366/-486/-486 -365/-485/-485 
f -365/-485/-485 -373/-493/-493 -374/-494/-494 
f -373/-493/-493 -365/-485/-485 -364/-484/-484 
f -364/-484/-484 -372/-492/-492 -373/-493/-493 
f -372/-492/-492 -364/-484/-484 -363/-483/-483 
f -363/-483/-483 -371/-491/-491 -372/-492/-492 
f -371/-491/-491 -363/-483/-483 -362/-482/-482 
f -362/-482/-482 -370/-490/-490 -371/-491/-491 
f -370/-490/-490 -362/-482/-482 -361/-481/-481 
f -361/-481/-481 -369/-489/-489 -370/-490/-490 
f -369/-489/-489 -361/-481/-481 -360/-480/-480 
f -360/-480/-480 -368/-488/-488 -369/-489/-489 
f -368/-488/-488 -360/-480/-480 -359/-479/-479 
f -359/-479/-479 -367/-487/-487 -368/-488/-488 
f -367/-487/-487 -359/-479/-479 -366/-486/-486 
f -366/-486/-486 -374/-494/-494 -367/-487/-487 
f -358/-478/-478 -357/-477/-477 -365/-476/-476 
f -365/-476/-476 -366/-475/-475 -358/-478/-478 
f -357/-477/-477 -356/-474/-474 -364/-473/-473 
f -364/-473/-473 -365/-476/-476 -357/-477/-477 
f -356/-474/-474 -355/-472/-472 -363/-471/-471 
f -363/-471/-471 -364/-473/-473 -356/-474/-474 
f -355/-472/-472 -354/-470/-470 -362/-469/-469 
f -362/-469/-469 -363/-471/-471 -355/-472/-472 
f -354/-470/-470 -353/-468/-468 -361/-467/-467 
f -361/-467/-467 -362/-469/-469 -354/-470/-470 
f -353/-468/-468 -352/-466/-466 -360/-465/-465 
f -360/-465/-465 -361/-467/-467 -353/-468/-468 
f -352/-466/-466 -351/-464/-464 -359/-463/-463 
f -359/-463/-463 -360/-465/-465 -352/-466/-466 
f -351/-464/-464 -358/-478/-478 -366/-475/-475 
f -366/-475/-475 -359/-463/-463 -351/-464/-464 
f -357/-477/-477 -354/-470/-470 -355/-472/-472 
f -355/-472/-472 -356/-474/-474 -357/-477/-477 
f -358/-478/-478 -353/-468/-468 -354/-470/-470 
f -354/-470/-470 -357/-477/-477 -358/-478/-478 
f -351/-464/-464 -352/-466/-466 -353/-468/-468 
f -353/-468/-468 -358/-478/-478 -351/-464/-464 
f -350/-462/-462 -349/-461/-461 -348/-460/-460 
f -348/-460/-460 -347/-459/-459 -350/-462/-462 
f -350/-462/-462 -347/-459/-459 -346/-458/-458 
f -346/-458/-458 -345/-457/-457 -350/-462/-462 
f -350/-462/-462 -345/-457/-457 -344/-456/-456 
f -344/-456/-456 -343/-455/-455 -350/-462/-462 
f -350/-462/-462 -343/-455/-455 -342/-454/-454 
f -342/-454/-454 -349/-461/-461 -350/-462/-462 
f -349/-461/-461 -341/-453/-453 -340/-452/-452 
f -340/-452/-452 -348/-460/-460 -349/-461/-461 
f -348/-460/-460 -340/-452/-452 -339/-451/-451 
f -339/-451/-451 -347/-459/-459 -348/-460/-460 
f -347/-459/-459 -339/-451/-451 -338/-450/-450 
f -338/-450/-450 -346/-458/-458 -347/-459/-459 
f -346/-458/-458 -338/-450/-450 -337/-449/-449 
f -337/-449/-449 -345/-457/-457 -346/-458/-458 
f -345/-457/-457 -337/-449/-449 -336/-448/-448 
f -336/-448/-448 -344/-456/-456 -345/-457/-457 
f -344/-456/-456 -336/-448/-448 -335/-447/-447 
f -335/-447/-447 -343/-455/-455 -344/-456/-456 
f -343/-455/-455 -335/-447/-447 -334/-446/-446 
f -334/-446/-446 -342/-454/-454 -343/-455/-455 
f -342/-454/-454 -334/-446/-446 -341/-453/-453 
f -341/-453/-453 -349/-461/-461 -342/-454/-454 
f -333/-445/-445 -332/-444/-444 -340/-443/-443 
f -340/-443/-443 -341/-442/-442 -333/-445/-445 
f -332/-444/-444 -331/-441/-441 -339/-440/-440 
f -339/-440/-440 -340/-443/-443 -332/-444/-444 
f -331/-441/-441 -330/-439/-439 -338/-438/-438 
f -338/-438/-438 -339/-440/-440 -331/-441/-441 
f -330/-439/-439 -329/-437/-437 -337/-436/-436 
f -337/-436/-436 -338/-438/-438 -330/-439/-439 
f -329/-437/-437 -328/-435/-435 -336/-434/-434 
f -336/-434/-434 -337/-436/-436 -329/-437/-437 
f -328/-435/-435 -327/-433/-433 -335/-432/-432 
f -335/-432/-432 -336/-434/-434 -328/-435/-435 
f -327/-433/-433 -326/-431/-431 -334/-430/-430 
f -334/-430/-430 -335/-432/-432 -327/-433/-433 
f -326/-431/-431 -333/-445/-445 -341/-442/-442 
f -341/-442/-442 -334/-430/-430 -326/-431/-431 
f -332/-444/-444 -329/-437/-437 -330/-439/-439 
f -330/-439/-439 -331/-441/-441 -332/-444/-444 
f -333/-445/-445 -328/-435/-435 -329/-437/-437 
f -329/-437/-437 -332/-444/-444 -333/-445/-445 
f -326/-431/-431 -327/-433/-433 -328/-435/-435 
f -328/-435/-435 -333/-445/-445 -326/-431/-431 
f -325/-429/-429 -324/-428/-428 -323/-427/-427 
f -323/-427/-427 -322/-426/-426 -325/-429/-429 
f -325/-429/-429 -322/-426/-426 -321/-425/-425 
f -321/-425/-425 -320/-424/-424 -325/-429/-429 
f -325/-429/-429 -320/-424/-424 -319/-423/-423 
f -319/-423/-423 -318/-422/-422 -325/-429/-429 
f -325/-429/-429 -318/-422/-422 -317/-421/-421 
f -317/-421/-421 -324/-428/-428 -325/-429/-429 
f -324/-428/-428 -316/-420/-420 -315/-419/-419 
f -315/-419/-419 -323/-427/-427 -324/-428/-428 
f -323/-427/-427 -315/-419/-419 -314/-418/-418 
f -314/-418/-418 -322/-426/-426 -323/-427/-427 
f -322/-426/-426 -314/-418/-418 -313/-417/-417 
f -313/-417/-417 -321/-425/-425 -322/-426/-426 
f -321/-425/-425 -313/-417/-417 -312/-416/-416 
f -312/-416/-416 -320/-424/-424 -321/-425/-425 
f -320/-424/-424 -312/-416/-416 -311/-415/-415 
f -311/-415/-415 -319/-423/-423 -320/-424/-424 
f -319/-423/-423 -311/-415/-415 -310/-414/-414 
f -310/-414/-414 -318/-422/-422 -319/-423/-423 
f -318/-422/-422 -310/-414/-414 -309/-413/-413 
f -309/-413/-413 -317/-421/-421 -318/-422/-422 
f -317/-421/-421 -309/-413/-413 -316/-420/-420 
f -316/-420/-420 -324/-428/-428 -317/-421/-421 
f -308/-412/-412 -307/-411/-411 -315/-410/-410 
f -315/-410/-410 -316/-409/-409 -308/-412/-412 
f -307/-411/-411 -306/-408/-408 -314/-407/-407 
f -314/-407/-407 -315/-410/-410 -307/-411/-411 
f -306/-408/-408 -305/-406/-406 -313/-405/-405 
f -313/-405/-405 -314/-407/-407 -306/-408/-408 
f -305/-406/-406 -304/-404/-404 -312/-403/-403 
f -312/-403/-403 -313/-405/-405 -305/-406/-406 
f -304/-404/-404 -303/-402/-402 -311/-401/-401 
f -311/-401/-401 -312/-403/-403 -304/-404/-404 
f -303/-402/-402 -302/-400/-400 -310/-399/-399 
f -310/-399/-399 -311/-401/-401 -303/-402/-402 
f -302/-400/-400 -301/-398/-398 -309/-397/-397 
f -309/-397/-397 -310/-399/-399 -302/-400/-400 
f -301/-398/-398 -308/-412/-412 -316/-409/-409 
f -316/-409/-409 -309/-397/-397 -301/-398/-398 
f -307/-411/-411 -304/-404/-404 -305/-406/-406 
f -305/-406/-406 -306/-408/-408 -307/-411/-411 
f -308/-412/-412 -303/-402/-402 -304/-404/-404 
f -304/-404/-404 -307/-411/-411 -308/-412/-412 
f -301/-398/-398 -302/-400/-400 -303/-402/-402 
f -303/-402/-402 -308/-412/-412 -301/-398/-398 
f -300/-396/-396 -299/-395/-395 -298/-394/-394 
f -298/-394/-394 -297/-393/-393 -300/-396/-396 
f -300/-396/-396 -297/-393/-393 -296/-392/-392 
f -296/-392/-392 -295/-391/-391 -300/-396/-396 
f -300/-396/-396 -295/-391/-391 -294/-390/-390 
f -294/-390/-390 -293/-389/-389 -300/-396/-396 
f -300/-396/-396 -293/-389/-389 -292/-388/-388 
f -292/-388/-388 -299/-395/-395 -300/-396/-396 
f -299/-395/-395 -291/-387/-387 -290/-386/-386 
f -290/-386/-386 -298/-394/-394 -299/-395/-395 
f -298/-394/-394 -290/-386/-386 -289/-385/-385 
f -289/-385/-385 -297/-393/-393 -298/-394/-394 
f -297/-393/-393 -289/-385/-385 -288/-384/-384 
f -288/-384/-384 -296/-392/-392 -297/-393/-393 
f -296/-392/-392 -288/-384/-384 -287/-383/-383 
f -287/-383/-383 -295/-391/-391 -296/-392/-392 
f -295/-391/-391 -287/-383/-383 -286/-382/-382 
f -286/-382/-382 -294/-390/-390 -295/-391/-391 
f -294/-390/-390 -286/-382/-382 -285/-381/-381 
f -285/-381/-381 -293/-389/-389 -294/-390/-390 
f -293/-389/-389 -285/-381/-381 -284/-380/-380 
f -284/-380/-380 -292/-388/-388 -293/-389/-389 
f -292/-388/-388 -284/-380/-380 -291/-387/-387 
f -291/-387/-387 -299/-395/-395 -292/-388/-388 
f -283/-379/-379 -282/-378/-378 -290/-377/-377 
f -290/-377/-377 -291/-376/-376 -283/-379/-379 
f -282/-378/-378 -281/-375/-375 -289/-374/-374 
f -289/-374/-374 -290/-377/-377 -282/-378/-378 
f -281/-375/-375 -280/-373/-373 -288/-372/-372 
f -288/-372/-372 -289/-374/-374 -281/-375/-375 
f -280/-373/-373 -279/-371/-371 -287/-370/-370 
f -287/-370/-370 -288/-372/-372 -280/-373/-373 
f -279/-371/-371 -278/-369/-369 -286/-368/-368 
f -286/-368/-368 -287/-370/-370 -279/-371/-371 
f -278/-369/-369 -277/-367/-367 -285/-366/-366 
f -285/-366/-366 -286/-368/-368 -278/-369/-369 
f -277/-367/-367 -276/-365/-365 -284/-364/-364 
f -284/-364/-364 -285/-366/-366 -277/-367/-367 
f -276/-365/-365 -283/-379/-379 -291/-376/-376 
f -291/-376/-376 -284/-364/-364 -276/-365/-365 
f -282/-378/-378 -279/-371/-371 -280/-373/-373 
f -280/-373/-373 -281/-375/-375 -282/-378/-378 
f -283/-379/-379 -278/-369/-369 -279/-371/-371 
f -279/-371/-371 -282/-378/-378 -283/-379/-379 
f -276/-365/-365 -277/-367/-367 -278/-369/-369 
f -278/-369/-369 -283/-379/-379 -276/-365/-365 
f -275/-363/-363 -274/-362/-362 -273/-361/-361 
f -273/-361/-361 -272/-360/-360 -275/-363/-363 
f -275/-363/-363 -272/-360/-360 -271/-359/-359 
f -271/-359/-359 -270/-358/-358 -275/-363/-363 
f -275/-363/-363 -270/-358/-358 -269/-357/-357 
f -269/-357/-357 -268/-356/-356 -275/-363/-363 
f -275/-363/-363 -268/-356/-356 -267/-355/-355 
f -267/-355/-355 -274/-362/-362 -275/-363/-363 
f -274/-362/-362 -266/-354/-354 -265/-353/-353 
f -265/-353/-353 -273/-361/-361 -274/-362/-362 
f -273/-361/-361 -265/-353/-353 -264/-352/-352 
f -264/-352/-352 -272/-360/-360 -273/-361/-361 
f -272/-360/-360 -264/-352/-352 -263/-351/-351 
f -263/-351/-351 -271/-359/-359 -272/-360/-360 
f -271/-359/-359 -263/-351/-351 -262/-350/-350 
f -262/-350/-350 -270/-358/-358 -271/-359/-359 
f -270/-358/-358 -262/-350/-350 -261/-349/-349 
f -261/-349/-349 -269/-357/-357 -270/-358/-358 
f -269/-357/-357 -261/-349/-349 -260/-348/-348 
f -260/-348/-348 -268/-356/-356 -269/-357/-357 
f -268/-356/-356 -260/-348/-348 -259/-347/-347 
f -259/-347/-347 -267/-355/-355 -268/-356/-356 
f -267/-355/-355 -259/-347/-347 -266/-354/-354 
f -266/-354/-354 -274/-362/-362 -267/-355/-355 
f -258/-346/-346 -257/-345/-345 -265/-344/-344 
f -265/-344/-344 -266/-343/-343 -258/-346/-346 
f -257/-345/-345 -256/-342/-342 -264/-341/-341 
f -264/-341/-341 -265/-344/-344 -257/-345/-345 
f -256/-342/-342 -255/-340/-340 -263/-339/-339 
f -263/-339/-339 -264/-341/-341 -256/-342/-342 
f -255/-340/-340 -254/-338/-338 -262/-337/-337 
f -262/-337/-337 -263/-339/-339 -255/-340/-340 
f -254/-338/-338 -253/-336/-336 -261/-335/-335 
f -261/-335/-335 -262/-337/-337 -254/-338/-338 
f -253/-336/-336 -252/-334/-334 -260/-333/-333 
f -260/-333/-333 -261/-335/-335 -253/-336/-336 
f -252/-334/-334 -251/-332/-332 -259/-331/-331 
f -259/-331/-331 -260/-333/-333 -252/-334/-334 
f -251/-332/-332 -258/-346/-346 -266/-343/-343 
f -266/-343/-343 -259/-331/-331 -251/-332/-332 
f -257/-345/-345 -254/-338/-338 -255/-340/-340 
f -255/-340/-340 -256/-342/-342 -257/-345/-345 
f -258/-346/-346 -253/-336/-336 -254/-338/-338 
f -254/-338/-338 -257/-345/-345 -258/-346/-346 
f -251/-332/-332 -252/-334/-334 -253/-336/-336 
f -253/-336/-336 -258/-346/-346 -251/-332/-332 
f -250/-330/-330 -249/-329/-329 -248/-328/-328 
f -248/-328/-328 -247/-327/-327 -250/-330/-330 
f -250/-330/-330 -247/-327/-327 -246/-326/-326 
f -246/-326/-326 -245/-325/-325 -250/-330/-330 
f -250/-330/-330 -245/-325/-325 -244/-324/-324 
f -244/-324/-324 -243/-323/-323 -250/-330/-330 
f -250/-330/-330 -243/-323/-323 -242/-322/-322 
f -242/-322/-322 -249/-329/-329 -250/-330/-330 
f -249/-329/-329 -241/-321/-321 -240/-320/-320 
f -240/-320/-320 -248/-328/-328 -249/-329/-329 
f -248/-328/-328 -240/-320/-320 -239/-319/-319 
f -239/-319/-319 -247/-327/-327 -248/-328/-328 
f -247/-327/-327 -239/-319/-319 -238/-318/-318 
f -238/-318/-318 -246/-326/-326 -247/-327/-327 
f -246/-326/-326 -238/-318/-318 -237/-317/-317 
f -237/-317/-317 -245/-325/-325 -246/-326/-326 
f -245/-325/-325 -237/-317/-317 -236/-316/-316 
f -236/-316/-316 -244/-324/-324 -245/-325/-325 
f -244/-324/-324 -236/-316/-316 -235/-315/-315 
f -235/-315/-315 -243/-323/-323 -244/-324/-324 
f -243/-323/-323 -235/-315/-315 -234/-314/-314 
f -234/-314/-314 -242/-322/-322 -243/-323/-323 
f -242/-322/-322 -234/-314/-314 -241/-321/-321 
f -241/-321/-321 -249/-329/-329 -242/-322/-322 
f -233/-313/-313 -232/-312/-312 -240/-311/-311 
f -240/-311/-311 -241/-310/-310 -233/-313/-313 
f -232/-312/-312 -231/-309/-309 -239/-308/-308 
f -239/-308/-308 -240/-311/-311 -232/-312/-312 
f -231/-309/-309 -230/-307/-307 -238/-306/-306 
f -238/-306/-306 -239/-308/-308 -231/-309/-309 
f -230/-307/-307 -229/-305/-305 -237/-304/-304 
f -237/-304/-304 -238/-306/-306 -230/-307/-307 
f -229/-305/-305 -228/-303/-303 -236/-302/-302 
f -236/-302/-302 -237/-304/-304 -229/-305/-305 
f -228/-303/-303 -227/-301/-301 -235/-300/-300 
f -235/-300/-300 -236/-302/-302 -228/-303/-303 
f -227/-301/-301 -226/-299/-299 -234/-298/-298 
f -234/-298/-298 -235/-300/-300 -227/-301/-301 
f -226/-299/-299 -233/-313/-313 -241/-310/-310 
f -241/-310/-310 -234/-298/-298 -226/-299/-299 
f -232/-312/-312 -229/-305/-305 -230/-307/-307 
f -230/-307/-307 -231/-309/-309 -232/-312/-312 
f -233/-313/-313 -228/-303/-303 -229/-305/-305 
f -229/-305/-305 -232/-312/-312 -233/-313/-313 
f -226/-299/-299 -227/-301/-301 -228/-303/-303 
f -228/-303/-303 -233/-313/-313 -226/-299/-299 
f -225/-297/-297 -224/-296/-296 -223/-295/-295 
f -223/-295/-295 -222/-294/-294 -225/-297/-297 
f -225/-297/-297 -222/-294/-294 -221/-293/-293 
f -221/-293/-293 -220/-292/-292 -225/-297/-297 
f -225/-297/-297 -220/-292/-292 -219/-291/-291 
f -219/-291/-291 -218/-290/-290 -225/-297/-297 
f -225/-297/-297 -218/-290/-290 -217/-289/-289 
f -217/-289/-289 -224/-296/-296 -225/-297/-297 
f -224/-296/-296 -216/-288/-288 -215/-287/-287 
f -215/-287/-287 -223/-295/-295 -224/-296/-296 
f -223/-295/-295 -215/-287/-287 -214/-286/-286 
f -214/-286/-286 -222/-294/-294 -223/-295/-295 
f -222/-294/-294 -214/-286/-286 -213/-285/-285 
f -213/-285/-285 -221/-293/-293 -222/-294/-294 
f -221/-293/-293 -213/-285/-285 -212/-284/-284 
f -212/-284/-284 -220/-292/-292 -221/-293/-293 
f -220/-292/-292 -212/-284/-284 -211/-283/-283 
f -211/-283/-283 -219/-291/-291 -220/-292/-292 
f -219/-291/-291 -211/-283/-283 -210/-282/-282 
f -210/-282/-282 -218/-290/-290 -219/-291/-291 
f -218/-290/-290 -210/-282/-282 -209/-281/-281 
f -209/-281/-281 -217/-289/-289 -218/-290/-290 
f -217/-289/-289 -209/-281/-281 -216/-288/-288 
f -216/-288/-288 -224/-296/-296 -217/-289/-289 
f -208/-280/-280 -207/-279/-279 -215/-278/-278 
f -215/-278/-278 -216/-277/-277 -208/-280/-280 
f -207/-279/-279 -206/-276/-276 -214/-275/-275 
f -214/-275/-275 -215/-278/-278 -207/-279/-279 
f -206/-276/-276 -205/-274/-274 -213/-273/-273 
f -213/-273/-273 -214/-275/-275 -206/-276/-276 
f -205/-274/-274 -204/-272/-272 -212/-271/-271 
f -212/-271/-271 -213/-273/-273 -205/-274/-274 
f -204/-272/-272 -203/-270/-270 -211/-269/-269 
f -211/-269/-269 -212/-271/-271 -204/-272/-272 
f -203/-270/-270 -202/-268/-268 -210/-267/-267 
f -210/-267/-267 -211/-269/-269 -203/-270/-270 
f -202/-268/-268 -201/-266/-266 -209/-265/-265 
f -209/-265/-265 -210/-267/-267 -202/-268/-268 
f -201/-266/-266 -208/-280/-280 -216/-277/-277 
f -216/-277/-277 -209/-265/-265 -201/-266/-266 
f -207/-279/-279 -204/-272/-272 -205/-274/-274 
f -205/-274/-274 -206/-276/-276 -207/-279/-279 
f -208/-280/-280 -203/-270/-270 -204/-272/-272 
f -204/-272/-272 -207/-279/-279 -208/-280/-280 
f -201/-266/-266 -202/-268/-268 -203/-270/-270 
f -203/-270/-270 -208/-280/-280 -201/-266/-266 
f -200/-264/-264 -199/-263/-263 -198/-262/-262 
f -198/-262/-262 -197/-261/-261 -200/-264/-264 
f -200/-264/-264 -197/-261/-261 -196/-260/-260 
f -196/-260/-260 -195/-259/-259 -200/-264/-264 
f -200/-264/-264 -195/-259/-259 -194/-258/-258 
f -194/-258/-258 -193/-257/-257 -200/-264/-264 
f -200/-264/-264 -193/-257/-257 -192/-256/-256 
f -192/-256/-256 -199/-263/-263 -200/-264/-264 
f -199/-263/-263 -191/-255/-255 -190/-254/-254 
f -190/-254/-254 -198/-262/-262 -199/-263/-263 
f -198/-262/-262 -190/-254/-254 -189/-253/-253 
f -189/-253/-253 -197/-261/-261 -198/-262/-262 
f -197/-261/-261 -189/-253/-253 -188/-252/-252 
f -188/-252/-252 -196/-260/-260 -197/-261/-261 
f -196/-260/-260 -188/-252/-252 -187/-251/-251 
f -187/-251/-251 -195/-259/-259 -196/-260/-260 
f -195/-259/-259 -187/-251/-251 -186/-250/-250 
f -186/-250/-250 -194/-258/-258 -195/-259/-259 
f -194/-258/-258 -186/-250/-250 -185/-249/-249 
f -185/-249/-249 -193/-257/-257 -194/-258/-258 
f -193/-257/-257 -185/-249/-249 -184/-248/-248 
f -184/-248/-248 -192/-256/-256 -193/-257/-257 
f -192/-256/-256 -184/-248/-248 -191/-255/-255 
f -191/-255/-255 -199/-263/-263 -192/-256/-256 
f -183/-247/-247 -182/-246/-246 -190/-245/-245 
f -190/-245/-245 -191/-244/-244 -183/-247/-247 
f -182/-246/-246 -181/-243/-243 -189/-242/-242 
f -189/-242/-242 -190/-245/-245 -182/-246/-246 
f -181/-243/-243 -180/-241/-241 -188/-240/-240 
f -188/-240/-240 -189/-242/-242 -181/-243/-243 
f -180/-241/-241 -179/-239/-239 -187/-238/-238 
f -187/-238/-238 -188/-240/-240 -180/-241/-241 
f -179/-239/-239 -178/-237/-237 -186/-236/-236 
f -186/-236/-236 -187/-238/-238 -179/-239/-239 
f -178/-237/-237 -177/-235/-235 -185/-234/-234 
f -185/-234/-234 -186/-236/-236 -178/-237/-237 
f -177/-235/-235 -176/-233/-233 -184/-232/-232 
f -184/-232/-232 -185/-234/-234 -177/-235/-235 
f -176/-233/-233 -183/-247/-247 -191/-244/-244 
f -191/-244/-244 -184/-232/-232 -176/-233/-233 
f -182/-246/-246 -179/-239/-239 -180/-241/-241 
f -180/-241/-241 -181/-243/-243 -182/-246/-246 
f -183/-247/-247 -178/-237/-237 -179/-239/-239 
f -179/-239/-239 -182/-246/-246 -183/-247/-247 
f -176/-233/-233 -177/-235/-235 -178/-237/-237 
f -178/-237/-237 -183/-247/-247 -176/-233/-233 
f -175/-231/-231 -174/-230/-230 -173/-229/-229 
f -173/-229/-229 -172/-228/-228 -175/-231/-231 
f -175/-231/-231 -172/-228/-228 -171/-227/-227 
f -171/-227/-227 -170/-226/-226 -175/-231/-231 
f -175/-231/-231 -170/-226/-226 -169/-225/-225 
f -169/-225/-225 -168/-224/-224 -175/-231/-231 
f -175/-231/-231 -168/-224/-224 -167/-223/-223 
f -167/-223/-223 -174/-230/-230 -175/-231/-231 
f -174/-230/-230 -166/-222/-222 -165/-221/-221 
f -165/-221/-221 -173/-229/-229 -174/-230/-230 
f -173/-229/-229 -165/-221/-221 -164/-220/-220 
f -164/-220/-220 -172/-228/-228 -173/-229/-229 
f -172/-228/-228 -164/-220/-220 -163/-219/-219 
f -163/-219/-219 -171/-227/-227 -172/-228/-228 
f -171/-227/-227 -163/-219/-219 -162/-218/-218 
f -162/-218/-218 -170/-226/-226 -171/-227/-227 
f -170/-226/-226 -162/-218/-218 -161/-217/-217 
f -161/-217/-217 -169/-225/-225 -170/-226/-226 
f -169/-225/-225 -161/-217/-217 -160/-216/-216 
f -160/-216/-216 -168/-224/-224 -169/-225/-225 
f -168/-224/-224 -160/-216/-216 -159/-215/-215 
f -159/-215/-215 -167/-223/-223 -168/-224/-224 
f -167/-223/-223 -159/-215/-215 -166/-222/-222 
f -166/-222/-222 -174/-230/-230 -167/-223/-223 
f -158/-214/-214 -157/-213/-213 -165/-212/-212 
f -165/-212/-212 -166/-211/-211 -158/-214/-214 
f -157/-213/-213 -156/-210/-210 -164/-209/-209 
f -164/-209/-209 -165/-212/-212 -157/-213/-213 
f -156/-210/-210 -155/-208/-208 -163/-207/-207 
f -163/-207/-207 -164/-209/-209 -156/-210/-210 
f -155/-208/-208 -154/-206/-206 -162/-205/-205 
f -162/-205/-205 -163/-207/-207 -155/-208/-208 
f -154/-206/-206 -153/-204/-204 -161/-203/-203 
f -161/-203/-203 -162/-205/-205 -154/-206/-206 
f -153/-204/-204 -152/-202/-202 -160/-201/-201 
f -160/-201/-201 -161/-203/-203 -153/-204/-204 
f -152/-202/-202 -151/-200/-200 -159/-199/-199 
f -159/-199/-199 -160/-201/-201 -152/-202/-202 
f -151/-200/-200 -158/-214/-214 -166/-211/-211 
f -166/-211/-211 -159/-199/-199 -151/-200/-200 
f -157/-213/-213 -154/-206/-206 -155/-208/-208 
f -155/-208/-208 -156/-210/-210 -157/-213/-213 
f -158/-214/-214 -153/-204/-204 -154/-206/-206 
f -154/-206/-206 -157/-213/-213 -158/-214/-214 
f -151/-200/-200 -152/-202/-202 -153/-204/-204 
f -153/-204/-204 -158/-214/-214 -151/-200/-200 
f -150/-198/-198 -149/-197/-197 -148/-196/-196 
f -148/-196/-196 -147/-195/-195 -150/-198/-198 
f -150/-198/-198 -147/-195/-195 -146/-194/-194 
f -146/-194/-194 -145/-193/-193 -150/-198/-198 
f -150/-198/-198 -145/-193/-193 -144/-192/-192 
f -144/-192/-192 -143/-191/-191 -150/-198/-198 
f -150/-198/-198 -143/-191/-191 -142/-190/-190 
f -142/-190/-190 -149/-197/-197 -150/-198/-198 
f -149/-197/-197 -141/-189/-189 -140/-188/-188 
f -140/-188/-188 -148/-196/-196 -149/-197/-197 
f -148/-196/-196 -140/-188/-188 -139/-187/-187 
f -139/-187/-187 -147/-195/-195 -148/-196/-196 
f -147/-195/-195 -139/-187/-187 -138/-186/-186 
f -138/-186/-186 -146/-194/-194 -147/-195/-195 
f -146/-194/-194 -138/-186/-186 -137/-185/-185 
f -137/-185/-185 -145/-193/-193 -146/-194/-194 
f -145/-193/-193 -137/-185/-185 -136/-184/-184 
f -136/-184/-184 -144/-192/-192 -145/-193/-193 
f -144/-192/-192 -136/-184/-184 -135/-183/-183 
f -135/-183/-183 -143/-191/-191 -144/-192/-192 
f -143/-191/-191 -135/-183/-183 -134/-182/-182 
f -134/-182/-182 -142/-190/-190 -143/-191/-191 
f -142/-190/-190 -134/-182/-182 -141/-189/-189 
f -141/-189/-189 -149/-197/-197 -142/-190/-190 
f -133/-181/-181 -132/-180/-180 -140/-179/-179 
f -140/-179/-179 -141/-178/-178 -133/-181/-181 
f -132/-180/-180 -131/-177/-177 -139/-176/-176 
f -139/-176/-176 -140/-179/-179 -132/-180/-180 
f -131/-177/-177 -130/-175/-175 -138/-174/-174 
f -138/-174/-174 -139/-176/-176 -131/-177/-177 
f -130/-175/-175 -129/-173/-173 -137/-172/-172 
f -137/-172/-172 -138/-174/-174 -130/-175/-175 
f -129/-173/-173 -128/-171/-171 -136/-170/-170 
f -136/-170/-170 -137/-172/-172 -129/-173/-173 
f -128/-171/-171 -127/-169/-169 -135/-168/-168 
f -135/-168/-168 -136/-170/-170 -128/-171/-171 
f -127/-169/-169 -126/-167/-167 -134/-166/-166 
f -134/-166/-166 -135/-168/-168 -127/-169/-169 
f -126/-167/-167 -133/-181/-181 -141/-178/-178 
f -141/-178/-178 -134/-166/-166 -126/-167/-167 
f -132/-180/-180 -129/-173/-173 -130/-175/-175 
f -130/-175/-175 -131/-177/-177 -132/-180/-180 
f -133/-181/-181 -128/-171/-171 -129/-173/-173 
f -129/-173/-173 -132/-180/-180 -133/-181/-181 
f -126/-167/-167 -127/-169/-169 -128/-171/-171 
f -128/-171/-171 -133/-181/-181 -126/-167/-167 
f -125/-165/-165 -124/-164/-164 -123/-163/-163 
f -123/-163/-163 -122/-162/-162 -125/-165/-165 
f -125/-165/-165 -122/-162/-162 -121/-161/-161 
f -121/-161/-161 -120/-160/-160 -125/-165/-165 
f -125/-165/-165 -120/-160/-160 -119/-159/-159 
f -119/-159/-159 -118/-158/-158 -125/-165/-165 
f -125/-165/-165 -118/-158/-158 -117/-157/-157 
f -117/-157/-157 -124/-164/-164 -125/-165/-165 
f -124/-164/-164 -116/-156/-156 -115/-155/-155 
f -115/-155/-155 -123/-163/-163 -124/-164/-164 
f -123/-163/-163 -115/-155/-155 -114/-154/-154 
f -114/-154/-154 -122/-162/-162 -123/-163/-163 
f -122/-162/-162 -114/-154/-154 -113/-153/-153 
f -113/-153/-153 -121/-161/-161 -122/-162/-162 
f -121/-161/-161 -113/-153/-153 -112/-152/-152 
f -112/-152/-152 -120/-160/-160 -121/-161/-161 
f -120/-160/-160 -112/-152/-152 -111/-151/-151 
f -111/-151/-151 -119/-159/-159 -120/-160/-160 
f -119/-159/-159 -111/-151/-151 -110/-150/-150 
f -110/-150/-150 -118/-158/-158 -119/-159/-159 
f -118/-158/-158 -110/-150/-150 -109/-149/-149 
f -109/-149/-149 -117/-157/-157 -118/-158/-158 
f -117/-157/-157 -109/-149/-149 -116/-156/-156 
f -116/-156/-156 -124/-164/-164 -117/-157/-157 
f -108/-148/-148 -107/-147/-147 -115/-146/-146 
f -115/-146/-146 -116/-145/-145 -108/-148/-148 
f -107/-147/-147 -106/-144/-144 -114/-143/-143 
f -114/-143/-143 -115/-146/-146 -107/-147/-147 
f -106/-144/-144 -105/-142/-142 -113/-141/-141 
f -113/-141/-141 -114/-143/-143 -106/-144/-144 
f -105/-142/-142 -104/-140/-140 -112/-139/-139 
f -112/-139/-139 -113/-141/-141 -105/-142/-142 
f -104/-140/-140 -103/-138/-138 -111/-137/-137 
f -111/-137/-137 -112/-139/-139 -104/-140/-140 
f -103/-138/-138 -102/-136/-136 -110/-135/-135 
f -110/-135/-135 -111/-137/-137 -103/-138/-138 
f -102/-136/-136 -101/-134/-134 -109/-133/-133 
f -109/-133/-133 -110/-135/-135 -102/-136/-136 
f -101/-134/-134 -108/-148/-148 -116/-145/-145 
f -116/-145/-145 -109/-133/-133 -101/-134/-134 
f -107/-147/-147 -104/-140/-140 -105/-142/-142 
f -105/-142/-142 -106/-144/-144 -107/-147/-147 
f -108/-148/-148 -103/-138/-138 -104/-140/-140 
f -104/-140/-140 -107/-147/-147 -108/-148/-148 
f -101/-134/-134 -102/-136/-136 -103/-138/-138 
f -103/-138/-138 -108/-148/-148 -101/-134/-134 
f -100/-132/-132 -99/-131/-131 -98/-130/-130 
f -98/-130/-130 -97/-129/-129 -100/-132/-132 
f -100/-132/-132 -97/-129/-129 -96/-128/-128 
f -96/-128/-128 -95/-127/-127 -100/-132/-132 
f -100/-132/-132 -95/-127/-127 -94/-126/-126 
f -94/-126/-126 -93/-125/-125 -100/-132/-132 
f -100/-132/-132 -93/-125/-125 -92/-124/-124 
f -92/-124/-124 -99/-131/-131 -100/-132/-132 
f -99/-131/-131 -91/-123/-123 -90/-122/-122 
f -90/-122/-122 -98/-130/-130 -99/-131/-131 
f -98/-130/-130 -90/-122/-122 -89/-121/-121 
f -89/-121/-121 -97/-129/-129 -98/-130/-130 
f -97/-129/-129 -89/-121/-121 -88/-120/-120 
f -88/-120/-120 -96/-128/-128 -97/-129/-129 
f -96/-128/-128 -88/-120/-120 -87/-119/-119 
f -87/-119/-119 -95/-127/-127 -96/-128/-128 
f -95/-127/-127 -87/-119/-119 -86/-118/-118 
f -86/-118/-118 -94/-126/-126 -95/-127/-127 
f -94/-126/-126 -86/-118/-118 -85/-117/-117 
f -85/-117/-117 -93/-125/-125 -94/-126/-126 
f -93/-125/-125 -85/-117/-117 -84/-116/-116 
f -84/-116/-116 -92/-124/-124 -93/-125/-125 
f -92/-124/-124 -84/-116/-116 -91/-123/-123 
f -91/-123/-123 -99/-131/-131 -92/-124/-124 
f -83/-115/-115 -82/-114/-114 -90/-113/-113 
f -90/-113/-113 -91/-112/-112 -83/-115/-115 
f -82/-114/-114 -81/-111/-111 -89/-110/-110 
f -89/-110/-110 -90/-113/-113 -82/-114/-114 
f -81/-111/-111 -80/-109/-109 -88/-108/-108 
f -88/-108/-108 -89/-110/-110 -81/-111/-111 
f -80/-109/-109 -79/-107/-107 -87/-106/-106 
f -87/-106/-106 -88/-108/-108 -80/-109/-109 
f -79/-107/-107 -78/-105/-105 -86/-104/-104 
f -86/-104/-104 -87/-106/-106 -79/-107/-107 
f -78/-105/-105 -77/-103/-103 -85/-102/-102 
f -85/-102/-102 -86/-104/-104 -78/-105/-105 
f -77/-103/-103 -76/-101/-101 -84/-100/-100 
f -84/-100/-100 -85/-102/-102 -77/-103/-103 
f -76/-101/-101 -83/-115/-115 -91/-112/-112 
f -91/-112/-112 -84/-100/-100 -76/-101/-101 
f -82/-114/-114 -79/-107/-107 -80/-109/-109 
f -80/-109/-109 -81/-111/-111 -82/-114/-114 
f -83/-115/-115 -78/-105/-105 -79/-107/-107 
f -79/-107/-107 -82/-114/-114 -83/-115/-115 
f -76/-101/-101 -77/-103/-103 -78/-105/-105 
f -78/-105/-105 -83/-115/-115 -76/-101/-101 
f -75/-99/-99 -74/-98/-98 -73/-97/-97 
f -73/-97/-97 -72/-96/-96 -75/-99/-99 
f -75/-99/-99 -72/-96/-96 -71/-95/-95 
f -71/-95/-95 -70/-94/-94 -75/-99/-99 
f -75/-99/-99 -70/-94/-94 -69/-93/-93 
f -69/-93/-93 -68/-92/-92 -75/-99/-99 
f -75/-99/-99 -68/-92/-92 -67/-91/-91 
f -67/-91/-91 -74/-98/-98 -75/-99/-99 
f -74/-98/-98 -66/-90/-90 -65/-89/-89 
f -65/-89/-89 -73/-97/-97 -74/-98/-98 
f -73/-97/-97 -65/-89/-89 -64/-88/-88 
f -64/-88/-88 -72/-96/-96 -73/-97/-97 
f -72/-96/-96 -64/-88/-88 -63/-87/-87 
f -63/-87/-87 -71/-95/-95 -72/-96/-96 
f -71/-95/-95 -63/-87/-87 -62/-86/-86 
f -62/-86/-86 -70/-94/-94 -71/-95/-95 
f -70/-94/-94 -62/-86/-86 -61/-85/-85 
f -61/-85/-85 -69/-93/-93 -70/-94/-94 
f -69/-93/-93 -61/-85/-85 -60/-84/-84 
f -60/-84/-84 -68/-92/-92 -69/-93/-93 
f -68/-92/-92 -60/-84/-84 -59/-83/-83 
f -59/-83/-83 -67/-91/-91 -68/-92/-92 
f -67/-91/-91 -59/-83/-83 -66/-90/-90 
f -66/-90/-90 -74/-98/-98 -67/-91/-91 
f -58/-82/-82 -57/-81/-81 -65/-80/-80 
f -65/-80/-80 -66/-79/-79 -58/-82/-82 
f -57/-81/-81 -56/-78/-78 -64/-77/-77 
f -64/-77/-77 -65/-80/-80 -57/-81/-81 
f -56/-78/-78 -55/-76/-76 -63/-75/-75 
f -63/-75/-75 -64/-77/-77 -56/-78/-78 
f -55/-76/-76 -54/-74/-74 -62/-73/-73 
f -62/-73/-73 -63/-75/-75 -55/-76/-76 
f -54/-74/-74 -53/-72/-72 -61/-71/-71 
f -61/-71/-71 -62/-73/-73 -54/-74/-74 
f -53/-72/-72 -52/-70/-70 -60/-69/-69 
f -60/-69/-69 -61/-71/-71 -53/-72/-72 
f -52/-70/-70 -51/-68/-68 -59/-67/-67 
f -59/-67/-67 -60/-69/-69 -52/-70/-70 
f -51/-68/-68 -58/-82/-82 -66/-79/-79 
f -66/-79/-79 -59/-67/-67 -51/-68/-68 
f -57/-81/-81 -54/-74/-74 -55/-76/-76 
f -55/-76/-76 -56/-78/-78 -57/-81/-81 
f -58/-82/-82 -53/-72/-72 -54/-74/-74 
f -54/-74/-74 -57/-81/-81 -58/-82/-82 
f -51/-68/-68 -52/-70/-70 -53/-72/-72 
f -53/-72/-72 -58/-82/-82 -51/-68/-68 
f -50/-66/-66 -49/-65/-65 -48/-64/-64 
f -48/-64/-64 -47/-63/-63 -50/-66/-66 
f -50/-66/-66 -47/-63/-63 -46/-62/-62 
f -46/-62/-62 -45/-61/-61 -50/-66/-66 
f -50/-66/-66 -45/-61/-61 -44/-60/-60 
f -44/-60/-60 -43/-59/-59 -50/-66/-66 
f -50/-66/-66 -43/-59/-59 -42/-58/-58 
f -42/-58/-58 -49/-65/-65 -50/-66/-66 
f -49/-65/-65 -41/-57/-57 -40/-56/-56 
f -40/-56/-56 -48/-64/-64 -49/-65/-65 
f -48/-64/-64 -40/-56/-56 -39/-55/-55 
f -39/-55/-55 -47/-63/-63 -48/-64/-64 
f -47/-63/-63 -39/-55/-55 -38/-54/-54 
f -38/-54/-54 -46/-62/-62 -47/-63/-63 
f -46/-62/-62 -38/-54/-54 -37/-53/-53 
f -37/-53/-53 -45/-61/-61 -46/-62/-62 
f -45/-61/-61 -37/-53/-53 -36/-52/-52 
f -36/-52/-52 -44/-60/-60 -45/-61/-61 
f -44/-60/-60 -36/-52/-52 -35/-51/-51 
f -35/-51/-51 -43/-59/-59 -44/-60/-60 
f -43/-59/-59 -35/-51/-51 -34/-50/-50 
f -34/-50/-50 -42/-58/-58 -43/-59/-59 
f -42/-58/-58 -34/-50/-50 -41/-57/-57 
f -41/-57/-57 -49/-65/-65 -42/-58/-58 
f -33/-49/-49 -32/-48/-48 -40/-47/-47 
f -40/-47/-47 -41/-46/-46 -33/-49/-49 
f -32/-48/-48 -31/-45/-45 -39/-44/-44 
f -39/-44/-44 -40/-47/-47 -32/-48/-48 
f -31/-45/-45 -30/-43/-43 -38/-42/-42 
f -38/-42/-42 -39/-44/-44 -31/-45/-45 
f -30/-43/-43 -29/-41/-41 -37/-40/-40 
f -37/-40/-40 -38/-42/-42 -30/-43/-43 
f -29/-41/-41 -28/-39/-39 -36/-38/-38 
f -36/-38/-38 -37/-40/-40 -29/-41/-41 
f -28/-39/-39 -27/-37/-37 -35/-36/-36 
f -35/-36/-36 -36/-38/-38 -28/-39/-39 
f -27/-37/-37 -26/-35/-35 -34/-34/-34 
f -34/-34/-34 -35/-36/-36 -27/-37/-37 
f -26/-35/-35 -33/-49/-49 -41/-46/-46 
f -41/-46/-46 -34/-34/-34 -26/-35/-35 
f -32/-48/-48 -29/-41/-41 -30/-43/-43 
f -30/-43/-43 -31/-45/-45 -32/-48/-48 
f -33/-49/-49 -28/-39/-39 -29/-41/-41 
f -29/-41/-41 -32/-48/-48 -33/-49/-49 
f -26/-35/-35 -27/-37/-37 -28/-39/-39 
f -28/-39/-39 -33/-49/-49 -26/-35/-35 
f -25/-33/-33 -24/-32/-32 -23/-31/-31 
f -23/-31/-31 -22/-30/-30 -25/-33/-33 
f -25/-33/-33 -22/-30/-30 -21/-29/-29 
f -21/-29/-29 -20/-28/-28 -25/-33/-33 
f -25/-33/-33 -20/-28/-28 -19/-27/-27 
f -19/-27/-27 -18/-26/-26 -25/-33/-33 
f -25/-33/-33 -18/-26/-26 -17/-25/-25 
f -17/-25/-25 -24/-32/-32 -25/-33/-33 
f -24/-32/-32 -16/-24/-24 -15/-23/-23 
f -15/-23/-23 -23/-31/-31 -24/-32/-32 
f -23/-31/-31 -15/-23/-23 -14/-22/-22 
f -14/-22/-22 -22/-30/-30 -23/-31/-31 
f -22/-30/-30 -14/-22/-22 -13/-21/-21 
f -13/-21/-21 -21/-29/-29 -22/-30/-30 
f -21/-29/-29 -13/-21/-21 -12/-20/-20 
f -12/-20/-20 -20/-28/-28 -21/-29/-29 
f -20/-28/-28 -12/-20/-20 -11/-19/-19 
f -11/-19/-19 -19/-27/-27 -20/-28/-28 
f -19/-27/-27 -11/-19/-19 -10/-18/-18 
f -10/-18/-18 -18/-26/-26 -19/-27/-27 
f -18/-26/-26 -10/-18/-18 -9/-17/-17 
f -9/-17/-17 -17/-25/-25 -18/-26/-26 
f -17/-25/-25 -9/-17/-17 -16/-24/-24 
f -16/-24/-24 -24/-32/-32 -17/-25/-25 
f -8/-16/-16 -7/-15/-15 -15/-14/-14 
f -15/-14/-14 -16/-13/-13 -8/-16/-16 
f -7/-15/-15 -6/-12/-12 -14/-11/-11 
f -14/-11/-11 -15/-14/-14 -7/-15/-15 
f -6/-12/-12 -5/-10/-10 -13/-9/-9 
f -13/-9/-9 -14/-11/-11 -6/-12/-12 
f -5/-10/-10 -4/-8/-8 -12/-7/-7 
f -12/-7/-7 -13/-9/-9 -5/-10/-10 
f -4/-8/-8 -3/-6/-6 -11/-5/-5 
f -11/-5/-5 -12/-7/-7 -4/-8/-8 
f -3/-6/-6 -2/-4/-4 -10/-3/-3 
f -10/-3/-3 -11/-5/-5 -3/-6/-6 
f -2/-4/-4 -1/-2/-2 -9/-1/-1 
f -9/-1/-1 -10/-3/-3 -2/-4/-4 
f -1/-2/-2 -8/-16/-16 -16/-13/-13 
f -16/-13/-13 -9/-1/-1 -1/-2/-2 
f -7/-15/-15 -4/-8/-8 -5/-10/-10 
f -5/-10/-10 -6/-12/-12 -7/-15/-15 
f -8/-16/-16 -3/-6/-6 -4/-8/-8 
f -4/-8/-8 -7/-15/-15 -8/-16/-16 
f -1/-2/-2 -2/-4/-4 -3/-6/-6 
f -3/-6/-6 -8/-16/-16 -1/-2/-2 
# 4174 faces

